zone,hour,minute,second,event,baseline_water,support_water,demand_water,baseline_bread,support_bread,demand_bread,baseline_milk,support_milk,demand_milk,baseline_eggs,support_eggs,demand_eggs,baseline_snacks,support_snacks,demand_snacks,baseline_coffee,support_coffee,demand_coffee,baseline_fruits,support_fruits,demand_fruits,baseline_vegetables,support_vegetables,demand_vegetables
Krishnagiri,5.694166666666667,41,39,rain,28.037994978054734,0,25.799040552137445,36.90394139758206,0,35.15566368797656,28.0,0,25.948222226383315,43.91159023305815,0,39.492106937867106,39.092342191470394,32,37.816713449976554,20.0,0,19.647527357491054,18.0,0,16.14948942430229,17.0,0,16.022852487712097
Salem,19.4925,29,33,normal,30.991852204279624,15,34.02147983358955,46.51115891623186,37,49.92125575447891,28.0,0,29.50169321991618,42.795009738268384,0,46.30158080867515,39.490013090154434,3,42.801418370735355,20.0,0,22.20569031200641,18.0,0,19.925853806762774,17.0,0,19.149776132376218
Krishnagiri,20.842222222222222,50,32,normal,34.05454940382103,17,36.05458100000993,39.82084190746941,37,41.20297248219701,28.0,0,29.747829937172398,43.91159023305815,0,46.66133677960524,32.33806041486693,7,35.13477734385579,20.0,0,20.651303892866377,18.0,0,19.681381445965833,17.0,0,18.463447845016336
Trichy,2.547222222222222,32,50,normal,32.479306100110314,13,28.428136279202903,42.755118180850474,24,37.541543540983426,28.0,0,24.800025825001036,43.72134429055531,0,37.92818216902221,40.05433803692343,0,34.781808863405246,20.0,0,17.48053473722877,18.0,0,15.789068969486616,17.0,0,14.467003302728946
Tenkasi,14.944444444444445,56,40,weekend,39.97890079277373,6,39.82939635761186,33.21914342462593,16,32.127390212510505,28.0,0,28.987305530493476,46.84848003316055,60,47.77061127531774,27.704370543179156,1,27.61241873953914,20.0,0,20.329528860113953,18.0,0,19.62474428145932,17.0,0,17.070164460268167
Ooty,21.585277777777776,35,7,normal,33.753341488930886,13,36.94319098031922,46.373995039336926,37,50.309456824204524,28.0,0,29.171428396788123,46.91917691378848,0,50.14656324195318,36.06306576188319,4,39.269667018690065,20.0,0,20.890216872406583,18.0,0,19.28203534551734,17.0,0,18.50197178596478
Bodi,21.699722222222224,41,59,rain,35.24301855846298,0,38.132731386844156,43.08852707983893,0,49.39600445286119,28.0,0,30.22499694633646,46.312237496988104,0,49.305008163442295,45.086517299376204,27,50.857294810805335,20.0,0,23.575892717565914,18.0,0,20.15299764908673,17.0,0,19.135086528134288
Namakkal,23.84638888888889,50,47,normal,46.000408795715074,17,39.82059960527728,47.500537005433976,36,41.760085156419045,28.0,0,24.428289263863178,43.77988940216618,0,38.46030880790129,29.12477557085127,4,25.489695863958115,20.0,0,17.099933725025707,18.0,0,16.503193660278875,17.0,0,15.5449182688162
Perambalur,1.6658333333333333,39,57,weekend,40.759418109477394,5,36.44624244402283,39.31380979747918,23,34.19672743095556,28.0,0,25.237976497739098,42.830884456520046,43,38.58286456979839,19.036711661493786,3,17.299426647181424,20.0,0,18.0616840517693,18.0,0,16.385877406267966,17.0,0,14.89234851035466
Nagercoil,22.519444444444442,31,10,weekend,36.76187015471747,8,32.47922259352739,42.983592760115535,16,37.773326429476604,28.0,0,25.873077831491994,43.54560165478784,44,40.58415046466202,22.49218157320404,4,19.24061498244573,20.0,0,17.12668176774486,18.0,0,16.288328190388576,17.0,0,15.392205452653155
Trichy,23.1725,10,21,weekend,31.29414501445612,6,27.801667593718637,39.572696871602524,8,34.66990212586858,28.0,0,26.29607800703005,43.72134429055531,38,39.912178873782146,40.05433803692343,0,35.022385154833486,20.0,0,17.79494466345368,18.0,0,16.248943700126798,17.0,0,15.641642016984024
Salem,4.344444444444444,20,40,rain,30.46411548521254,0,26.65490386471508,41.07025287760748,0,38.08433503781888,28.0,0,25.670397048138874,42.795009738268384,0,37.98483930459808,42.90399215480497,33,40.25784631550903,20.0,0,18.82706961439766,18.0,0,16.052257873486543,17.0,0,15.84541766962196
Dharmapuri,4.301111111111111,18,4,normal,30.821988115774875,13,26.802810022960227,38.085268435163854,35,34.240575366525036,28.0,0,25.496237706969303,47.03003548747523,0,41.4701326422489,43.79800442850418,5,39.40951389922166,20.0,0,18.013967598033773,18.0,0,16.4158631701558,17.0,0,15.577446734813622
Dindigul,20.958333333333332,57,30,normal,38.50338188034666,17,42.59625145430133,44.630455786187014,44,47.99581295533394,28.0,0,30.183763521425877,39.642402141494664,0,42.74221024142095,26.31908254034386,12,27.994384463565055,20.0,0,21.418337607003682,18.0,0,19.0358713637042,17.0,0,18.484871182702566
Kanyakumari,0.008888888888888889,0,32,normal,40.91867763801298,14,35.76732024317746,41.22047902430772,46,35.87765461133073,28.0,0,24.507073609752595,46.56479008021971,0,39.835259673223746,40.049794546320875,8,34.69503669120562,20.0,0,17.939165599612945,18.0,0,15.46401144230651,17.0,0,14.499207648098013
Dharmapuri,10.174999999999999,10,30,rain,39.52700671836661,0,39.14531968069713,38.715080833617264,0,39.665388711799174,28.0,0,26.787608527402167,47.03003548747523,0,46.510499409878854,40.070630429811445,20,41.84561818317628,20.0,0,20.613430816490887,18.0,0,16.80362976062892,17.0,0,17.856313246955175
Karur,10.313333333333334,18,48,weekend,28.9237264257748,7,28.2354377235302,32.608115607663365,14,32.95317702701636,28.0,0,29.415619763170707,44.75094055807841,51,46.3991201904468,44.679762548690945,0,44.37651107906499,20.0,0,19.924841697980657,18.0,0,18.518984028971488,17.0,0,17.811967605032944
Viluppuram,1.3586111111111112,21,31,normal,32.311841906357756,18,28.489387022272986,42.33646153154534,37,37.3117781558473,28.0,0,24.37926572576009,42.84054514959321,0,37.225365091047664,27.330810800132806,3,23.35101150458273,20.0,0,17.293266335950648,18.0,0,16.137317202551305,17.0,0,14.558463171394248
Salem,10.822777777777777,49,22,weekend,29.93637876614546,8,28.694082074270536,35.6293468389831,15,34.29256563732258,28.0,0,28.371792823881826,42.795009738268384,52,43.33230699409827,32.0154388677313,4,31.16936308655905,20.0,0,19.963425812135736,18.0,0,18.069485467604345,17.0,0,16.872287302625335
Trichy,5.596388888888889,35,47,normal,32.479306100110314,13,30.18809981988052,42.755118180850474,24,39.10481155751572,28.0,0,25.45613324271338,43.72134429055531,0,39.95231156381878,40.05433803692343,0,36.959965724732335,20.0,0,17.814027194944195,18.0,0,17.032664708295872,17.0,0,15.556016034636874
Karur,19.531944444444445,31,55,weekend,28.9237264257748,7,31.692141489752004,32.608115607663365,14,35.19155897035656,28.0,0,31.452467886290748,44.75094055807841,51,50.74757459156859,44.679762548690945,0,47.721129128149634,20.0,0,22.408203961698824,18.0,0,20.383485920206613,17.0,0,19.749979513444234
Dindigul,14.296666666666667,17,48,rain,39.546621018905,0,40.921616097253676,42.5310672795623,0,45.1634343289738,28.0,0,28.78892809159923,39.642402141494664,0,40.08039706043973,39.436185183781845,30,41.8767166358622,20.0,0,20.981914790427297,18.0,0,18.263372617109567,17.0,0,18.201118204306944
Theni,6.530555555555556,31,50,weekend,48.60570847549609,10,51.00476771298402,45.686464883246686,15,48.12646433802748,28.0,0,30.531151411975856,44.20381477073529,45,47.469789990280574,27.297359059343346,1,28.079564508788046,20.0,0,20.644776217315428,18.0,0,19.59205366989241,17.0,0,18.36807783724084
Nagercoil,10.871666666666668,52,18,rain,38.0797699655937,0,37.375906464849024,42.3424347694493,0,43.06073117592181,28.0,0,27.558502721200966,43.54560165478784,0,43.04669277362151,35.29953219912303,24,37.24553247045308,20.0,0,21.127179915815102,18.0,0,17.487999453859413,17.0,0,17.2332969358072
Cumbum,21.82138888888889,49,17,weekend,29.471411633262974,8,31.795775787331426,47.57729861243491,11,50.67194601893541,28.0,0,31.174606245899515,41.388345997514556,43,46.336821370045776,40.83514733104723,2,43.87284986256267,20.0,0,22.038184431952203,18.0,0,19.560748540407566,17.0,0,19.02892866508423
Namakkal,2.7122222222222225,42,44,weekend,32.076010226182866,4,27.736709637541257,43.244467826232395,17,37.06833801029888,28.0,0,25.40090554352852,43.77988940216618,40,39.579850962418014,49.65261377539575,3,43.539373708848494,20.0,0,17.68534444012556,18.0,0,16.643294272289843,17.0,0,15.71647031342864
Kanyakumari,3.874722222222222,52,29,weekend,49.216612829768266,1,42.6522175172022,39.23145357341949,16,33.7139944153683,28.0,0,25.927384335000674,46.56479008021971,54,42.173804360662736,41.863832915295156,0,36.97185234980668,20.0,0,17.47649393122657,18.0,0,16.11020478026683,17.0,0,15.274315599456699
Dharmapuri,7.054722222222222,3,17,rain,39.52700671836661,0,41.41067847482273,38.715080833617264,0,42.04004904019327,28.0,0,29.19273112460425,47.03003548747523,0,48.962159970334696,40.070630429811445,20,43.71442420386629,20.0,0,22.235813634508567,18.0,0,18.06463398134595,17.0,0,18.36547991557017
Salem,19.166944444444447,10,1,weekend,29.93637876614546,8,32.55474292345151,35.6293468389831,15,39.68312738085031,28.0,0,32.37302096354227,42.795009738268384,52,48.03183701804501,32.0154388677313,4,34.71605084496552,20.0,0,21.70826577121505,18.0,0,20.783965435399573,17.0,0,19.8890719016958
Krishnagiri,14.418333333333333,25,6,weekend,22.021440552288443,5,23.08537088267735,33.98704088769471,17,34.4281116835373,28.0,0,29.668938385254613,43.91159023305815,59,45.4990342848029,48.179345098962024,2,48.443328497941046,20.0,0,19.89502530967743,18.0,0,19.566298826781075,17.0,0,17.59103350230096
Perambalur,1.4825000000000002,28,57,rain,39.947734156669284,0,34.24088796339829,40.604214214748886,0,37.980732167898076,28.0,0,25.026158375264178,42.830884456520046,0,38.19904455593859,47.42780520358114,28,43.92877661437338,20.0,0,19.29446948990456,18.0,0,15.75656453412682,17.0,0,16.019875863800976
Dharmapuri,4.246666666666667,14,48,normal,30.821988115774875,13,26.78578096401386,38.085268435163854,35,34.26205021545237,28.0,0,25.26998209073255,47.03003548747523,0,42.25495459531986,43.79800442850418,5,38.304396376260726,20.0,0,17.94250575117398,18.0,0,16.33138380937311,17.0,0,14.67275276433663
Coimbatore,17.770833333333332,46,15,weekend,43.767768157330956,5,42.54404376216514,39.566282936927436,19,39.41103390409055,28.0,0,29.392336221653487,43.85765828683595,66,44.66938810645691,40.68923477348823,3,40.83879756126461,20.0,0,19.586986012352213,18.0,0,18.231465090531206,17.0,0,18.168995664275407
Virudhunagar,8.217222222222222,13,2,rain,44.350793481000736,0,46.05213121118257,39.17951110800057,0,42.93154802237674,28.0,0,29.769270031799376,40.43468399020969,0,42.61257685519191,36.442483195672004,35,40.304005081685624,20.0,0,21.59090184995347,18.0,0,18.718917326523446,17.0,0,19.025003826341212
Pudukottai,8.94888888888889,56,56,normal,40.17823385325815,17,41.34780626781244,42.63016247598119,46,44.74237065940846,28.0,0,28.902909630965542,47.052339145013335,0,48.46941659247718,26.472202597790183,3,27.76158242485758,20.0,0,21.667447585511766,18.0,0,18.827503467613518,17.0,0,18.378023366090762
Viluppuram,1.4841666666666666,29,3,normal,32.311841906357756,18,28.268927527258388,42.33646153154534,37,37.586757826306616,28.0,0,25.6482946457036,42.84054514959321,0,37.92594745651297,27.330810800132806,3,23.69865944037523,20.0,0,18.13240213728394,18.0,0,15.734672405401312,17.0,0,15.188785075604681
Viluppuram,19.00583333333333,0,21,weekend,34.90452850109481,5,37.26836527246972,35.84218079539566,16,37.21042767142229,28.0,0,30.883375446891655,42.84054514959321,47,48.424558860578735,33.81871210393652,3,36.13322747848224,20.0,0,21.314778068402344,18.0,0,19.09698287313313,17.0,0,18.29318255277111
Virudhunagar,20.752777777777776,45,10,rain,44.350793481000736,0,48.185136293224566,39.17951110800057,0,43.35785245093818,28.0,0,29.648407764238776,40.43468399020969,0,44.02623763595313,36.442483195672004,35,41.85602014636529,20.0,0,22.98899546606983,18.0,0,19.858283732933756,17.0,0,18.280024614584203
Namakkal,17.296944444444446,17,49,weekend,32.076010226182866,4,31.93613096896153,43.244467826232395,17,43.03322433346542,28.0,0,30.37333098883729,43.77988940216618,40,45.79955601999882,49.65261377539575,3,50.19883925929925,20.0,0,20.065907402860216,18.0,0,19.195880220847858,17.0,0,18.694260621956815
Tirunelveli,16.130555555555556,7,50,normal,39.624756883282366,19,39.11171372185901,38.380917836502896,36,38.49763884458606,28.0,0,29.207025409124675,42.33256633042416,0,42.35519918616857,44.56365019926856,7,44.639008934659074,20.0,0,19.74531551499616,18.0,0,18.721457854119308,17.0,0,17.05578138945895
Trichy,20.37777777777778,22,40,normal,32.479306100110314,13,35.18869999203053,42.755118180850474,24,46.63774427074073,28.0,0,30.221617007189447,43.72134429055531,0,46.61937499531136,40.05433803692343,0,43.341184751917126,20.0,0,21.579905600375053,18.0,0,18.809171094763173,17.0,0,18.408086230380253
Namakkal,2.824444444444444,49,28,normal,46.000408795715074,17,39.858793248366176,47.500537005433976,36,41.62285811094196,28.0,0,23.79858495374289,43.77988940216618,0,37.78178965773233,29.12477557085127,4,24.877350455005033,20.0,0,17.93385778580152,18.0,0,15.561619319074222,17.0,0,14.353747315242448
Trichy,20.235555555555557,14,8,normal,32.479306100110314,13,35.78806031686561,42.755118180850474,24,47.359985117905175,28.0,0,29.72575717857096,43.72134429055531,0,48.59529969001553,40.05433803692343,0,43.77255273277477,20.0,0,22.46305088069594,18.0,0,18.79707168827107,17.0,0,18.73249455043948
Madurai,21.84361111111111,50,37,normal,48.966707744846985,17,52.952714375456644,42.86713061014949,38,46.29490133668862,28.0,0,30.129223046039872,49.76319964741091,0,53.211563573463906,26.79408785599537,2,28.805105568806145,20.0,0,20.96312995721269,18.0,0,19.088437422957607,17.0,0,18.165471887181937
Ramanadhapuram,0.29388888888888887,17,38,rain,38.663502020988375,0,34.36206393845632,46.168240212269,0,42.37014104162281,28.0,0,25.080974152698033,47.605870671869134,0,42.122780610713875,42.24953654856638,22,39.38861630516286,20.0,0,18.519985380232647,18.0,0,15.817777392987399,17.0,0,15.407262314260107
Trichy,14.645,38,42,rain,31.886725557283217,0,30.942524122163185,41.163907526226495,0,42.90099743199884,28.0,0,28.263675732862687,43.72134429055531,0,43.694922239850136,40.05433803692343,23,41.61010298904514,20.0,0,19.977107533843213,18.0,0,18.155174165248926,17.0,0,17.75037535376514
Tenkasi,5.345833333333333,20,45,rain,37.54459048558374,0,35.19812744897291,38.936052625740416,0,38.39774626524134,28.0,0,24.73543901949071,46.84848003316055,0,44.25394915711078,43.719207655035106,20,42.88488117421509,20.0,0,20.594980494322023,18.0,0,16.35136709301828,17.0,0,15.770665919267474
Tirunelveli,19.37638888888889,22,35,normal,39.624756883282366,19,42.9257267744695,38.380917836502896,36,41.24621651686834,28.0,0,30.632348832664018,42.33256633042416,0,45.096779713166555,44.56365019926856,7,48.63495986835182,20.0,0,21.66513916285126,18.0,0,19.38607908571313,17.0,0,17.66098800913388
Ooty,18.352777777777778,21,10,weekend,23.42485009104321,7,25.67191994444503,42.15278264391995,13,46.53246637613754,28.0,0,31.520533075624908,46.91917691378848,45,53.60490765132712,49.23476274080344,2,53.35669777406712,20.0,0,21.582416920567784,18.0,0,20.20429103469873,17.0,0,18.824200274228698
Viluppuram,19.06361111111111,3,49,normal,32.311841906357756,18,34.934154325809764,42.33646153154534,37,45.38310711137437,28.0,0,30.078898256256927,42.84054514959321,0,46.53006862903541,27.330810800132806,3,29.442805062576234,20.0,0,22.234534448234438,18.0,0,19.64976672604528,17.0,0,18.253370709105706
Coimbatore,14.525,31,30,weekend,43.767768157330956,5,43.36440606043336,39.566282936927436,19,39.51219910842631,28.0,0,27.966787387329127,43.85765828683595,66,45.27149129449351,40.68923477348823,3,41.30170410402629,20.0,0,19.918775669383596,18.0,0,18.618790604172435,17.0,0,17.802208022327104
Namakkal,17.4225,25,21,weekend,32.076010226182866,4,31.927646930160847,43.244467826232395,17,43.28960462722404,28.0,0,29.14869644731687,43.77988940216618,40,46.35696047517022,49.65261377539575,3,48.44948069517462,20.0,0,19.59848814152843,18.0,0,18.749743239521127,17.0,0,17.217229373427024
Perambalur,10.826666666666666,49,36,rain,39.947734156669284,0,37.975864312337706,40.604214214748886,0,41.91570698513639,28.0,0,27.19182499957118,42.830884456520046,0,41.28746429834622,47.42780520358114,28,48.94480384493828,20.0,0,20.707917883709456,18.0,0,17.51806728803143,17.0,0,17.55730553722343
Perambalur,22.403333333333332,24,12,weekend,40.759418109477394,5,36.27294320211968,39.31380979747918,23,35.28701619182116,28.0,0,26.36026739031196,42.830884456520046,43,38.968097353722065,19.036711661493786,3,16.291616894106035,20.0,0,18.3016627174728,18.0,0,16.724447469830558,17.0,0,15.576939037622486
Kanyakumari,9.495277777777776,29,43,normal,40.91867763801298,14,42.936629968296785,41.22047902430772,46,42.495674709644746,28.0,0,29.380072318022453,46.56479008021971,0,48.083621179821414,40.049794546320875,8,41.03409724430311,20.0,0,20.63900120549374,18.0,0,18.75737757471165,17.0,0,16.833932330011685
Tirunelveli,4.720555555555555,43,14,normal,39.624756883282366,19,34.122418374864665,38.380917836502896,36,34.11932930678628,28.0,0,23.894680462689266,42.33256633042416,0,37.20605912185821,44.56365019926856,7,39.56401266703615,20.0,0,17.383499700852294,18.0,0,15.147034048454794,17.0,0,13.93626487762883
Pudukottai,23.22138888888889,13,17,rain,39.01988715770722,0,34.135266322850065,40.46523697096036,0,37.21350360321471,28.0,0,25.22651745877315,47.052339145013335,0,41.99519160180012,38.27290797059502,23,35.10131016184715,20.0,0,18.358871714219212,18.0,0,15.56830617143228,17.0,0,16.641204177629653
Virudhunagar,8.726111111111111,43,34,normal,40.22809075568417,9,40.732976748681544,44.41962434322648,37,44.6522565093548,28.0,0,28.60871710413963,40.43468399020969,0,40.84396799097631,29.218368644243697,9,30.218939555978963,20.0,0,21.19024984777865,18.0,0,19.26969994798266,17.0,0,17.45319069191923
Karur,13.474722222222223,28,29,normal,35.06662939339528,11,34.521124437833286,42.8568280809084,38,41.505541987064255,28.0,0,27.47628758254469,44.75094055807841,0,43.582504763891194,46.32712388343816,6,45.44904377966326,20.0,0,19.57669831102879,18.0,0,16.188332954728704,17.0,0,16.675520259276826
Tenkasi,14.015555555555556,0,56,weekend,39.97890079277373,6,40.76173075959908,33.21914342462593,16,34.09407319295646,28.0,0,29.506553488190285,46.84848003316055,60,49.95305260010342,27.704370543179156,1,27.69585787892368,20.0,0,19.37499188601602,18.0,0,19.29653955635209,17.0,0,16.949541425859646
Kanyakumari,0.8966666666666666,53,48,weekend,49.216612829768266,1,42.78591621363717,39.23145357341949,16,34.281710035017085,28.0,0,25.023405005687902,46.56479008021971,54,41.85737848647244,41.863832915295156,0,37.00541426927983,20.0,0,17.288605069841637,18.0,0,16.060251096208045,17.0,0,15.131411858836366
Nagercoil,22.47833333333333,28,42,rain,38.0797699655937,0,33.31847177710553,42.3424347694493,0,39.63928225933937,28.0,0,24.198452176536417,43.54560165478784,0,38.50501801697768,35.29953219912303,24,33.64667782378658,20.0,0,18.57649709468505,18.0,0,15.494478909479616,17.0,0,15.896139898223302
Chennai,10.403333333333334,24,12,weekend,38.07906527215725,6,37.46336979859954,41.16424113198611,15,40.4664245754846,28.0,0,28.812214068638305,46.755116111988286,55,47.764630911411224,25.222384006616462,2,24.83455263582863,20.0,0,20.598738607582877,18.0,0,18.41127336876646,17.0,0,17.64676230449369
Perambalur,7.073055555555555,4,23,normal,39.13605020386118,20,40.675811655331024,41.89461863201859,28,44.05448646641163,28.0,0,28.734583580849854,42.830884456520046,0,43.77214701213227,31.96351280649583,5,33.06990035699956,20.0,0,20.0725047487357,18.0,0,18.718934494827295,17.0,0,17.321553237483343
Tenkasi,8.703888888888889,42,14,weekend,39.97890079277373,6,40.417924311351456,33.21914342462593,16,33.99608483483358,28.0,0,29.440695428750676,46.84848003316055,60,50.161595891651025,27.704370543179156,1,28.935287040995426,20.0,0,20.59480466443143,18.0,0,19.645405813351704,17.0,0,18.259210583982288
Viluppuram,22.942777777777778,56,34,rain,33.60818520372628,0,30.17094243164435,39.0893211634705,0,35.44578510616199,28.0,0,25.187078321395376,42.84054514959321,0,37.17626512817866,34.04026235129214,24,30.760319997034866,20.0,0,19.064693183111963,18.0,0,16.31994223029846,17.0,0,15.150637225261157
Karur,13.108055555555556,6,29,rain,31.99517790958504,0,31.53584624949404,37.73247184428588,0,38.97336598647331,28.0,0,26.491631866484163,44.75094055807841,0,43.49691347895704,43.03240121394373,28,44.81686286444151,20.0,0,20.613087591557214,18.0,0,17.000152406285387,17.0,0,18.550944228757714
Karur,22.961111111111112,57,40,normal,35.06662939339528,11,30.391159421207476,42.8568280809084,38,37.36416605882284,28.0,0,24.23107530195106,44.75094055807841,0,39.236808003803965,46.32712388343816,6,41.09692408336925,20.0,0,17.643887251669845,18.0,0,16.232525215559598,17.0,0,14.591388967778935
Nagercoil,7.8225,49,21,rain,38.0797699655937,0,39.22542611035379,42.3424347694493,0,45.532892289098925,28.0,0,28.949524546049275,43.54560165478784,0,44.869208788776774,35.29953219912303,24,38.268646727573,20.0,0,21.181619130221776,18.0,0,18.54937404949862,17.0,0,18.237616376235323
Theni,6.401666666666667,24,6,rain,38.19004885214979,0,41.31654753858701,44.333205526315936,0,49.31700586789204,28.0,0,29.747304975253737,44.20381477073529,0,46.597338832323835,45.05616956083969,11,49.686173102878136,20.0,0,21.958552820958644,18.0,0,19.053846031473253,17.0,0,18.998286753848326
Salem,4.711111111111111,42,40,normal,30.991852204279624,15,27.39681545766123,46.51115891623186,37,39.031618571769904,28.0,0,24.24469160839105,42.795009738268384,0,37.68551461310173,39.490013090154434,3,35.076649812199186,20.0,0,17.005243870937438,18.0,0,15.510109671934847,17.0,0,13.631904301986243
Krishnagiri,2.716111111111111,42,58,rain,28.037994978054734,0,24.19178973010842,36.90394139758206,0,34.00488334484333,28.0,0,24.269438409450512,43.91159023305815,0,38.07409980219915,39.092342191470394,32,35.61739809276259,20.0,0,18.434413667986345,18.0,0,16.03656846052871,17.0,0,15.33732302416458
Chennai,22.122222222222224,7,20,normal,39.304323934908425,15,34.82447354068516,39.433081213781136,32,34.76044586299435,28.0,0,24.92512666333937,46.755116111988286,0,41.32341561520995,26.618243730497205,4,23.559727701155982,20.0,0,17.480863762487,18.0,0,15.269002970273618,17.0,0,14.320290291760214
Kanyakumari,3.129166666666667,7,45,normal,40.91867763801298,14,36.83866632618097,41.22047902430772,46,37.11985660210976,28.0,0,25.037519493879334,46.56479008021971,0,41.04640222102382,40.049794546320875,8,35.3718844025821,20.0,0,17.355899504010427,18.0,0,15.498342384484351,17.0,0,14.59011451897249
Ramanadhapuram,9.638055555555555,38,17,rain,38.663502020988375,0,40.74815567963684,46.168240212269,0,49.66424189777775,28.0,0,29.25624895993319,47.605870671869134,0,48.86491423362677,42.24953654856638,22,45.76136442063364,20.0,0,22.197262622087518,18.0,0,18.402025957927076,17.0,0,18.09250944794938
Vellore,3.6030555555555557,36,11,normal,46.98525613981706,17,41.0027790899674,44.916077602585744,39,39.42564924568548,28.0,0,23.80737585619309,48.19899329625811,0,42.257710275789044,35.09685323626527,7,31.183213993556432,20.0,0,17.565090321823003,18.0,0,16.27605234322502,17.0,0,15.16950876537158
Coimbatore,8.467777777777778,28,4,normal,38.58726764809433,20,39.75931863145751,40.285698826583115,40,41.96400010856693,28.0,0,29.098475298408033,43.85765828683595,0,46.5101180126192,42.11676363644483,7,43.845312736027935,20.0,0,21.24558929260419,18.0,0,18.619501540027912,17.0,0,17.92544557640365
Krishnagiri,23.636944444444445,38,13,weekend,22.021440552288443,5,19.10919610880084,33.98704088769471,17,30.02479811391063,28.0,0,25.386747728102215,43.91159023305815,59,39.30291493403033,48.179345098962024,2,42.580322503677294,20.0,0,16.258533677668808,18.0,0,16.170710579775736,17.0,0,15.18295365612602
Nagercoil,7.934722222222223,56,5,weekend,36.76187015471747,8,38.6326500125728,42.983592760115535,16,45.106736537763354,28.0,0,30.354118227572123,43.54560165478784,44,45.98436950259624,22.49218157320404,4,24.576921245987826,20.0,0,20.628847137397916,18.0,0,20.413680382503152,17.0,0,17.755407940352494
Bodi,3.4869444444444446,29,13,normal,43.7691805850676,17,38.39293968239416,45.10647409133021,38,40.19040425495359,28.0,0,25.012404739127433,46.312237496988104,0,40.91047147574841,35.005235627037244,7,31.217334818907375,20.0,0,17.743520552157396,18.0,0,16.114867007945712,17.0,0,14.677216150443325
Salem,7.956944444444445,57,25,normal,30.991852204279624,15,31.970089332279443,46.51115891623186,37,47.809430508243494,28.0,0,28.62416218177846,42.795009738268384,0,44.36600235295231,39.490013090154434,3,41.48845826181107,20.0,0,20.325526966628946,18.0,0,17.98572253082934,17.0,0,17.96331118824514
Salem,19.054722222222225,3,17,rain,30.46411548521254,0,33.305712543583056,41.07025287760748,0,46.658001292880634,28.0,0,29.986863180666493,42.795009738268384,0,46.39352048724724,42.90399215480497,33,47.98533920344379,20.0,0,21.985807793227778,18.0,0,18.971663406550135,17.0,0,19.47073652248553
Namakkal,5.070277777777777,4,13,normal,46.000408795715074,17,43.34130810276514,47.500537005433976,36,43.52336528585469,28.0,0,26.13022409157474,43.77988940216618,0,41.42375810524673,29.12477557085127,4,26.950727263534965,20.0,0,18.379084331566432,18.0,0,16.122609354858955,17.0,0,16.21025777461976
Salem,10.751666666666667,45,6,weekend,29.93637876614546,8,29.443003082530065,35.6293468389831,15,34.95465479272812,28.0,0,28.871696903964025,42.795009738268384,52,43.36335998659618,32.0154388677313,4,31.549497454055587,20.0,0,19.922340131314847,18.0,0,17.95211260137481,17.0,0,16.91860623281435
Tenkasi,20.168333333333333,10,6,weekend,39.97890079277373,6,43.3080353576159,33.21914342462593,16,36.37983106451611,28.0,0,31.515112015684284,46.84848003316055,60,53.69358399117408,27.704370543179156,1,29.588886405619313,20.0,0,21.28938998402523,18.0,0,20.22548199305007,17.0,0,19.66057726192792
Ooty,0.8477777777777779,50,52,normal,33.753341488930886,13,29.097160710604175,46.373995039336926,37,41.134154274323244,28.0,0,24.553734488527237,46.91917691378848,0,42.21794412685179,36.06306576188319,4,31.73854373369851,20.0,0,18.580607198260815,18.0,0,15.695308701363782,17.0,0,15.491205486655684
Tirunelveli,7.586388888888888,35,11,weekend,38.840222090008695,8,39.26804593466662,44.39081528207452,12,46.14182350553912,28.0,0,30.043040122542205,42.33256633042416,60,45.53293919269997,26.651075201973363,2,27.397849004153052,20.0,0,20.298355562747055,18.0,0,18.59881615328767,17.0,0,18.405048296806616
Dindigul,23.824166666666667,49,27,weekend,40.589860157463335,10,35.501344940780534,40.43167877293759,10,34.43808887628634,28.0,0,24.80511127923145,39.642402141494664,38,35.4186906393799,46.122076154386654,1,40.22623687005018,20.0,0,16.900176064672674,18.0,0,15.590037701760467,17.0,0,14.958470613333263
Virudhunagar,17.649166666666666,38,57,rain,44.350793481000736,0,45.27229929529931,39.17951110800057,0,40.2987743473469,28.0,0,28.023175309060065,40.43468399020969,0,40.44151730374952,36.442483195672004,35,37.73322323629469,20.0,0,21.005745752915978,18.0,0,18.31450218550984,17.0,0,17.861871015105955
Perambalur,7.001944444444445,0,7,normal,39.13605020386118,20,41.0440759273624,41.89461863201859,28,44.04933178241189,28.0,0,29.217178137619165,42.830884456520046,0,44.71187636666842,31.96351280649583,5,33.349770661712505,20.0,0,20.727279644658733,18.0,0,18.86639536955436,17.0,0,17.46907140752294
Theni,6.7683333333333335,46,6,normal,27.774389228803496,7,28.82821808145468,42.97994616938519,36,45.26900751050128,28.0,0,29.43897495569078,44.20381477073529,0,46.81440191748607,31.262434629525817,6,32.636050916643576,20.0,0,20.782793347174422,18.0,0,18.038688724684487,17.0,0,17.90259572313693
Virudhunagar,17.8325,49,57,weekend,48.47349620631729,2,48.71508989471527,33.93939787277466,11,33.38543548153936,28.0,0,29.934959332631614,40.43468399020969,49,41.71089229134875,39.087567533570414,2,39.35426397227553,20.0,0,20.53351657901743,18.0,0,17.76833623985522,17.0,0,17.511789948785204
Perambalur,7.889722222222222,53,23,weekend,40.759418109477394,5,42.21047668795059,39.31380979747918,23,39.94376614627736,28.0,0,29.8163206645543,42.830884456520046,43,45.75281266262839,19.036711661493786,3,19.345167617048574,20.0,0,20.337943300468773,18.0,0,19.930346203529332,17.0,0,17.742915817265487
Chennai,19.70638888888889,42,23,rain,38.69169460353284,0,41.41707237496528,40.29866117288363,0,44.82218140458065,28.0,0,29.633609435779608,46.755116111988286,0,50.40546200524366,41.59902003798844,29,46.51320434846354,20.0,0,21.502025211770235,18.0,0,19.89418022825479,17.0,0,20.156712337668427
Tirunelveli,19.8675,52,3,rain,39.232489486645534,0,42.15634182142831,41.38586655928871,0,47.77698033716767,28.0,0,30.324510222602115,42.33256633042416,0,44.25109997706795,40.88264477008581,27,47.83118761238759,20.0,0,22.948689936107225,18.0,0,19.560155550857633,17.0,0,19.732938501836983
Virudhunagar,17.94472222222222,56,41,normal,40.22809075568417,9,39.876618479464106,44.41962434322648,37,44.51057238860588,28.0,0,27.59902660069308,40.43468399020969,0,40.04190914979826,29.218368644243697,9,29.575394466818032,20.0,0,19.979284844915114,18.0,0,18.385558264057163,17.0,0,16.475758571968363
Karur,4.692777777777778,41,34,rain,31.99517790958504,0,28.28990572938832,37.73247184428588,0,34.571775226528146,28.0,0,25.05467674163352,44.75094055807841,0,38.633280230364505,43.03240121394373,28,40.30490579695026,20.0,0,18.637048277134323,18.0,0,17.081225965075767,17.0,0,14.942570141276427
Kanyakumari,0.7133333333333333,42,48,rain,45.06764523389062,0,39.4278628456824,40.22596629886361,0,37.625206420322485,28.0,0,24.369356290428758,46.56479008021971,0,40.864025454248356,43.677871284269436,33,40.694771028974856,20.0,0,18.055084214276818,18.0,0,15.948260884558435,17.0,0,14.960229469768334
Madurai,18.35666666666667,21,24,rain,41.34622390114707,0,44.619415514632934,38.9700071667711,0,43.732098173628295,28.0,0,30.50755964024671,49.76319964741091,0,54.24916549809155,41.92929403966443,21,47.452578030862625,20.0,0,22.555841078142222,18.0,0,19.743989139334065,17.0,0,19.018330067826113
Trichy,11.524722222222223,31,29,rain,31.886725557283217,0,31.50995014664496,41.163907526226495,0,41.591010443146764,28.0,0,27.112423923247114,43.72134429055531,0,42.44543569541706,40.05433803692343,23,40.406714324011865,20.0,0,19.59575452280433,18.0,0,17.21464431518004,17.0,0,17.210059863689715
Bodi,18.94611111111111,56,46,normal,43.7691805850676,17,47.07616776740543,45.10647409133021,38,48.697711454073165,28.0,0,30.158905269632367,46.312237496988104,0,49.50052902064204,35.005235627037244,7,38.45733723507575,20.0,0,22.073628743047383,18.0,0,19.30123126805688,17.0,0,18.002978907608956
Bodi,15.768055555555556,46,5,weekend,26.71685653185835,12,26.730618010688733,41.07058006834765,11,41.620411935123556,28.0,0,28.65211462507527,46.312237496988104,54,47.6391346033756,29.595738987812993,2,28.78191395007312,20.0,0,20.029825318983153,18.0,0,18.15204359813027,17.0,0,17.356875114293057
Vellore,9.660277777777779,39,37,weekend,37.727278941779964,13,38.582129998502374,33.16350779832507,14,34.700210469739176,28.0,0,29.911581844985786,48.19899329625811,63,51.77149784060298,47.78174030494075,3,49.322172318455735,20.0,0,20.16880667635033,18.0,0,19.390428884398307,17.0,0,19.024871418615458
Bodi,15.825833333333334,49,33,normal,43.7691805850676,17,43.25523722535429,45.10647409133021,38,45.35514749629286,28.0,0,27.546697040194363,46.312237496988104,0,45.48910763223283,35.005235627037244,7,34.49330775382676,20.0,0,19.436730592054026,18.0,0,17.173773749473227,17.0,0,16.34861692661237
Tenkasi,5.471388888888889,28,17,rain,37.54459048558374,0,34.516646850676125,38.936052625740416,0,39.02253698779011,28.0,0,25.17574838967428,46.84848003316055,0,43.08003989469077,43.719207655035106,20,41.62708834198087,20.0,0,19.161513662227172,18.0,0,16.417537187831293,17.0,0,16.81581072225651
Virudhunagar,8.288333333333334,17,18,rain,44.350793481000736,0,45.95250819683206,39.17951110800057,0,42.30872897295831,28.0,0,29.634685700686298,40.43468399020969,0,42.072784395678894,36.442483195672004,35,39.88981014980622,20.0,0,21.915268917640883,18.0,0,19.040217748505043,17.0,0,18.042432626104098
Trichy,2.1805555555555554,10,50,rain,31.886725557283217,0,28.43362410580672,41.163907526226495,0,38.47300998845943,28.0,0,24.421376381931758,43.72134429055531,0,38.62257941571215,40.05433803692343,23,37.163526538031284,20.0,0,18.063589467851806,18.0,0,15.79821541634617,17.0,0,15.404979470859429
Tenkasi,11.753055555555555,45,11,weekend,39.97890079277373,6,38.47533101856934,33.21914342462593,16,32.14632296441153,28.0,0,28.297186134196917,46.84848003316055,60,46.60224030580224,27.704370543179156,1,27.58623744141564,20.0,0,19.212556196643174,18.0,0,17.99429629721393,17.0,0,17.09902103567328
Theni,18.120555555555555,7,14,weekend,48.60570847549609,10,52.21882598918157,45.686464883246686,15,50.68663409581769,28.0,0,32.11466176440559,44.20381477073529,45,49.94467960876345,27.297359059343346,1,29.160753502408795,20.0,0,22.23247363421985,18.0,0,20.5800392575687,17.0,0,18.57821278549912
Tirunelveli,1.3625,21,45,weekend,38.840222090008695,8,35.24596582549,44.39081528207452,12,40.17590544546472,28.0,0,25.416845575040142,42.33256633042416,60,38.728905890457874,26.651075201973363,2,23.49688853110703,20.0,0,18.293302583475683,18.0,0,16.02758823426921,17.0,0,14.799291313852837
Dharmapuri,7.3502777777777775,21,1,normal,30.821988115774875,13,32.5111479873135,38.085268435163854,35,40.3158993453753,28.0,0,30.35972218178873,47.03003548747523,0,50.467181313756704,43.79800442850418,5,45.44347217122513,20.0,0,22.215663142172602,18.0,0,18.57220481611651,17.0,0,18.370689573603098
Tenkasi,8.832777777777778,49,58,normal,35.11028017839375,17,36.31213702634166,44.652961826854906,45,45.969904054730165,28.0,0,28.5843761103746,46.84848003316055,0,48.3415960195531,38.219946675145756,3,40.80969453815244,20.0,0,21.002766152957093,18.0,0,18.30157753974827,17.0,0,16.798416363821552
Coimbatore,5.180833333333334,10,51,weekend,43.767768157330956,5,40.96079136205401,39.566282936927436,19,37.099200444702454,28.0,0,27.169274916801434,43.85765828683595,66,42.624165410766786,40.68923477348823,3,38.241371638845976,20.0,0,18.260533299452028,18.0,0,17.82794116631342,17.0,0,15.84647373677264
Dindigul,2.6900000000000004,41,24,rain,39.546621018905,0,34.18518920206136,42.5310672795623,0,38.75253717018954,28.0,0,24.411811363794524,39.642402141494664,0,34.59469506343645,39.436185183781845,30,37.22471398295086,20.0,0,18.024121195682508,18.0,0,16.005678566283866,17.0,0,15.582436377029374
Dindigul,2.198888888888889,11,56,normal,38.50338188034666,17,33.657115361702175,44.630455786187014,44,39.70991752070901,28.0,0,25.07587194047278,39.642402141494664,0,35.74744322217544,26.31908254034386,12,23.910033050382204,20.0,0,17.985893402361278,18.0,0,16.335683520760565,17.0,0,15.208276907627635
Cumbum,0.6872222222222223,41,14,rain,35.11908014464723,0,30.89000317729769,48.36569397865607,0,43.21823593116143,28.0,0,24.965852279188148,41.388345997514556,0,34.74021460698466,32.75549403283424,21,30.031252554578764,20.0,0,18.967294260217,18.0,0,15.562359003170497,17.0,0,14.914478187176686
Vellore,18.695555555555554,41,44,rain,42.35626754079851,0,45.19889045427421,39.03979270045541,0,43.99013978257221,28.0,0,29.97059753226442,48.19899329625811,0,52.32574647366203,43.74006843805889,32,48.65753863222402,20.0,0,22.853006286351448,18.0,0,18.92311910300285,17.0,0,18.02972275183586
Dharmapuri,22.077222222222222,4,38,normal,30.821988115774875,13,26.69934255471869,38.085268435163854,35,33.41043345915851,28.0,0,25.747102901340952,47.03003548747523,0,42.014363533836594,43.79800442850418,5,38.15981915861517,20.0,0,17.892046402634545,18.0,0,15.466389002931235,17.0,0,14.161176910337467
Bodi,3.361388888888889,21,41,normal,43.7691805850676,17,38.297161916365035,45.10647409133021,38,39.51770993544911,28.0,0,25.37982631578914,46.312237496988104,0,40.89811382478531,35.005235627037244,7,31.609757123200364,20.0,0,17.49994704710926,18.0,0,16.583949815036487,17.0,0,15.103393517404085
Tenkasi,20.05611111111111,3,22,rain,37.54459048558374,0,40.79688187421203,38.936052625740416,0,44.16492556574063,28.0,0,29.32193079366475,46.84848003316055,0,51.12363511107455,43.719207655035106,20,49.71608649292275,20.0,0,22.117254686864836,18.0,0,19.067290961998676,17.0,0,19.363987021501853
Viluppuram,22.055,3,18,weekend,34.90452850109481,5,30.81901235622335,35.84218079539566,16,32.09480918027326,28.0,0,25.9368492318244,42.84054514959321,47,39.743864641119494,33.81871210393652,3,29.522708133480382,20.0,0,17.528536584634047,18.0,0,16.4026199972608,17.0,0,15.823366854775083
Tenkasi,8.591666666666667,35,30,rain,37.54459048558374,0,38.4156854384271,38.936052625740416,0,41.96565132822689,28.0,0,28.606910516887503,46.84848003316055,0,47.5574610106589,43.719207655035106,20,46.924205810881936,20.0,0,21.428543678212286,18.0,0,18.54786324753287,17.0,0,18.61187919925117
Virudhunagar,17.703611111111112,42,13,rain,44.350793481000736,0,43.70858144729826,39.17951110800057,0,40.12232185810107,28.0,0,28.15690483723681,40.43468399020969,0,39.852502872538004,36.442483195672004,35,39.65869958628983,20.0,0,20.701756352112913,18.0,0,18.798424528632655,17.0,0,18.03905730153434
Namakkal,11.873055555555556,52,23,rain,39.038209510948974,0,37.83890248228831,45.37250241583318,0,45.578627596221196,28.0,0,27.41736716397735,43.77988940216618,0,42.461326886031074,36.16769493281081,25,38.3101239542802,20.0,0,21.195110888292778,18.0,0,17.750856891540558,17.0,0,17.397709052158703
Theni,3.4102777777777775,24,37,weekend,48.60570847549609,10,43.28893676212946,45.686464883246686,15,40.41452065807572,28.0,0,25.925199257499575,44.20381477073529,45,40.58325600939552,27.297359059343346,1,24.29109843550162,20.0,0,17.830870099609914,18.0,0,16.078910435511958,17.0,0,15.747947743415583
Dindigul,20.649444444444445,38,58,weekend,40.589860157463335,10,44.26778577960317,40.43167877293759,10,43.21236550737679,28.0,0,31.515880171269806,39.642402141494664,38,44.571039677832694,46.122076154386654,1,49.950140764376265,20.0,0,21.716937081673933,18.0,0,19.805412466154127,17.0,0,18.456290678929943
Virudhunagar,11.479722222222222,28,47,rain,44.350793481000736,0,43.363753794316516,39.17951110800057,0,39.805666779119164,28.0,0,27.011482368680515,40.43468399020969,0,39.9578914302592,36.442483195672004,35,37.58395387425401,20.0,0,20.959730946510195,18.0,0,17.7376261596259,17.0,0,17.9862788322513
Theni,15.129166666666666,7,45,normal,27.774389228803496,7,27.86321099513543,42.97994616938519,36,43.64499530806662,28.0,0,27.351565601103317,44.20381477073529,0,44.337830164262414,31.262434629525817,6,31.240605201957678,20.0,0,20.845298029014113,18.0,0,18.314735962677222,17.0,0,16.584004502107963
Ramanadhapuram,0.365,21,54,rain,38.663502020988375,0,34.73776974760074,46.168240212269,0,42.040719921795606,28.0,0,24.85168995390754,47.605870671869134,0,42.67014477627003,42.24953654856638,22,39.360725257504534,20.0,0,18.736227051585388,18.0,0,16.383474303685247,17.0,0,15.948361839294169
Kanyakumari,6.120555555555555,7,14,weekend,49.216612829768266,1,51.49390733883407,39.23145357341949,16,41.34125291321405,28.0,0,30.15476009705929,46.56479008021971,54,50.34597219876833,41.863832915295156,0,44.20331999204799,20.0,0,21.152535535589642,18.0,0,19.816247961855574,17.0,0,18.648227917907484
Namakkal,20.72611111111111,43,34,normal,46.000408795715074,17,49.16112743499107,47.500537005433976,36,50.66879887708052,28.0,0,29.64198505277197,43.77988940216618,0,46.86046083314507,29.12477557085127,4,31.279159735512078,20.0,0,21.31805155552357,18.0,0,19.457536592621473,17.0,0,18.01597285400084
Bodi,18.888333333333332,53,18,weekend,26.71685653185835,12,28.213404724428102,41.07058006834765,11,43.93531656999844,28.0,0,30.390262734691056,46.312237496988104,54,50.91386592482219,29.595738987812993,2,32.965722121725996,20.0,0,21.050503874078856,18.0,0,19.55152967521069,17.0,0,19.758078540731244
Salem,22.541666666666668,32,30,normal,30.991852204279624,15,26.9774889216076,46.51115891623186,37,40.55884725392466,28.0,0,24.451941032771444,42.795009738268384,0,37.870865044387706,39.490013090154434,3,34.131053958568444,20.0,0,16.689890595008578,18.0,0,15.85755426925044,17.0,0,13.919676893809433
Nagercoil,19.599166666666665,35,57,normal,39.39766977646993,14,42.01524742828605,41.701276778783054,39,45.11828724854777,28.0,0,30.701602091770216,43.54560165478784,0,46.8089683892104,30.462175083948065,3,33.6281929977699,20.0,0,21.291765449886594,18.0,0,19.34607130060442,17.0,0,17.886635019754138
Dindigul,14.717777777777778,43,4,normal,38.50338188034666,17,38.152985015118084,44.630455786187014,44,44.19549670159459,28.0,0,27.78037846453426,39.642402141494664,0,39.59461121045973,26.31908254034386,12,26.243902186451223,20.0,0,20.361331950071314,18.0,0,17.659284024763128,17.0,0,17.2051526678804
Perambalur,13.130277777777778,7,49,weekend,40.759418109477394,5,39.198803222592126,39.31380979747918,23,38.77790459088294,28.0,0,29.18307289255065,42.830884456520046,43,44.33261256544602,19.036711661493786,3,18.242358629991823,20.0,0,19.25295290991542,18.0,0,18.20352414917024,17.0,0,17.568700007192398
Chennai,10.545555555555556,32,44,weekend,38.07906527215725,6,37.44659059641992,41.16424113198611,15,40.40790377599169,28.0,0,27.656387876293532,46.755116111988286,55,47.468706167154636,25.222384006616462,2,25.099140334625485,20.0,0,20.023633001465683,18.0,0,18.757602029847106,17.0,0,17.297043313068365
Tenkasi,5.7125,42,45,normal,35.11028017839375,17,31.67563676786692,44.652961826854906,45,40.874629649777,28.0,0,25.477874860285347,46.84848003316055,0,42.07171323110221,38.219946675145756,3,35.55743915421941,20.0,0,18.19113189413072,18.0,0,17.118958882496482,17.0,0,14.859909267531819
Kanyakumari,0.08,4,48,normal,40.91867763801298,14,36.103983789775896,41.22047902430772,46,36.16245436798875,28.0,0,24.23911451275177,46.56479008021971,0,40.583885596339115,40.049794546320875,8,34.39989349492128,20.0,0,17.228994662303684,18.0,0,16.216287767294546,17.0,0,14.329373645842226
Cumbum,15.46861111111111,28,7,rain,35.11908014464723,0,34.81972362337393,48.36569397865607,0,51.0221341100649,28.0,0,27.8997860487694,41.388345997514556,0,41.183606416164466,32.75549403283424,21,34.14510100950862,20.0,0,21.072564413454224,18.0,0,17.570327326401834,17.0,0,18.345825657832023
Cumbum,12.477222222222222,28,38,weekend,29.471411633262974,8,29.36078927386961,47.57729861243491,11,46.81666553456445,28.0,0,27.913078611565673,41.388345997514556,43,42.90073017462705,40.83514733104723,2,40.23710678666992,20.0,0,19.557309074852128,18.0,0,19.025534360492664,17.0,0,17.364401239688267
Tenkasi,17.248055555555556,14,53,normal,35.11028017839375,17,35.45653056212058,44.652961826854906,45,45.65574978888632,28.0,0,28.16690636444311,46.84848003316055,0,47.331987576170725,38.219946675145756,3,38.136768328794844,20.0,0,20.506501938879353,18.0,0,18.187442198453798,17.0,0,16.951303083946858
Karur,4.876111111111111,52,34,weekend,28.9237264257748,7,25.1002859112482,32.608115607663365,14,27.561848198180975,28.0,0,25.93849984247657,44.75094055807841,51,40.36805578498527,44.679762548690945,0,39.5360968675301,20.0,0,17.20877463032114,18.0,0,16.18737205985484,17.0,0,14.968048912291017
Tirunelveli,22.313333333333333,18,48,weekend,38.840222090008695,8,34.329551472023965,44.39081528207452,12,39.167630075324716,28.0,0,25.296814354727786,42.33256633042416,60,39.23013971754956,26.651075201973363,2,23.08733534670413,20.0,0,17.591626310917345,18.0,0,16.252199920093915,17.0,0,16.218845966610388
Madurai,21.40583333333333,24,21,rain,41.34622390114707,0,44.07134818477129,38.9700071667711,0,44.46726565621459,28.0,0,29.862808387619463,49.76319964741091,0,54.27821948574922,41.92929403966443,21,47.7929194833869,20.0,0,22.903558690382226,18.0,0,19.06010287200837,17.0,0,18.978411112283563
Virudhunagar,2.118888888888889,7,8,rain,44.350793481000736,0,39.784698445669825,39.17951110800057,0,36.37247998821501,28.0,0,25.491182031046222,40.43468399020969,0,36.202679597161634,36.442483195672004,35,33.52489766299209,20.0,0,18.440260471449616,18.0,0,15.764102712411962,17.0,0,15.948537763627977
Dharmapuri,13.4075,24,27,weekend,48.232025320958336,7,47.40494874983249,39.34489323207067,15,39.64001983215923,28.0,0,28.065713366220475,47.03003548747523,42,47.085609076871236,23.21228698834546,2,23.330145409629086,20.0,0,19.23064016172075,18.0,0,18.338813322714376,17.0,0,17.065127370383294
Kanyakumari,9.353055555555555,21,11,normal,40.91867763801298,14,43.145119315297435,41.22047902430772,46,43.423964581089976,28.0,0,29.762175818117196,46.56479008021971,0,49.28715983093337,40.049794546320875,8,42.23856154571624,20.0,0,20.904409063571237,18.0,0,18.756613688908928,17.0,0,17.251040636757654
Dharmapuri,13.733055555555556,43,59,normal,30.821988115774875,13,30.05492494955845,38.085268435163854,35,36.66592657086468,28.0,0,27.270101581192172,47.03003548747523,0,45.941343639002305,43.79800442850418,5,43.23509808074613,20.0,0,19.79219950877416,18.0,0,18.039401430754232,17.0,0,16.106765069423247
Bodi,0.1288888888888889,7,44,weekend,26.71685653185835,12,23.84895269266427,41.07058006834765,11,36.191859201692736,28.0,0,25.72066923092226,46.312237496988104,54,42.0231069010833,29.595738987812993,2,26.094898684649056,20.0,0,17.586780550481194,18.0,0,16.677905456373985,17.0,0,15.40278570168238
Ramanadhapuram,9.821388888888889,49,17,weekend,32.22203584783519,4,32.77148557865171,46.049332929064576,13,48.182990794996655,28.0,0,28.96813075512691,47.605870671869134,51,50.790851652697505,40.10648814684355,0,41.50318009736068,20.0,0,21.308666590183567,18.0,0,19.85111489533003,17.0,0,18.62589727584343
Viluppuram,4.421111111111111,25,16,weekend,34.90452850109481,5,30.71381832123168,35.84218079539566,16,32.37586384234852,28.0,0,25.297217920943247,42.84054514959321,47,39.40231290038794,33.81871210393652,3,30.098845464970623,20.0,0,17.288646330020946,18.0,0,16.259423181016217,17.0,0,15.30520352663887
Salem,7.648055555555555,38,53,weekend,29.93637876614546,8,31.329267947868917,35.6293468389831,15,37.636779895183395,28.0,0,30.02813331847045,42.795009738268384,52,46.74874312330912,32.0154388677313,4,32.72608519312712,20.0,0,20.25108613736464,18.0,0,19.749018289948864,17.0,0,17.654799982003176
Karur,7.376388888888888,22,35,normal,35.06662939339528,11,37.105605288980094,42.8568280809084,38,44.809143896946765,28.0,0,29.34914143464591,44.75094055807841,0,47.25439672416571,46.32712388343816,6,48.80639896661563,20.0,0,21.19009510386098,18.0,0,18.121344560172826,17.0,0,17.405781714427196
Ooty,3.5847222222222226,35,5,rain,28.58909578998705,0,25.5907098694759,44.26338884162844,0,41.42873392550328,28.0,0,24.551838552345195,46.91917691378848,0,41.277300104239295,41.97774609884506,23,38.642011118856935,20.0,0,18.76270799719054,18.0,0,15.518538902292088,17.0,0,15.624675262043636
Tirunelveli,1.1080555555555556,6,29,rain,39.232489486645534,0,35.06975618701354,41.38586655928871,0,38.03002504140337,28.0,0,24.452183986583922,42.33256633042416,0,37.080110976783224,40.88264477008581,27,37.74162483021613,20.0,0,17.769564817701134,18.0,0,15.595327201519455,17.0,0,15.809712275341369
Kanyakumari,21.450833333333332,27,3,rain,45.06764523389062,0,49.073326353128266,40.22596629886361,0,47.15835447535147,28.0,0,30.527379156353827,46.56479008021971,0,50.31650116433238,43.677871284269436,33,50.51940013679578,20.0,0,23.163764828013058,18.0,0,19.938439720789688,17.0,0,19.983689346515806
Cumbum,12.660555555555556,39,38,normal,40.76674865603148,18,39.22631047606284,49.15408934487722,37,47.50987771829495,28.0,0,27.149591343273,41.388345997514556,0,40.3430687817663,47.691512153415324,4,46.65982778560917,20.0,0,19.230923047733082,18.0,0,17.2217712827364,17.0,0,16.65581764791273
Dharmapuri,16.598888888888887,35,56,weekend,48.232025320958336,7,48.46533743123562,39.34489323207067,15,39.68359939782235,28.0,0,28.409532974002325,47.03003548747523,42,48.56322016272894,23.21228698834546,2,23.77986992462517,20.0,0,20.138178330874197,18.0,0,17.867295498000384,17.0,0,18.15525482567871
Bodi,12.522222222222224,31,20,weekend,26.71685653185835,12,25.819761114713387,41.07058006834765,11,40.45266900029984,28.0,0,28.903058975205802,46.312237496988104,54,47.115432353429625,29.595738987812993,2,28.992066837168643,20.0,0,19.642428341612717,18.0,0,17.88293898623132,17.0,0,17.189976207291217
Perambalur,13.059166666666668,3,33,weekend,40.759418109477394,5,39.89048162608632,39.31380979747918,23,38.595769296998974,28.0,0,28.674650755268377,42.830884456520046,43,43.11811156996306,19.036711661493786,3,18.16785358376935,20.0,0,19.870094677198015,18.0,0,18.014076234220273,17.0,0,16.04319885929559
Nagercoil,4.014444444444444,0,52,normal,39.39766977646993,14,34.28701253321155,41.701276778783054,39,36.85001003242822,28.0,0,24.23744892497127,43.54560165478784,0,38.03136526134895,30.462175083948065,3,26.6609421960646,20.0,0,17.88536398407726,18.0,0,15.758683989941186,17.0,0,14.72827300699099
Karur,1.5725,34,21,rain,31.99517790958504,0,28.44730103767726,37.73247184428588,0,34.44594698734428,28.0,0,24.468615338229725,44.75094055807841,0,39.2176081745956,43.03240121394373,28,39.70979816620007,20.0,0,18.28004212571018,18.0,0,15.665898660817852,17.0,0,16.209862094312438
Namakkal,14.485555555555555,29,8,normal,46.000408795715074,17,47.05745219389831,47.500537005433976,36,47.202663298959344,28.0,0,28.554965217492686,43.77988940216618,0,43.956373381182004,29.12477557085127,4,29.123298409239627,20.0,0,19.48485573790394,18.0,0,18.359243325544735,17.0,0,17.390354325811575
Bodi,9.65638888888889,39,23,normal,43.7691805850676,17,44.82239452715453,45.10647409133021,38,46.40713719467402,28.0,0,29.034249435950425,46.312237496988104,0,47.40937709315366,35.005235627037244,7,36.42863814973715,20.0,0,20.02585810774413,18.0,0,18.48860985662041,17.0,0,18.627723940050103
Ooty,0.6644444444444445,39,52,weekend,23.42485009104321,7,20.182362742018046,42.15278264391995,13,36.69098227629723,28.0,0,27.002567802740607,46.91917691378848,45,42.95349313703314,49.23476274080344,2,42.52762005585999,20.0,0,17.906910789849483,18.0,0,15.996411148843375,17.0,0,15.90356584699708
Cumbum,12.40611111111111,24,22,weekend,29.471411633262974,8,28.04512388125054,47.57729861243491,11,46.593816484894674,28.0,0,28.615517586981824,41.388345997514556,43,41.6818381156881,40.83514733104723,2,40.07654344620861,20.0,0,19.66024227668698,18.0,0,17.409142588720695,17.0,0,16.946465306267893
Namakkal,2.457777777777778,27,28,rain,39.038209510948974,0,34.330923976856276,45.37250241583318,0,42.24511962373292,28.0,0,24.31942918365371,43.77988940216618,0,38.4670091696954,36.16769493281081,25,33.034004837279944,20.0,0,18.60740723491439,18.0,0,15.502338782400589,17.0,0,15.354949231471656
Krishnagiri,11.1725,10,21,weekend,22.021440552288443,5,21.806692352453236,33.98704088769471,17,32.72529064422785,28.0,0,28.99808035545449,43.91159023305815,59,44.553969109818695,48.179345098962024,2,47.623473874502764,20.0,0,19.465289654195487,18.0,0,18.32022918169612,17.0,0,17.074207181765615
Salem,13.688611111111111,41,19,rain,30.46411548521254,0,29.128655338403874,41.07025287760748,0,42.17084636781611,28.0,0,26.88243151609872,42.795009738268384,0,41.74886702055118,42.90399215480497,33,43.47638434257288,20.0,0,19.732575418993452,18.0,0,17.333151606681472,17.0,0,16.585064696366672
Tirunelveli,1.4169444444444446,25,1,weekend,38.840222090008695,8,34.32648674961112,44.39081528207452,12,39.86958821833473,28.0,0,25.185562477540298,42.33256633042416,60,39.22799574119053,26.651075201973363,2,23.16943531595036,20.0,0,17.60200479474321,18.0,0,17.6498007944654,17.0,0,16.14897368158349
Cumbum,21.075833333333332,4,33,normal,40.76674865603148,18,43.72021344274757,49.15408934487722,37,52.57339809709388,28.0,0,30.77525685993498,41.388345997514556,0,44.91015479032546,47.691512153415324,4,51.69346639122878,20.0,0,22.125341998829505,18.0,0,20.673379335091287,17.0,0,17.560330583658523
Nagercoil,7.696944444444445,41,49,rain,38.0797699655937,0,39.88801785582551,42.3424347694493,0,45.10685060376451,28.0,0,29.303896579059383,43.54560165478784,0,44.58335209886671,35.29953219912303,24,39.14304390775289,20.0,0,23.353898879864982,18.0,0,17.571321666391082,17.0,0,18.75221921981667
Coimbatore,14.708333333333332,42,30,normal,38.58726764809433,20,37.78136356493274,40.285698826583115,40,40.7317166558932,28.0,0,26.785330382573022,43.85765828683595,0,43.27153881720511,42.11676363644483,7,41.372992415931265,20.0,0,19.665808661033925,18.0,0,17.785475731107713,17.0,0,15.690873351183017
Krishnagiri,14.292777777777777,17,34,weekend,22.021440552288443,5,22.042403300575923,33.98704088769471,17,34.981590654390914,28.0,0,29.86693748415597,43.91159023305815,59,46.021502796338346,48.179345098962024,2,48.372560523795144,20.0,0,20.464822302284382,18.0,0,19.307982810766738,17.0,0,17.381661409568377
Perambalur,13.946944444444444,56,49,rain,39.947734156669284,0,39.14496854166518,40.604214214748886,0,42.01494470082417,28.0,0,27.73398474976615,42.830884456520046,0,41.97878366870645,47.42780520358114,28,49.11138265910593,20.0,0,21.44045530304041,18.0,0,17.396069873483412,17.0,0,17.640457306853918
Vellore,15.013055555555555,0,47,normal,46.98525613981706,17,47.68600721775123,44.916077602585744,39,44.482797678745534,28.0,0,27.961432337240446,48.19899329625811,0,47.29555639170571,35.09685323626527,7,35.060385673275555,20.0,0,19.65774571584109,18.0,0,17.924459003023287,17.0,0,18.33684650338551
Dindigul,23.078611111111112,4,43,normal,38.50338188034666,17,33.89997206058722,44.630455786187014,44,39.44755322190676,28.0,0,25.19871180220597,39.642402141494664,0,35.37192767875717,26.31908254034386,12,23.153211701297202,20.0,0,17.34804308007563,18.0,0,16.39546041554768,17.0,0,15.350360774029646
Dindigul,17.766944444444444,46,1,normal,38.50338188034666,17,38.32275164944876,44.630455786187014,44,43.655868427264565,28.0,0,27.983930489919928,39.642402141494664,0,39.06460277930025,26.31908254034386,12,26.693509276011014,20.0,0,19.541610811930298,18.0,0,17.94082916616801,17.0,0,16.803940157839655
Kanyakumari,15.719166666666666,43,9,normal,40.91867763801298,14,39.88923816915411,41.22047902430772,46,40.67438941745555,28.0,0,28.011717555110412,46.56479008021971,0,47.020836928072725,40.049794546320875,8,40.337659413551684,20.0,0,20.326242993141754,18.0,0,17.894684908875362,17.0,0,16.43120325970829
Dindigul,11.359722222222222,21,35,weekend,40.589860157463335,10,40.07983376849394,40.43167877293759,10,39.67573707124113,28.0,0,28.345280779536733,39.642402141494664,38,40.16935284679555,46.122076154386654,1,46.53083659553828,20.0,0,19.537334040811267,18.0,0,17.742277840623185,17.0,0,17.061614885318725
Cumbum,0.1961111111111111,11,46,normal,40.76674865603148,18,35.89290653469523,49.15408934487722,37,43.40085587205252,28.0,0,24.497823433338173,41.388345997514556,0,36.29261254056806,47.691512153415324,4,42.24365031638305,20.0,0,17.2244513734129,18.0,0,16.145499806155655,17.0,0,15.129398833142039
Coimbatore,11.659166666666668,39,33,normal,38.58726764809433,20,37.38213536602978,40.285698826583115,40,39.44654501538633,28.0,0,26.007756514239674,43.85765828683595,0,43.10521193354454,42.11676363644483,7,40.87566875239412,20.0,0,19.815522771831464,18.0,0,16.84849985039283,17.0,0,16.05707282576181
Salem,16.063333333333333,3,48,weekend,29.93637876614546,8,30.031879385467192,35.6293468389831,15,36.09532557646805,28.0,0,30.32268529456347,42.795009738268384,52,44.908944031902784,32.0154388677313,4,31.829569914888953,20.0,0,19.816594156772233,18.0,0,18.8129602199115,17.0,0,17.482713434387552
Virudhunagar,20.823888888888888,49,26,rain,44.350793481000736,0,46.7384119320053,39.17951110800057,0,43.886840218424126,28.0,0,30.146625638008004,40.43468399020969,0,42.93197735342953,36.442483195672004,35,41.50812788570142,20.0,0,22.940305305510073,18.0,0,19.425176583091833,17.0,0,18.98977104005456
Pudukottai,14.131666666666668,7,54,weekend,37.86154046215629,6,38.61351054704208,38.300311465939544,20,38.679154993399834,28.0,0,28.622239028789885,47.052339145013335,50,49.80461503490152,28.41956323712548,3,28.494267153449965,20.0,0,20.476327028617664,18.0,0,18.83827758757788,17.0,0,17.991814785954254
Cumbum,18.46333333333333,27,48,rain,35.11908014464723,0,37.41839447622209,48.36569397865607,0,55.322046638941444,28.0,0,30.187201370501988,41.388345997514556,0,44.43659465621477,32.75549403283424,21,37.0790391173592,20.0,0,23.27435307427414,18.0,0,19.807549651909117,17.0,0,19.31491439931812
Dindigul,20.46611111111111,27,58,rain,39.546621018905,0,43.49381212468584,42.5310672795623,0,49.303804066266316,28.0,0,30.95960669396557,39.642402141494664,0,42.77773436014181,39.436185183781845,30,44.71550918847405,20.0,0,22.84950553659159,18.0,0,19.411487690098124,17.0,0,18.938815268716308
Dindigul,5.3025,18,9,normal,38.50338188034666,17,35.582887100669225,44.630455786187014,44,41.68712191126,28.0,0,26.105250297846514,39.642402141494664,0,36.93211023018934,26.31908254034386,12,23.681539105551675,20.0,0,18.461635544894946,18.0,0,16.80174528494199,17.0,0,15.717811092413646
Cumbum,18.646666666666665,38,48,weekend,29.471411633262974,8,31.367958933444648,47.57729861243491,11,51.306709932638284,28.0,0,31.36155814464447,41.388345997514556,43,46.51070521974772,40.83514733104723,2,43.91472276941028,20.0,0,21.847675478707288,18.0,0,20.14712751201465,17.0,0,19.340750745988288
Bodi,9.585277777777778,35,7,normal,43.7691805850676,17,45.25185362110907,45.10647409133021,38,47.635239565941845,28.0,0,28.026175915382662,46.312237496988104,0,47.78363516788679,35.005235627037244,7,35.626022631917614,20.0,0,20.416477491984704,18.0,0,18.82090233216266,17.0,0,17.589386657618817
Tirunelveli,16.76388888888889,45,50,rain,39.232489486645534,0,38.56796913692327,41.38586655928871,0,43.33317516592681,28.0,0,27.570476166034787,42.33256633042416,0,41.60263353820038,40.88264477008581,27,43.997664573907635,20.0,0,21.540959111820037,18.0,0,18.028951481248082,17.0,0,17.548194019388607
Dharmapuri,10.358333333333333,21,30,weekend,48.232025320958336,7,46.99676528294949,39.34489323207067,15,38.203017651770736,28.0,0,29.165700240310244,47.03003548747523,42,48.6484276471872,23.21228698834546,2,22.348486465543665,20.0,0,20.075615388961346,18.0,0,18.34392291856702,17.0,0,17.514687937911
Chennai,13.849166666666667,50,57,normal,39.304323934908425,15,39.21002087609911,39.433081213781136,32,39.120021060000795,28.0,0,27.308208152890725,46.755116111988286,0,45.84112509051753,26.618243730497205,4,26.61267990259643,20.0,0,19.791076091449437,18.0,0,17.645865085390106,17.0,0,16.980653376794752
Virudhunagar,11.775277777777779,46,31,normal,40.22809075568417,9,39.283537154561294,44.41962434322648,37,42.854584724631906,28.0,0,27.043363697521972,40.43468399020969,0,38.32266025142226,29.218368644243697,9,27.494024101765934,20.0,0,20.045531240571943,18.0,0,17.39547917237966,17.0,0,16.488781577085458
Tirunelveli,10.706666666666665,42,24,weekend,38.840222090008695,8,37.3833507371419,44.39081528207452,12,42.2612245080152,28.0,0,28.15712435663457,42.33256633042416,60,42.39484721829729,26.651075201973363,2,25.794062341781444,20.0,0,18.54194823779651,18.0,0,18.390163872519576,17.0,0,16.52343894104408
Salem,16.246666666666666,14,48,normal,30.991852204279624,15,30.789642809034977,46.51115891623186,37,48.11201482610879,28.0,0,27.95385057281709,42.795009738268384,0,43.339905792741476,39.490013090154434,3,39.40808701382862,20.0,0,20.255079864312194,18.0,0,18.152533166867684,17.0,0,16.530629670240153
Karur,13.600277777777777,36,1,normal,35.06662939339528,11,34.60513194609582,42.8568280809084,38,42.38206113193872,28.0,0,28.300064205315316,44.75094055807841,0,44.23984193440701,46.32712388343816,6,45.212730926036,20.0,0,19.969193958622963,18.0,0,17.01200742855917,17.0,0,16.227790382495538
Vellore,9.476944444444445,28,37,rain,42.35626754079851,0,43.96443413421534,39.03979270045541,0,42.57590415289786,28.0,0,28.952372829970134,48.19899329625811,0,49.81128842306065,43.74006843805889,32,47.743950427366876,20.0,0,21.560251906527707,18.0,0,18.609795779514673,17.0,0,18.163918567361097
Theni,0.3611111111111111,21,40,weekend,48.60570847549609,10,43.101390671603085,45.686464883246686,15,40.97206762535582,28.0,0,25.37367253723725,44.20381477073529,45,40.7334398594098,27.297359059343346,1,24.27254144866932,20.0,0,18.31126094938081,18.0,0,16.7005329689778,17.0,0,15.355737005971374
Dharmapuri,1.7597222222222222,45,35,rain,39.52700671836661,0,34.302415477301615,38.715080833617264,0,35.741190739806164,28.0,0,25.214945266236626,47.03003548747523,0,40.50008540092302,40.070630429811445,20,36.82161379657496,20.0,0,19.202061555322338,18.0,0,14.91512634233194,17.0,0,15.932526531115903
Karur,19.6575,39,27,weekend,28.9237264257748,7,30.026256595201158,32.608115607663365,14,35.2354306210051,28.0,0,31.697168642851977,44.75094055807841,51,49.40685072656258,44.679762548690945,0,47.72194823486217,20.0,0,21.806581762352167,18.0,0,19.729545914802795,17.0,0,19.22234441980236
Coimbatore,8.101111111111111,6,4,rain,41.177517902712644,0,42.60341985746821,39.925990881755276,0,44.01867687163022,28.0,0,28.930856834767688,43.85765828683595,0,45.697138131922834,48.59837205358705,26,53.698021026871174,20.0,0,21.150805969709737,18.0,0,19.209667645364576,17.0,0,19.11470368000652
Vellore,9.843611111111112,50,37,normal,46.98525613981706,17,47.83630743219321,44.916077602585744,39,45.45397886333107,28.0,0,28.64614716625879,48.19899329625811,0,49.83656101643164,35.09685323626527,7,36.284234749035804,20.0,0,20.977097565578127,18.0,0,18.393626437087057,17.0,0,17.771386813247535
Cumbum,0.012777777777777779,0,46,weekend,29.471411633262974,8,25.099180789939176,47.57729861243491,11,41.99205410063244,28.0,0,26.3504588999538,41.388345997514556,43,38.12227145296952,40.83514733104723,2,36.03424827450897,20.0,0,17.358835944759683,18.0,0,16.497903000774766,17.0,0,15.454729506925911
Ooty,3.8969444444444443,53,49,normal,33.753341488930886,13,29.659057790978036,46.373995039336926,37,41.331181157336395,28.0,0,23.86825727531766,46.91917691378848,0,40.7026909961134,36.06306576188319,4,33.17808453073736,20.0,0,17.57725219413537,18.0,0,14.921460087250455,17.0,0,14.634014887105424
Theni,3.481388888888889,28,53,weekend,48.60570847549609,10,43.081902636290486,45.686464883246686,15,39.712929634627145,28.0,0,24.74894144288583,44.20381477073529,45,41.09430632017251,27.297359059343346,1,24.010317294432472,20.0,0,17.59759392758625,18.0,0,16.955382888266197,17.0,0,16.288919506790666
Viluppuram,1.3008333333333333,18,3,weekend,34.90452850109481,5,31.885990792192075,35.84218079539566,16,32.30631038110716,28.0,0,25.50003225154304,42.84054514959321,47,39.37568964944042,33.81871210393652,3,29.83127760942527,20.0,0,18.443942393274963,18.0,0,17.459445420949137,17.0,0,15.884146821285595
Kanyakumari,12.106666666666666,6,24,rain,45.06764523389062,0,44.645957972934596,40.22596629886361,0,42.52172642872386,28.0,0,26.842023297052798,46.56479008021971,0,46.33508645618883,43.677871284269436,33,45.02082017829482,20.0,0,20.963226701723276,18.0,0,16.916055947214314,17.0,0,18.171046183738113
Tirunelveli,13.755833333333333,45,21,weekend,38.840222090008695,8,37.264766153433094,44.39081528207452,12,42.995410176074294,28.0,0,27.55059233954161,42.33256633042416,60,42.50483590036379,26.651075201973363,2,24.885771952587902,20.0,0,18.823271104074426,18.0,0,17.953051027727323,17.0,0,18.16144500359552
Dharmapuri,16.52777777777778,31,40,weekend,48.232025320958336,7,48.1577375501391,39.34489323207067,15,38.7581140267079,28.0,0,28.921319588014484,47.03003548747523,42,48.915947307392614,23.21228698834546,2,22.664720472019447,20.0,0,19.60411921108378,18.0,0,18.488008699741926,17.0,0,16.96556786418937
Madurai,15.365277777777777,21,55,weekend,33.72574005744715,6,33.34003955588527,35.07288372339271,19,36.1139135476181,28.0,0,29.7890087481682,49.76319964741091,57,52.84817393520651,34.3616909478299,0,35.070828594581734,20.0,0,20.194061619596823,18.0,0,18.491089981925306,17.0,0,17.852611458416504
Ooty,15.303611111111111,18,13,weekend,23.42485009104321,7,24.20218579423344,42.15278264391995,13,42.903534996233724,28.0,0,28.761249584151965,46.91917691378848,45,49.269835833177005,49.23476274080344,2,49.85249882978473,20.0,0,19.700327882075133,18.0,0,18.759550389168474,17.0,0,17.236195597944672
Madurai,9.308055555555557,18,29,normal,48.966707744846985,17,49.855556663766116,42.86713061014949,38,45.15935801916398,28.0,0,29.217640327225098,49.76319964741091,0,50.87668942872071,26.79408785599537,2,28.16377278271809,20.0,0,21.390400893497432,18.0,0,18.949019857460808,17.0,0,18.004816992098977
Nagercoil,13.429722222222221,25,47,normal,39.39766977646993,14,38.84740482120271,41.701276778783054,39,40.82509210202416,28.0,0,28.01843096086523,43.54560165478784,0,42.62952864902768,30.462175083948065,3,30.707943439493732,20.0,0,19.58044729117045,18.0,0,17.75954425403028,17.0,0,17.105614376171662
Ramanadhapuram,18.365555555555556,21,56,normal,45.10496819414156,16,49.046325454992136,46.28714749547341,32,51.169801875248695,28.0,0,31.206756799973288,47.605870671869134,0,51.98251399675467,37.96343974512072,5,42.30620258198597,20.0,0,22.105167150776484,18.0,0,19.309918303053415,17.0,0,18.44161538400449
Karur,7.050833333333333,3,3,weekend,28.9237264257748,7,30.385831839388352,32.608115607663365,14,33.723366496896745,28.0,0,30.089480777275458,44.75094055807841,51,48.491430807309236,44.679762548690945,0,47.2562919828733,20.0,0,20.820159238364447,18.0,0,19.438860894133743,17.0,0,19.428879034733036
Coimbatore,2.186111111111111,11,10,weekend,43.767768157330956,5,38.5195176440791,39.566282936927436,19,36.45745856543419,28.0,0,26.08436017098265,43.85765828683595,66,40.29719978739793,40.68923477348823,3,36.65420504048937,20.0,0,17.764951034344133,18.0,0,16.560169455140716,17.0,0,16.000657448012834
Theni,18.375,22,30,normal,27.774389228803496,7,30.00955104996063,42.97994616938519,36,45.920747985047704,28.0,0,31.02910910179086,44.20381477073529,0,47.54585901968198,31.262434629525817,6,34.11693222852521,20.0,0,22.119989528932546,18.0,0,19.037242746297704,17.0,0,18.419683944517523
Ramanadhapuram,12.687222222222223,41,14,rain,38.663502020988375,0,37.910293928874,46.168240212269,0,46.827047910085234,28.0,0,27.298251015758655,47.605870671869134,0,46.57132199620799,42.24953654856638,22,42.73365126087297,20.0,0,20.917051525185215,18.0,0,16.736484697149812,17.0,0,17.291146847837513
Vellore,9.518055555555556,31,5,weekend,37.727278941779964,13,39.50069618592764,33.16350779832507,14,34.23392608138729,28.0,0,30.017602853918763,48.19899329625811,63,51.98297404606591,47.78174030494075,3,49.81767306223137,20.0,0,21.77933803148146,18.0,0,19.1295724913251,17.0,0,18.02379194200812
Chennai,4.121666666666666,7,18,rain,38.69169460353284,0,34.53444771667342,40.29866117288363,0,38.314402352104324,28.0,0,24.229406392412955,46.755116111988286,0,40.96615754757292,41.59902003798844,29,38.72889941726288,20.0,0,19.294164528941934,18.0,0,15.36635635545742,17.0,0,15.895854177837663
Chennai,16.715,42,54,weekend,38.07906527215725,6,38.22592078132345,41.16424113198611,15,40.99901206627668,28.0,0,28.13168364555264,46.755116111988286,55,47.515287791521104,25.222384006616462,2,25.34926654925816,20.0,0,20.005571612310998,18.0,0,18.585427744311914,17.0,0,17.58426542356965
Krishnagiri,5.003055555555555,0,11,weekend,22.021440552288443,5,19.649516371309016,33.98704088769471,17,31.211420437131927,28.0,0,26.617712500270514,43.91159023305815,59,42.01666244752017,48.179345098962024,2,43.71498837332538,20.0,0,18.712782452547692,18.0,0,17.56425916410117,17.0,0,16.534063789507766
Namakkal,8.752777777777778,45,10,rain,39.038209510948974,0,40.37239078187474,45.37250241583318,0,49.563891941114115,28.0,0,28.746358619885896,43.77988940216618,0,45.61772301072999,36.16769493281081,25,40.189621450945715,20.0,0,22.339783410144936,18.0,0,18.4640866266537,17.0,0,18.773614756884765
Cumbum,3.1875,11,15,weekend,29.471411633262974,8,25.67958713270428,47.57729861243491,11,42.92386631608502,28.0,0,24.99502446604677,41.388345997514556,43,38.732698612320334,40.83514733104723,2,36.23841562428924,20.0,0,17.224206101846,18.0,0,16.361692041974,17.0,0,15.242782102986128
Theni,18.30388888888889,18,14,normal,27.774389228803496,7,29.88911286065598,42.97994616938519,36,46.646910132872414,28.0,0,31.022419781887134,44.20381477073529,0,48.04504325534055,31.262434629525817,6,34.213768931644616,20.0,0,22.717739234904702,18.0,0,19.632484383995763,17.0,0,18.864050269479854
Dindigul,23.711944444444445,42,43,rain,39.546621018905,0,33.819359071173814,42.5310672795623,0,38.7361577981394,28.0,0,24.0394619252501,39.642402141494664,0,34.90178442099324,39.436185183781845,30,36.9381127353384,20.0,0,18.93959837821395,18.0,0,15.329931910060123,17.0,0,14.30640923836087
Pudukottai,5.5874999999999995,35,15,rain,39.01988715770722,0,35.69673028110757,40.46523697096036,0,38.3115164869538,28.0,0,25.951793553321867,47.052339145013335,0,43.53327026125027,38.27290797059502,23,35.69511217187622,20.0,0,18.852350411040195,18.0,0,16.42749569491153,17.0,0,16.670419910088878
Madurai,6.116666666666666,7,0,normal,48.966707744846985,17,51.84406545551731,42.86713061014949,38,44.9719142399691,28.0,0,30.305810394268736,49.76319964741091,0,52.254354208137656,26.79408785599537,2,28.099562548286762,20.0,0,21.711580827315615,18.0,0,19.25484258002383,17.0,0,18.895588517391037
Dharmapuri,16.653333333333332,39,12,weekend,48.232025320958336,7,48.41758202039082,39.34489323207067,15,39.05054782795728,28.0,0,29.454684291527403,47.03003548747523,42,48.84947731878107,23.21228698834546,2,23.17729227093739,20.0,0,19.940460302851026,18.0,0,18.52424439093982,17.0,0,18.040019172251974
Bodi,9.727500000000001,43,39,normal,43.7691805850676,17,44.018852916443485,45.10647409133021,38,45.70464192858062,28.0,0,28.066486686987435,46.312237496988104,0,46.475276035969685,35.005235627037244,7,35.97621352711481,20.0,0,21.066391552731105,18.0,0,18.343318673165722,17.0,0,17.53432667863183
Theni,3.2980555555555555,17,53,rain,38.19004885214979,0,34.50352994156356,44.333205526315936,0,41.661454429258804,28.0,0,25.458022153506693,44.20381477073529,0,40.05634059508888,45.05616956083969,11,42.433110394180574,20.0,0,18.516052865793952,18.0,0,16.534404719492276,17.0,0,16.141921548393686
Nagercoil,1.456388888888889,27,23,rain,38.0797699655937,0,33.72993429372187,42.3424347694493,0,39.147735115647144,28.0,0,24.843956746294552,43.54560165478784,0,37.95571396237161,35.29953219912303,24,32.461820551553146,20.0,0,18.445409265853513,18.0,0,15.105204201184199,17.0,0,15.16369444860406
Perambalur,4.769444444444445,46,10,weekend,40.759418109477394,5,35.03010651474211,39.31380979747918,23,34.60340003344275,28.0,0,25.69406210387297,42.830884456520046,43,37.99564634413257,19.036711661493786,3,16.657223131452522,20.0,0,18.3802445795438,18.0,0,16.260816597384114,17.0,0,16.120216451203095
Chennai,13.4825,28,57,rain,38.69169460353284,0,37.45499961808715,40.29866117288363,0,42.032771833051996,28.0,0,27.188519841718783,46.755116111988286,0,46.28316135685328,41.59902003798844,29,42.498478465848464,20.0,0,20.941313815123575,18.0,0,17.414575220543853,17.0,0,17.052212928802582
Trichy,11.45361111111111,27,13,rain,31.886725557283217,0,32.230590895226165,41.163907526226495,0,43.011622558184314,28.0,0,28.210911555030616,43.72134429055531,0,43.32328255960781,40.05433803692343,23,41.90112659352636,20.0,0,21.50505527558284,18.0,0,17.387257396971222,17.0,0,17.2102487763855
Kanyakumari,12.615555555555556,36,56,normal,40.91867763801298,14,39.56598747873394,41.22047902430772,46,40.38339869791557,28.0,0,27.244555856705915,46.56479008021971,0,45.7915918045753,40.049794546320875,8,38.685368106060785,20.0,0,19.912946748206807,18.0,0,17.099744411544947,17.0,0,17.39208666302608
Ooty,18.169444444444444,10,10,rain,28.58909578998705,0,31.112241282326952,44.26338884162844,0,51.0505706992627,28.0,0,30.906685098176965,46.91917691378848,0,51.751973919597305,41.97774609884506,23,48.01951826534525,20.0,0,22.475143898253776,18.0,0,19.701422920026314,17.0,0,19.715079548220423
Kanyakumari,21.959722222222222,57,35,normal,40.91867763801298,14,43.60678370444558,41.22047902430772,46,44.782917692061254,28.0,0,30.135580678148713,46.56479008021971,0,50.43016416383244,40.049794546320875,8,42.984977443172646,20.0,0,21.66084039374524,18.0,0,18.837736820007905,17.0,0,18.022035568527446
Theni,3.7191666666666667,43,9,normal,27.774389228803496,7,24.0670693614592,42.97994616938519,36,37.171530011314786,28.0,0,24.706986189058803,44.20381477073529,0,38.56199813370151,31.262434629525817,6,27.067910832624218,20.0,0,17.889445965793442,18.0,0,16.38438796351095,17.0,0,14.132528510542823
Tirunelveli,13.898055555555555,53,53,weekend,38.840222090008695,8,37.85399329675018,44.39081528207452,12,43.36233349889053,28.0,0,28.721272792608413,42.33256633042416,60,42.79406630105609,26.651075201973363,2,25.972086071664833,20.0,0,19.945491932053233,18.0,0,16.942521042867824,17.0,0,17.015547778971957
Dharmapuri,16.415555555555553,24,56,rain,39.52700671836661,0,39.77654120443658,38.715080833617264,0,41.554988386364435,28.0,0,28.445485539224883,47.03003548747523,0,47.25187002799443,40.070630429811445,20,42.16377022985859,20.0,0,20.49784487644264,18.0,0,18.3358741109092,17.0,0,17.89377108309878
Kanyakumari,9.12861111111111,7,43,rain,45.06764523389062,0,47.34626797284228,40.22596629886361,0,45.094271121533914,28.0,0,29.891387641155774,46.56479008021971,0,47.837414830408264,43.677871284269436,33,48.59497196400775,20.0,0,22.38009126117335,18.0,0,18.126367373240708,17.0,0,18.52846368496952
Chennai,10.72888888888889,43,44,normal,39.304323934908425,15,38.2860249270747,39.433081213781136,32,38.52681221362244,28.0,0,26.522633972984227,46.755116111988286,0,45.49233861020587,26.618243730497205,4,25.936486494725525,20.0,0,19.372816298428422,18.0,0,17.84824971024785,17.0,0,17.152367677700763
Kanyakumari,3.9458333333333337,56,45,weekend,49.216612829768266,1,43.55185473099088,39.23145357341949,16,34.72094929047172,28.0,0,25.323612713785863,46.56479008021971,54,41.83800609335794,41.863832915295156,0,37.24639674409226,20.0,0,17.949438648200992,18.0,0,16.897308228378623,17.0,0,15.073773712353313
Pudukottai,20.284444444444446,17,4,weekend,37.86154046215629,6,41.30150508781909,38.300311465939544,20,42.7294704409567,28.0,0,31.754561601334643,47.052339145013335,50,53.943004051517036,28.41956323712548,3,31.244038480092282,20.0,0,22.265589298898128,18.0,0,20.576736216026543,17.0,0,18.638327939307867
Tirunelveli,4.299444444444444,17,58,rain,39.232489486645534,0,35.418880825952215,41.38586655928871,0,40.01792338118104,28.0,0,24.69300389998035,42.33256633042416,0,38.48245895957805,40.88264477008581,27,38.37673926647779,20.0,0,18.211665669575435,18.0,0,16.034816818306016,17.0,0,15.955846761853556
Salem,16.18888888888889,11,20,weekend,29.93637876614546,8,30.80245262170708,35.6293468389831,15,35.15856103653976,28.0,0,28.830907354501917,42.795009738268384,52,44.964788818316634,32.0154388677313,4,31.947126934358145,20.0,0,19.438886377813514,18.0,0,19.752326534574067,17.0,0,17.33725508097867
Dindigul,23.56972222222222,34,11,rain,39.546621018905,0,34.54530034065117,42.5310672795623,0,39.21702026466561,28.0,0,24.297335974910126,39.642402141494664,0,34.68610579941786,39.436185183781845,30,36.90969193234418,20.0,0,18.539407711914162,18.0,0,16.92638602138382,17.0,0,15.759016688058045
Perambalur,4.531666666666666,31,54,rain,39.947734156669284,0,35.34101202158234,40.604214214748886,0,37.471949871675356,28.0,0,24.71355123980643,42.830884456520046,0,37.24905336965786,47.42780520358114,28,43.98379509570104,20.0,0,18.063060037063085,18.0,0,15.722301588258363,17.0,0,16.184134005355133
Tenkasi,11.07861111111111,4,43,normal,35.11028017839375,17,34.35741728276011,44.652961826854906,45,44.078697483882365,28.0,0,27.52934015354494,46.84848003316055,0,45.473767163522126,38.219946675145756,3,36.824893975531694,20.0,0,19.77347920959101,18.0,0,18.31205501004669,17.0,0,16.7426014884685
Karur,1.6436111111111111,38,37,rain,31.99517790958504,0,28.460921211750193,37.73247184428588,0,33.62293940513606,28.0,0,24.390283121815337,44.75094055807841,0,39.81137489792161,43.03240121394373,28,39.2381845253228,20.0,0,17.480893818491246,18.0,0,15.474019163371985,17.0,0,16.176280513727015
Perambalur,4.827222222222222,49,38,normal,39.13605020386118,20,33.77475859192741,41.89461863201859,28,36.4410666766753,28.0,0,24.65730087027204,42.830884456520046,0,36.26643742350532,31.96351280649583,5,27.801675069614095,20.0,0,17.706925380274836,18.0,0,14.328633561812492,17.0,0,14.324257300454624
Madurai,3.0130555555555554,0,47,normal,48.966707744846985,17,42.905301574712624,42.86713061014949,38,38.62305597815394,28.0,0,24.499856487838166,49.76319964741091,0,43.45244508390413,26.79408785599537,2,23.161052945047842,20.0,0,16.84169039309701,18.0,0,16.549442478672226,17.0,0,15.595642479213701
Nagercoil,16.166666666666668,10,0,rain,38.0797699655937,0,38.3779486301239,42.3424347694493,0,45.21340734341282,28.0,0,28.406861154605632,43.54560165478784,0,44.40213356509831,35.29953219912303,24,38.25739363994945,20.0,0,21.63867645104971,18.0,0,18.697793924533098,17.0,0,18.76335989725739
Tirunelveli,10.452222222222222,27,8,rain,39.232489486645534,0,38.34625489953981,41.38586655928871,0,42.7176974253259,28.0,0,27.328752426291658,42.33256633042416,0,41.89686903297544,40.88264477008581,27,42.60156797432882,20.0,0,20.089935724606292,18.0,0,17.538752430677352,17.0,0,17.72698243691637
Kanyakumari,0.7544444444444445,45,16,weekend,49.216612829768266,1,42.70254742155562,39.23145357341949,16,34.04188622241755,28.0,0,25.737841026005004,46.56479008021971,54,42.26742911799096,41.863832915295156,0,36.91926654779807,20.0,0,17.080852318428583,18.0,0,15.86326502223178,17.0,0,16.357706875030793
Dindigul,23.0075,0,27,normal,38.50338188034666,17,33.97097367245602,44.630455786187014,44,38.92503634517175,28.0,0,24.065140078480145,39.642402141494664,0,34.56110312211352,26.31908254034386,12,23.130266225293713,20.0,0,17.645766555350296,18.0,0,16.594882198088214,17.0,0,14.573623964095809
Kanyakumari,6.008333333333334,0,30,rain,45.06764523389062,0,46.69547486389946,40.22596629886361,0,43.23877270120269,28.0,0,28.842785504488397,46.56479008021971,0,48.48431255813656,43.677871284269436,33,47.45587730566418,20.0,0,21.073271539829456,18.0,0,18.01591690250801,17.0,0,17.83109223082915
Krishnagiri,14.363888888888889,21,50,weekend,22.021440552288443,5,22.022605082062874,33.98704088769471,17,34.48718832793183,28.0,0,29.160908512583482,43.91159023305815,59,46.05036380930703,48.179345098962024,2,48.91344297279542,20.0,0,20.065341102531026,18.0,0,19.02978914038694,17.0,0,18.59323111242811
Chennai,16.827222222222222,49,38,normal,39.304323934908425,15,38.679151022440934,39.433081213781136,32,37.97212015349429,28.0,0,27.230426974060716,46.755116111988286,0,46.02360698784192,26.618243730497205,4,26.223241891853124,20.0,0,20.55687447793143,18.0,0,17.68973389693337,17.0,0,17.3568693693959
Namakkal,8.119444444444445,7,10,normal,46.000408795715074,17,49.103403695218034,47.500537005433976,36,49.77403271666269,28.0,0,29.73706768804941,43.77988940216618,0,45.946403829207085,29.12477557085127,4,30.436437939135956,20.0,0,21.286538606831403,18.0,0,18.76716896762359,17.0,0,16.653812796357055
Krishnagiri,8.011111111111111,0,40,rain,28.037994978054734,0,28.558953105628486,36.90394139758206,0,39.98375640193728,28.0,0,29.07655696738332,43.91159023305815,0,46.426993776803215,39.092342191470394,32,42.37056381688287,20.0,0,21.474772883717826,18.0,0,18.415972387199794,17.0,0,19.25481172542509
Viluppuram,7.541388888888889,32,29,weekend,34.90452850109481,5,36.64660256361383,35.84218079539566,16,37.83786487085035,28.0,0,30.09315334292885,42.84054514959321,47,45.84337649021929,33.81871210393652,3,34.61897015000428,20.0,0,20.63368192918616,18.0,0,19.064790950346413,17.0,0,18.19581653285018
Virudhunagar,2.0644444444444443,3,52,rain,44.350793481000736,0,39.16614870095444,39.17951110800057,0,37.328072531002334,28.0,0,24.914425004840187,40.43468399020969,0,36.301995890692766,36.442483195672004,35,33.85949941145996,20.0,0,17.768266379219494,18.0,0,16.255292813508543,17.0,0,15.523615461711595
Dindigul,2.832222222222222,49,56,rain,39.546621018905,0,33.87698174001492,42.5310672795623,0,39.792865848217104,28.0,0,24.368162415656602,39.642402141494664,0,34.41826368179195,39.436185183781845,30,37.406293292621186,20.0,0,19.16498278277027,18.0,0,15.792326513803525,17.0,0,15.517782159719669
Vellore,3.419722222222222,25,11,weekend,37.727278941779964,13,33.507509008513246,33.16350779832507,14,30.310779793824334,28.0,0,25.265337769074275,48.19899329625811,63,44.52356012128408,47.78174030494075,3,42.18413975292115,20.0,0,17.793928697588868,18.0,0,17.146440831282902,17.0,0,15.844815195878487
Coimbatore,2.0605555555555553,3,38,weekend,43.767768157330956,5,38.473508950871526,39.566282936927436,19,33.76851687104497,28.0,0,25.515746091647763,43.85765828683595,66,40.027658708977974,40.68923477348823,3,36.7161746046342,20.0,0,16.927796386163063,18.0,0,16.282358985200705,17.0,0,16.3114551733726
Nagercoil,10.01388888888889,0,50,rain,38.0797699655937,0,38.515188907818526,42.3424347694493,0,43.95596037872547,28.0,0,27.254253526063962,43.54560165478784,0,43.67003008041076,35.29953219912303,24,36.2758442620775,20.0,0,20.70137372362262,18.0,0,17.473717885321065,17.0,0,18.2888753268495
Cumbum,15.651944444444444,39,7,weekend,29.471411633262974,8,28.56394971118689,47.57729861243491,11,47.345545528772504,28.0,0,29.110092252638218,41.388345997514556,43,42.42498382089526,40.83514733104723,2,41.09401785308472,20.0,0,19.385439056375123,18.0,0,18.5224819976093,17.0,0,17.35143758971804
Theni,12.937777777777779,56,16,normal,27.774389228803496,7,27.108232965491897,42.97994616938519,36,41.99684192622378,28.0,0,27.491195954689537,44.20381477073529,0,43.44693598668401,31.262434629525817,6,30.446258861128396,20.0,0,19.043148805191585,18.0,0,17.595159745146994,17.0,0,15.795583706829227
Dharmapuri,7.125833333333333,7,33,rain,39.52700671836661,0,41.762960554780044,38.715080833617264,0,42.34206804473228,28.0,0,29.370824671760424,47.03003548747523,0,49.122395108747405,40.070630429811445,20,43.66882852684842,20.0,0,22.042919808356462,18.0,0,19.743197609223543,17.0,0,18.459897476171353
Trichy,17.694166666666668,41,39,rain,31.886725557283217,0,31.71990060090562,41.163907526226495,0,41.9656540075008,28.0,0,27.272510308137285,43.72134429055531,0,42.870935234238665,40.05433803692343,23,42.19519813903329,20.0,0,20.776953005731812,18.0,0,17.734145523432964,17.0,0,16.968614117961305
Viluppuram,13.598611111111111,35,55,rain,33.60818520372628,0,32.84285565783993,39.0893211634705,0,41.27018622489244,28.0,0,27.318147903033992,42.84054514959321,0,41.60403357261418,34.04026235129214,24,34.62908414859228,20.0,0,21.09651208319448,18.0,0,18.09178761483193,17.0,0,17.27751162899963
Perambalur,7.818611111111111,49,7,weekend,40.759418109477394,5,42.117549118492825,39.31380979747918,23,40.71380215542863,28.0,0,30.66912295401253,42.830884456520046,43,45.56883558013067,19.036711661493786,3,19.64211741637229,20.0,0,20.50460034362012,18.0,0,20.026098129013484,17.0,0,17.90922790420645
Karur,10.425555555555555,25,32,normal,35.06662939339528,11,34.526865162359336,42.8568280809084,38,41.817857800979375,28.0,0,28.207148839162443,44.75094055807841,0,43.40996189915335,46.32712388343816,6,45.02893277226904,20.0,0,19.145976562896653,18.0,0,17.769714495155796,17.0,0,16.027162690853913
Vellore,12.526111111111112,31,34,rain,42.35626754079851,0,41.23822993689042,39.03979270045541,0,39.92960213689442,28.0,0,28.070617482323442,48.19899329625811,0,46.11925063673271,43.74006843805889,32,44.5886399857691,20.0,0,21.025454110081448,18.0,0,17.41617542293983,17.0,0,17.30182746790561
Vellore,15.575277777777778,34,31,rain,42.35626754079851,0,41.10603498443637,39.03979270045541,0,41.15421463882736,28.0,0,27.323629058680883,48.19899329625811,0,47.81170006079919,43.74006843805889,32,45.20270274238109,20.0,0,20.374434758640543,18.0,0,18.41106484540934,17.0,0,18.506614898145397
Cumbum,9.356944444444444,21,25,weekend,29.471411633262974,8,30.534304102065036,47.57729861243491,11,49.32186265955531,28.0,0,30.566476057336274,41.388345997514556,43,45.006640203065075,40.83514733104723,2,41.95751648230428,20.0,0,21.364526393663382,18.0,0,19.481937064738805,17.0,0,17.9397209294859
Dindigul,8.351666666666667,21,6,normal,38.50338188034666,17,40.742965714505004,44.630455786187014,44,47.62462750996474,28.0,0,29.17720956850437,39.642402141494664,0,42.23671967661303,26.31908254034386,12,27.045167998874668,20.0,0,20.508625172717764,18.0,0,19.282399753636266,17.0,0,18.66155358283606
Ramanadhapuram,0.7316666666666667,43,54,normal,45.10496819414156,16,39.68360256119261,46.28714749547341,32,40.19921220092409,28.0,0,23.933990840693525,47.605870671869134,0,41.53838953120029,37.96343974512072,5,33.1509317335734,20.0,0,17.89796439594314,18.0,0,15.964608043626447,17.0,0,14.677150487291563
Dindigul,20.591666666666665,35,30,rain,39.546621018905,0,41.9169206103523,42.5310672795623,0,47.802074898424856,28.0,0,29.335438607067122,39.642402141494664,0,42.054121895005444,39.436185183781845,30,43.925737629632444,20.0,0,22.83555027606418,18.0,0,19.587066804751345,17.0,0,19.19108921819887
Trichy,2.363888888888889,21,50,weekend,31.29414501445612,6,27.70364573224689,39.572696871602524,8,34.99379283426294,28.0,0,25.31411453108158,43.72134429055531,38,40.80802101160725,40.05433803692343,0,36.214135976271834,20.0,0,17.783301931463004,18.0,0,16.51915374897524,17.0,0,15.927065981312296
Namakkal,17.168055555555558,10,5,rain,39.038209510948974,0,40.19304841142373,45.37250241583318,0,48.48080615485019,28.0,0,29.240067960140976,43.77988940216618,0,44.34558491222044,36.16769493281081,25,38.48781018556751,20.0,0,21.58033190701553,18.0,0,17.04756090429119,17.0,0,18.190362800964948
Theni,18.008333333333333,0,30,rain,38.19004885214979,0,41.7145024239621,44.333205526315936,0,49.96499050560372,28.0,0,30.238696532924415,44.20381477073529,0,47.11582000969833,45.05616956083969,11,50.17040817502579,20.0,0,22.2692572658231,18.0,0,20.307499127525173,17.0,0,19.447191426729134
Madurai,18.597777777777775,35,52,normal,48.966707744846985,17,52.899415716312404,42.86713061014949,38,46.6087322889733,28.0,0,30.217137841013948,49.76319964741091,0,55.12116606139252,26.79408785599537,2,28.976630301649703,20.0,0,21.666162674271558,18.0,0,18.6507465346481,17.0,0,18.096990223171968
Tenkasi,23.247500000000002,14,51,rain,37.54459048558374,0,33.58782177672693,38.936052625740416,0,35.722305842131455,28.0,0,24.670235357949572,46.84848003316055,0,41.1078908029525,43.719207655035106,20,40.17954289771837,20.0,0,18.782557870306704,18.0,0,16.306085204070403,17.0,0,16.118440689211514
Viluppuram,19.696944444444444,41,49,rain,33.60818520372628,0,36.377657769774096,39.0893211634705,0,43.83020373850755,28.0,0,29.74829779934295,42.84054514959321,0,45.93460343302646,34.04026235129214,24,38.383735396747646,20.0,0,22.27944099602888,18.0,0,18.351791511836304,17.0,0,18.45133508930567
Dharmapuri,22.00611111111111,0,22,normal,30.821988115774875,13,26.897628847823636,38.085268435163854,35,33.816892623210485,28.0,0,24.934500686669487,47.03003548747523,0,40.77841423136069,43.79800442850418,5,38.0025182230991,20.0,0,17.578255776734544,18.0,0,16.553165395772933,17.0,0,14.037934512762183
Ramanadhapuram,15.245277777777776,14,43,normal,45.10496819414156,16,45.0095270130254,46.28714749547341,32,46.87937695336498,28.0,0,28.4550741109474,47.605870671869134,0,48.10971391750669,37.96343974512072,5,38.34311235998107,20.0,0,20.92936911838669,18.0,0,17.875365710952817,17.0,0,17.724296615421295
Coimbatore,8.426666666666666,25,36,weekend,43.767768157330956,5,45.354002243762146,39.566282936927436,19,41.56627924587336,28.0,0,29.50853936879234,43.85765828683595,66,47.83011280285753,40.68923477348823,3,42.151092116224284,20.0,0,20.97215635606043,18.0,0,18.964023382347282,17.0,0,18.987320369690053
Nagercoil,4.068888888888889,4,8,normal,39.39766977646993,14,34.35386638290422,41.701276778783054,39,37.07988860371441,28.0,0,24.634470284070026,43.54560165478784,0,38.56795392966144,30.462175083948065,3,27.4055906047232,20.0,0,17.991905910392877,18.0,0,15.631372879057404,17.0,0,15.142667897287259
Karur,13.416944444444443,25,1,weekend,28.9237264257748,7,28.670974381629406,32.608115607663365,14,32.08707248067606,28.0,0,28.37956080611639,44.75094055807841,51,45.77331571314955,44.679762548690945,0,44.36764184496675,20.0,0,19.803410427373944,18.0,0,18.644250665308455,17.0,0,17.742303759628243
Dindigul,11.471944444444444,28,19,normal,38.50338188034666,17,37.94153402391321,44.630455786187014,44,43.7036680612263,28.0,0,26.442113932794243,39.642402141494664,0,37.92521934547316,26.31908254034386,12,25.841485332158882,20.0,0,19.431690812071,18.0,0,17.135911280071774,17.0,0,16.683385822744846
Ramanadhapuram,6.955555555555556,57,20,normal,45.10496819414156,16,46.324618317913654,46.28714749547341,32,48.259044088886995,28.0,0,29.350052326054684,47.605870671869134,0,49.889838529882454,37.96343974512072,5,38.883514118809785,20.0,0,20.472020062671767,18.0,0,18.976578998812336,17.0,0,16.379375682061696
Krishnagiri,8.94,56,24,rain,28.037994978054734,0,29.151143154912802,36.90394139758206,0,40.00855510241652,28.0,0,28.984744443354288,43.91159023305815,0,45.85593888764861,39.092342191470394,32,42.90384762247392,20.0,0,22.221553006993197,18.0,0,18.130556474435476,17.0,0,17.905821217219756
Dindigul,23.640833333333333,38,27,rain,39.546621018905,0,34.31872479807381,42.5310672795623,0,39.859674856493456,28.0,0,24.09890152112423,39.642402141494664,0,34.08356958289421,39.436185183781845,30,35.41732827982651,20.0,0,19.28695846152782,18.0,0,16.001320572815214,17.0,0,15.351943425406546
Madurai,15.236388888888888,14,11,rain,41.34622390114707,0,41.97288241466978,38.9700071667711,0,41.41818426287727,28.0,0,27.926397521382174,49.76319964741091,0,49.84606703250216,41.92929403966443,21,43.829084423887394,20.0,0,21.15488027906279,18.0,0,17.562028918863803,17.0,0,17.62128032352632
Karur,10.05888888888889,3,32,rain,31.99517790958504,0,31.10932258400974,37.73247184428588,0,39.067209510437436,28.0,0,26.274877967227642,44.75094055807841,0,44.30767514300835,43.03240121394373,28,44.81743899587387,20.0,0,20.535866000037522,18.0,0,17.842110504915308,17.0,0,17.695406508179357
Namakkal,5.761388888888889,45,41,weekend,32.076010226182866,4,28.686103882577736,43.244467826232395,17,39.29048437493773,28.0,0,26.237181723000703,43.77988940216618,40,41.213830786827764,49.65261377539575,3,45.924979170486296,20.0,0,19.02818282372994,18.0,0,17.54430252912949,17.0,0,15.881460706128985
Perambalur,7.764166666666667,45,51,weekend,40.759418109477394,5,42.19152673202242,39.31380979747918,23,40.626281863928625,28.0,0,29.982352762437188,42.830884456520046,43,46.48679199491692,19.036711661493786,3,19.37037940247106,20.0,0,20.40276360359948,18.0,0,18.881184860713685,17.0,0,18.10537847210457
Salem,7.590277777777778,35,25,rain,30.46411548521254,0,31.331985391276838,41.07025287760748,0,44.75606542163813,28.0,0,28.098530880822885,42.795009738268384,0,43.729764188289494,42.90399215480497,33,46.63236836816081,20.0,0,21.63665907690441,18.0,0,19.166937515783243,17.0,0,17.740085578958393
Karur,13.179166666666665,10,45,rain,31.99517790958504,0,31.337566386364383,37.73247184428588,0,39.40916776782297,28.0,0,27.3137536593558,44.75094055807841,0,43.96178455466857,43.03240121394373,28,45.1709442642296,20.0,0,21.19682398891393,18.0,0,17.47489790527547,17.0,0,17.314384469308543
Theni,9.593055555555557,35,35,rain,38.19004885214979,0,39.77695878880962,44.333205526315936,0,48.05525712717143,28.0,0,28.5827943291891,44.20381477073529,0,45.56459712540834,45.05616956083969,11,49.029192965854065,20.0,0,22.154914047831813,18.0,0,18.4700748581932,17.0,0,17.633821143558926
Coimbatore,23.011388888888888,0,41,weekend,43.767768157330956,5,38.953780489337106,39.566282936927436,19,34.587564494030765,28.0,0,25.471231495103385,43.85765828683595,66,39.81932897444865,40.68923477348823,3,35.457850510855565,20.0,0,17.869650385723983,18.0,0,16.548555581966664,17.0,0,15.813717635305586
Ramanadhapuram,15.949722222222222,56,59,rain,38.663502020988375,0,38.46505126744785,46.168240212269,0,48.35305788195607,28.0,0,27.95530576419617,47.605870671869134,0,47.95292787275111,42.24953654856638,22,44.67473483939787,20.0,0,21.009741605832243,18.0,0,17.428331031258207,17.0,0,17.62620307557472
Tenkasi,20.127222222222223,7,38,rain,37.54459048558374,0,40.650761429572775,38.936052625740416,0,43.666999789096366,28.0,0,30.494211736834174,46.84848003316055,0,49.88519322678347,43.719207655035106,20,49.865684674393165,20.0,0,22.079044528371586,18.0,0,19.318921850000436,17.0,0,19.73179757346115
Viluppuram,7.358055555555556,21,29,rain,33.60818520372628,0,34.68442030710357,39.0893211634705,0,42.62556800333326,28.0,0,28.331808302573354,42.84054514959321,0,44.479813849157146,34.04026235129214,24,37.709703516570414,20.0,0,22.20264398075476,18.0,0,18.71972470039626,17.0,0,18.71215963521436
Madurai,18.65222222222222,39,8,normal,48.966707744846985,17,51.7893932365335,42.86713061014949,38,46.18733484485895,28.0,0,30.119101352752157,49.76319964741091,0,53.59941780512741,26.79408785599537,2,28.989237633577734,20.0,0,21.621178866163408,18.0,0,19.241188409769133,17.0,0,18.413367293602644
Salem,16.934444444444445,56,4,rain,30.46411548521254,0,29.935367655874195,41.07025287760748,0,42.792213120840216,28.0,0,28.276320924285475,42.795009738268384,0,42.05461225856716,42.90399215480497,33,46.19848860487619,20.0,0,21.311388462868763,18.0,0,18.005319831504767,17.0,0,17.409195600422688
Namakkal,23.520833333333332,31,15,weekend,32.076010226182866,4,28.869369568698552,43.244467826232395,17,39.02471467769377,28.0,0,25.487099864432405,43.77988940216618,40,40.22301067882624,49.65261377539575,3,43.094250891956925,20.0,0,17.862257337380495,18.0,0,16.232193808529672,17.0,0,15.052881148856207
Nagercoil,10.126111111111111,7,34,weekend,36.76187015471747,8,36.530574292535164,42.983592760115535,16,41.49329707003765,28.0,0,29.050096484229847,43.54560165478784,44,44.359413111904566,22.49218157320404,4,22.025075936169237,20.0,0,18.85435831886978,18.0,0,18.301103444424346,17.0,0,17.62284352529943
Coimbatore,20.074444444444445,4,28,normal,38.58726764809433,20,41.544462509361054,40.285698826583115,40,42.69972356518255,28.0,0,29.1298457151337,43.85765828683595,0,47.70405363912408,42.11676363644483,7,44.9598271254491,20.0,0,21.355584043978595,18.0,0,18.780615402835537,17.0,0,17.691999471707874
Bodi,21.754166666666666,45,15,rain,35.24301855846298,0,37.221261571028776,43.08852707983893,0,48.696308676239575,28.0,0,30.036598507787296,46.312237496988104,0,50.12867874063787,45.086517299376204,27,51.498797867092435,20.0,0,22.838323976617282,18.0,0,19.904086301048803,17.0,0,18.55027662555472
Cumbum,6.4911111111111115,29,28,normal,40.76674865603148,18,42.44246583600373,49.15408934487722,37,50.893253263161114,28.0,0,28.615251405299087,41.388345997514556,0,42.8664413435399,47.691512153415324,4,49.34701374514918,20.0,0,20.78647320986062,18.0,0,19.622523737263393,17.0,0,17.358912523759425
Perambalur,4.586111111111111,35,10,rain,39.947734156669284,0,35.35075703691419,40.604214214748886,0,38.40334111689795,28.0,0,24.447687071094574,42.830884456520046,0,37.32129378961621,47.42780520358114,28,43.06082265172573,20.0,0,19.14132795299811,18.0,0,15.997717308171842,17.0,0,15.880225877652434
Krishnagiri,17.59638888888889,35,47,normal,34.05454940382103,17,33.16973368983058,39.82084190746941,37,39.72187567298654,28.0,0,28.608122064620474,43.91159023305815,0,43.404260958880094,32.33806041486693,7,32.217476260072225,20.0,0,19.338017340131074,18.0,0,18.664596204043885,17.0,0,16.89860127535262
Theni,12.713333333333333,42,48,rain,38.19004885214979,0,36.366024211924056,44.333205526315936,0,45.12189920144014,28.0,0,26.17736710954622,44.20381477073529,0,43.79509562047285,45.05616956083969,11,46.73569588968204,20.0,0,20.340237605411318,18.0,0,17.005287515950705,17.0,0,17.82141061866679
Krishnagiri,20.516666666666666,31,0,weekend,22.021440552288443,5,23.602338154227116,33.98704088769471,17,37.35403933642328,28.0,0,31.719775930195407,43.91159023305815,59,49.34591385566619,48.179345098962024,2,51.9988559689654,20.0,0,21.76351260789517,18.0,0,20.1333861559003,17.0,0,18.68973085249113
Theni,21.49527777777778,29,43,normal,27.774389228803496,7,30.239296983221145,42.97994616938519,36,46.46089199656937,28.0,0,30.396341820007688,44.20381477073529,0,47.13207211341368,31.262434629525817,6,34.005875196283824,20.0,0,21.376830739992474,18.0,0,19.593297215111036,17.0,0,18.77025891376282
Dindigul,5.373611111111111,22,25,normal,38.50338188034666,17,35.2802166294788,44.630455786187014,44,41.328029351819865,28.0,0,24.579340576117605,39.642402141494664,0,36.53360700075108,26.31908254034386,12,24.125876364157605,20.0,0,18.072095007368866,18.0,0,17.083029746941026,17.0,0,15.527546432454784
Tenkasi,20.310555555555556,18,38,weekend,39.97890079277373,6,43.17501681260107,33.21914342462593,16,36.385841923844495,28.0,0,31.339046124754997,46.84848003316055,60,53.63644053890102,27.704370543179156,1,30.05558454645691,20.0,0,21.756246078241023,18.0,0,20.834074436242787,17.0,0,19.116327118129103
Dharmapuri,1.1263888888888889,7,35,normal,30.821988115774875,13,27.288209886515386,38.085268435163854,35,32.944761566326015,28.0,0,24.390534929326133,47.03003548747523,0,41.2828785474444,43.79800442850418,5,38.40930164176833,20.0,0,17.385494596019523,18.0,0,15.866375669148914,17.0,0,14.740982348552478
Coimbatore,23.19472222222222,11,41,normal,38.58726764809433,20,34.10515344576035,40.285698826583115,40,35.359663317972334,28.0,0,24.974503271893433,43.85765828683595,0,39.05591425602634,42.11676363644483,7,37.454444462530546,20.0,0,17.82481058648624,18.0,0,16.655691899730943,17.0,0,14.579406999912974
Madurai,0.7805555555555556,46,50,weekend,33.72574005744715,6,29.747196251357895,35.07288372339271,19,31.0801886949851,28.0,0,25.3304331666977,49.76319964741091,57,44.680765340067616,34.3616909478299,0,30.75197815720976,20.0,0,17.112232456841983,18.0,0,16.278437594837836,17.0,0,15.431823484335816
Namakkal,5.703611111111111,42,13,rain,39.038209510948974,0,35.84830948811426,45.37250241583318,0,44.617986083349514,28.0,0,26.21532172182151,43.77988940216618,0,39.2668960225384,36.16769493281081,25,34.75383953843604,20.0,0,19.54138190008807,18.0,0,16.39133981133527,17.0,0,15.656376047379288
Trichy,11.779166666666667,46,45,weekend,31.29414501445612,6,30.445631852880382,39.572696871602524,8,37.98870034872524,28.0,0,28.65819439170393,43.72134429055531,38,44.07747139044048,40.05433803692343,0,39.44998184465239,20.0,0,19.06072661931675,18.0,0,18.082901590605125,17.0,0,17.64786767579247
Perambalur,10.122222222222224,7,20,normal,39.13605020386118,20,39.68969744598673,41.89461863201859,28,40.57325507214705,28.0,0,27.277607375314208,42.830884456520046,0,41.90078009776597,31.96351280649583,5,32.35746315299309,20.0,0,19.077895557559923,18.0,0,17.896425569138565,17.0,0,16.83294005681327
Madurai,3.7008333333333336,42,3,rain,41.34622390114707,0,36.00057774348723,38.9700071667711,0,36.968865977165045,28.0,0,24.263190435784132,49.76319964741091,0,43.51523821519,41.92929403966443,21,38.581949614463994,20.0,0,18.74391248592534,18.0,0,15.447562213687826,17.0,0,15.563865815136541
Vellore,21.941388888888888,56,29,rain,42.35626754079851,0,44.70255902336689,39.03979270045541,0,43.888255185157306,28.0,0,29.674648675812445,48.19899329625811,0,51.29739240425414,43.74006843805889,32,49.099163336797844,20.0,0,22.398353980806842,18.0,0,19.249366757599514,17.0,0,19.190913340099964
Trichy,11.962499999999999,57,45,normal,32.479306100110314,13,31.759744787191025,42.755118180850474,24,41.765378657965364,28.0,0,28.04990976577611,43.72134429055531,0,42.71564504080434,40.05433803692343,0,39.23154676115112,20.0,0,19.999280987876823,18.0,0,17.218172487216595,17.0,0,16.8485799494134
Theni,21.98638888888889,59,11,rain,38.19004885214979,0,41.60300956117704,44.333205526315936,0,50.921620593274795,28.0,0,30.365819454097906,44.20381477073529,0,48.29833568596273,45.05616956083969,11,52.24747189427934,20.0,0,23.306068823746998,18.0,0,19.221285235628066,17.0,0,19.527344937134743
Virudhunagar,2.4855555555555555,29,8,normal,40.22809075568417,9,35.273358449073996,44.41962434322648,37,39.5666411567662,28.0,0,24.68648266222276,40.43468399020969,0,35.54244874175277,29.218368644243697,9,25.67854630105199,20.0,0,17.331815227575696,18.0,0,15.839290276315891,17.0,0,15.536708415067741
Pudukottai,20.172222222222224,10,20,rain,39.01988715770722,0,41.799712013897775,40.46523697096036,0,46.091336877867796,28.0,0,30.392838178155717,47.052339145013335,0,50.99315299645933,38.27290797059502,23,43.845762407883996,20.0,0,23.093256162416665,18.0,0,19.726045957162224,17.0,0,19.30699277365994
Karur,13.23361111111111,14,1,rain,31.99517790958504,0,31.776415108524635,37.73247184428588,0,39.67153283919245,28.0,0,28.278499359483444,44.75094055807841,0,44.511729861358425,43.03240121394373,28,45.16716937917419,20.0,0,20.66497734239029,18.0,0,18.179183771078367,17.0,0,17.941471490255783
Bodi,0.31222222222222223,18,44,normal,43.7691805850676,17,39.360376397237225,45.10647409133021,38,40.21859490514316,28.0,0,24.799727977609418,46.312237496988104,0,41.27351574372596,35.005235627037244,7,31.956028738042107,20.0,0,18.690883999646278,18.0,0,16.01183999622463,17.0,0,15.16489211432896
Perambalur,19.608611111111113,36,31,normal,39.13605020386118,20,41.145534829535755,41.89461863201859,28,44.9915325562595,28.0,0,29.880987865261535,42.830884456520046,0,45.49520357268722,31.96351280649583,5,33.938775556733134,20.0,0,21.07614899555117,18.0,0,19.95308147556679,17.0,0,17.81219248438395
Ramanadhapuram,15.133055555555556,7,59,weekend,32.22203584783519,4,33.03172305732392,46.049332929064576,13,47.21907444096998,28.0,0,29.440086543417596,47.605870671869134,51,49.75060126287819,40.10648814684355,0,41.56526842209911,20.0,0,19.56695427977774,18.0,0,18.315782513636602,17.0,0,18.158814717407132
Karur,16.720555555555553,43,14,normal,35.06662939339528,11,34.89531778234811,42.8568280809084,38,41.705349538850434,28.0,0,27.726785330037124,44.75094055807841,0,43.881883775905365,46.32712388343816,6,46.40736269544099,20.0,0,19.529977753228696,18.0,0,18.02602374394886,17.0,0,16.852969862628015
Bodi,9.401944444444444,24,7,weekend,26.71685653185835,12,28.800764661884678,41.07058006834765,11,42.44336225321824,28.0,0,30.33264272263962,46.312237496988104,54,50.876316726610725,29.595738987812993,2,30.386817583393686,20.0,0,21.679726016662276,18.0,0,19.836314288271048,17.0,0,18.9587080610433
Chennai,13.665833333333333,39,57,weekend,38.07906527215725,6,36.84653222866303,41.16424113198611,15,39.75526347057217,28.0,0,28.623325950461812,46.755116111988286,55,47.70769420384524,25.222384006616462,2,25.23717083785683,20.0,0,20.04736291911283,18.0,0,18.241517368126495,17.0,0,16.724404270102273
Cumbum,9.540277777777778,32,25,normal,40.76674865603148,18,41.63980879853456,49.15408934487722,37,50.7654540579874,28.0,0,28.98631196517958,41.388345997514556,0,41.89584883396149,47.691512153415324,4,49.1577229798442,20.0,0,20.655231546104567,18.0,0,18.487192073333325,17.0,0,17.18553855693376
Salem,10.077222222222222,4,38,normal,30.991852204279624,15,29.754306285505077,46.51115891623186,37,45.828957267743114,28.0,0,28.168603927148745,42.795009738268384,0,42.66928563180539,39.490013090154434,3,39.0336585005525,20.0,0,19.919674844544556,18.0,0,18.653997858973046,17.0,0,15.610125929949966
Chennai,16.769444444444442,46,10,weekend,38.07906527215725,6,37.669863743710586,41.16424113198611,15,41.17925793126409,28.0,0,28.82594894931573,46.755116111988286,55,48.0261041401013,25.222384006616462,2,25.410719232506285,20.0,0,19.83232291323224,18.0,0,18.3067972400142,17.0,0,17.69683480992213
Ramanadhapuram,3.468611111111111,28,7,rain,38.663502020988375,0,34.92520859296138,46.168240212269,0,43.66059393304449,28.0,0,24.747970528141174,47.605870671869134,0,42.07833071366037,42.24953654856638,22,38.011521461271386,20.0,0,18.454067309133002,18.0,0,15.334737539194895,17.0,0,15.910397596973958
Chennai,10.474444444444444,28,28,weekend,38.07906527215725,6,37.327066389482916,41.16424113198611,15,40.37881582544127,28.0,0,27.557465758508407,46.755116111988286,55,47.771597433762764,25.222384006616462,2,24.18205071552174,20.0,0,18.87644676140612,18.0,0,18.24956550483735,17.0,0,17.29831698470005
Ooty,3.713611111111111,42,49,weekend,23.42485009104321,7,20.15565969208367,42.15278264391995,13,36.84924892616164,28.0,0,25.308776728306192,46.91917691378848,45,42.12814417175345,49.23476274080344,2,43.52939603882432,20.0,0,17.46293682125098,18.0,0,15.928105405977302,17.0,0,14.78242909501266
Virudhunagar,14.95,57,0,normal,40.22809075568417,9,39.90519604008763,44.41962434322648,37,44.91119385049843,28.0,0,29.04076607060286,40.43468399020969,0,41.24263601011718,29.218368644243697,9,29.365154991843006,20.0,0,19.938012697355976,18.0,0,18.097136819450817,17.0,0,16.97467073558557
Madurai,15.54861111111111,32,55,normal,48.966707744846985,17,48.40197075150138,42.86713061014949,38,43.020171331350305,28.0,0,28.264011611303978,49.76319964741091,0,49.27416171840235,26.79408785599537,2,27.227024318623176,20.0,0,20.332621416932398,18.0,0,17.809240571731383,17.0,0,16.97517105211209
Madurai,3.8841666666666668,53,3,weekend,33.72574005744715,6,29.97027766692106,35.07288372339271,19,30.704737632871012,28.0,0,25.291318511814968,49.76319964741091,57,45.541194683366015,34.3616909478299,0,30.962298947190718,20.0,0,18.7871649889652,18.0,0,15.778378499105806,17.0,0,15.68438533373209
Nagercoil,16.23777777777778,14,16,rain,38.0797699655937,0,38.486903619252736,42.3424347694493,0,44.95033767504226,28.0,0,28.85042397842805,43.54560165478784,0,43.68145107882146,35.29953219912303,24,37.284403601499555,20.0,0,20.50369870018341,18.0,0,17.634872056632354,17.0,0,17.783205821982754
Dindigul,20.83277777777778,49,58,normal,38.50338188034666,17,41.292183596309584,44.630455786187014,44,48.089076204972585,28.0,0,29.56393335108647,39.642402141494664,0,42.90843554997183,26.31908254034386,12,28.320418125254445,20.0,0,21.788643204919204,18.0,0,19.24761107237965,17.0,0,19.1652971841958
Madurai,6.004444444444444,0,16,weekend,33.72574005744715,6,34.56383102730761,35.07288372339271,19,36.911387576430506,28.0,0,29.843461212084637,49.76319964741091,57,53.48652827772201,34.3616909478299,0,35.44857402472396,20.0,0,20.752665325360287,18.0,0,19.602028656112427,17.0,0,18.593333712565066
Ooty,3.9513888888888893,57,5,normal,33.753341488930886,13,30.528528724363156,46.373995039336926,37,40.63854819594388,28.0,0,24.473246628717472,46.91917691378848,0,40.91032570610538,36.06306576188319,4,31.566365903479355,20.0,0,18.11333059815612,18.0,0,15.784621653069031,17.0,0,15.014830130689926
Tenkasi,11.711944444444443,42,43,rain,37.54459048558374,0,36.29273886285711,38.936052625740416,0,39.52117135612543,28.0,0,26.370759142002235,46.84848003316055,0,45.66101801586032,43.719207655035106,20,44.635508190528704,20.0,0,20.898637692669364,18.0,0,18.042835517241013,17.0,0,17.220455465855547
Chennai,1.313611111111111,18,49,normal,39.304323934908425,15,34.05338717422,39.433081213781136,32,34.95263212287853,28.0,0,23.953949630691454,46.755116111988286,0,41.65340142937603,26.618243730497205,4,23.70245383656752,20.0,0,18.28123535202087,18.0,0,16.564106722253467,17.0,0,15.230382725824253
Namakkal,17.113611111111112,6,49,rain,39.038209510948974,0,39.266558002660396,45.37250241583318,0,47.74032717757071,28.0,0,28.07963205419162,43.77988940216618,0,44.92044266716816,36.16769493281081,25,38.590485176014305,20.0,0,20.92284960339327,18.0,0,18.119230597806347,17.0,0,17.985996209004306
Ramanadhapuram,21.428055555555556,25,41,weekend,32.22203584783519,4,35.06433081833345,46.049332929064576,13,50.521727210369825,28.0,0,32.08491970399375,47.605870671869134,51,53.81545162509459,40.10648814684355,0,42.89007065287645,20.0,0,21.418635214079877,18.0,0,21.13931834974261,17.0,0,18.505512364691135
Salem,16.88,52,48,rain,30.46411548521254,0,30.082029190297582,41.07025287760748,0,42.81310680905057,28.0,0,27.497922070708878,42.795009738268384,0,42.5589300054242,42.90399215480497,33,45.12010978371841,20.0,0,20.81633509810183,18.0,0,18.614788756132125,17.0,0,17.937056384771214
Ramanadhapuram,3.651944444444444,39,7,weekend,32.22203584783519,4,29.172734674159333,46.049332929064576,13,40.565669140390064,28.0,0,26.16041896897606,47.605870671869134,51,43.81124450922937,40.10648814684355,0,34.929868633690134,20.0,0,17.304630715881515,18.0,0,17.064026851769057,17.0,0,16.159474328061187
Perambalur,4.715,42,54,weekend,40.759418109477394,5,35.197442468680386,39.31380979747918,23,35.40105841670049,28.0,0,25.406096411426816,42.830884456520046,43,39.28310688959754,19.036711661493786,3,16.68966786803138,20.0,0,17.53276242411711,18.0,0,16.191181131768698,17.0,0,14.787804020932098
Vellore,0.06166666666666667,3,42,rain,42.35626754079851,0,36.96585785992427,39.03979270045541,0,36.076229689499,28.0,0,25.070120034264527,48.19899329625811,0,41.7191161974027,43.74006843805889,32,40.46272734147544,20.0,0,18.0748838798149,18.0,0,15.385780684186885,17.0,0,15.844781337808142
Ooty,15.99472222222222,59,41,rain,28.58909578998705,0,28.612763351489985,44.26338884162844,0,46.76349635703957,28.0,0,28.13605352119765,46.91917691378848,0,47.548146728808774,41.97774609884506,23,44.5973861928309,20.0,0,22.020208296987384,18.0,0,18.34278871406734,17.0,0,16.975238152398337
Krishnagiri,5.7652777777777775,45,55,rain,28.037994978054734,0,25.81588324703373,36.90394139758206,0,35.32912114425209,28.0,0,25.56468578217498,43.91159023305815,0,40.07119664523997,39.092342191470394,32,38.96445698082952,20.0,0,18.41013070839114,18.0,0,16.304837544869134,17.0,0,16.340597841393055
Krishnagiri,2.645,38,42,rain,28.037994978054734,0,23.209142883188182,36.90394139758206,0,33.37516819334905,28.0,0,24.388662571106718,43.91159023305815,0,38.123442595248974,39.092342191470394,32,35.897611672870006,20.0,0,18.816924702430985,18.0,0,15.548444035423808,17.0,0,15.086414354108468
Theni,9.521944444444445,31,19,rain,38.19004885214979,0,40.09878268436432,44.333205526315936,0,48.382217242062865,28.0,0,28.810270439456794,44.20381477073529,0,45.66475564142269,45.05616956083969,11,48.43463972355379,20.0,0,22.511474155906154,18.0,0,18.411267239314427,17.0,0,18.934686944415876
Salem,1.3663888888888889,21,59,rain,30.46411548521254,0,26.851738721208818,41.07025287760748,0,38.7603609513982,28.0,0,24.142067179603483,42.795009738268384,0,38.54039095380207,42.90399215480497,33,40.19205214026392,20.0,0,18.521493135270035,18.0,0,15.95879239078671,17.0,0,15.85793208888515
Kanyakumari,21.88861111111111,53,19,normal,40.91867763801298,14,44.346015431979076,41.22047902430772,46,44.089552732315646,28.0,0,30.552912445807323,46.56479008021971,0,48.945053484526134,40.049794546320875,8,43.26314378909949,20.0,0,21.599095803308334,18.0,0,18.935649227842234,17.0,0,19.265378790549295
Pudukottai,20.243333333333336,14,36,rain,39.01988715770722,0,42.02419971869504,40.46523697096036,0,45.67359242527774,28.0,0,30.94335198459382,47.052339145013335,0,50.53464060082426,38.27290797059502,23,43.53179883280106,20.0,0,22.76483070866419,18.0,0,20.00422810918166,17.0,0,19.651636491384707
Tirunelveli,1.1791666666666667,10,45,rain,39.232489486645534,0,35.2089215143105,41.38586655928871,0,38.3662169561695,28.0,0,25.494107140617473,42.33256633042416,0,37.3342518439826,40.88264477008581,27,38.73752627764404,20.0,0,19.305269559842387,18.0,0,15.562511176702982,17.0,0,16.105826506785892
Namakkal,14.36,21,36,normal,46.000408795715074,17,45.694295585136636,47.500537005433976,36,48.39424522718408,28.0,0,29.0972866249344,43.77988940216618,0,44.135071157070406,29.12477557085127,4,29.212992893628396,20.0,0,19.481200809039876,18.0,0,18.753437607688255,17.0,0,17.088683621832438
Tenkasi,17.302500000000002,18,9,normal,35.11028017839375,17,35.36105444111265,44.652961826854906,45,45.371736421363664,28.0,0,28.312555605593165,46.84848003316055,0,47.43772587388441,38.219946675145756,3,39.245093872707095,20.0,0,19.205188176175206,18.0,0,18.249016955596467,17.0,0,17.18643053177559
Ramanadhapuram,18.182222222222222,10,56,weekend,32.22203584783519,4,35.45534224799519,46.049332929064576,13,49.93061524000541,28.0,0,32.04104264498442,47.605870671869134,51,53.630782925947834,40.10648814684355,0,43.89786326481049,20.0,0,21.38062513862402,18.0,0,20.001329653444774,17.0,0,20.105905541314886
Tirunelveli,7.769722222222222,46,11,normal,39.624756883282366,19,41.01887737825939,38.380917836502896,36,40.03320424979849,28.0,0,28.504251480660482,42.33256633042416,0,44.00831202498979,44.56365019926856,7,46.2259744367425,20.0,0,21.162643398120007,18.0,0,17.7512378453295,17.0,0,17.69762528998555
Namakkal,20.54277777777778,32,34,weekend,32.076010226182866,4,34.264333965215314,43.244467826232395,17,46.29472288037733,28.0,0,30.916228426726676,43.77988940216618,40,48.83137182214348,49.65261377539575,3,53.502676615910055,20.0,0,21.330621841276766,18.0,0,19.861039839796184,17.0,0,18.875662287027755
Karur,1.8980555555555556,53,53,weekend,28.9237264257748,7,25.57286763870406,32.608115607663365,14,29.460077883062674,28.0,0,25.744804152658443,44.75094055807841,51,40.68930356994771,44.679762548690945,0,39.96631778076353,20.0,0,17.628011453269373,18.0,0,16.266103875522017,17.0,0,15.091896057809935
Madurai,0.9638888888888888,57,50,normal,48.966707744846985,17,43.189673269932364,42.86713061014949,38,37.93061510240648,28.0,0,25.052148376268725,49.76319964741091,0,43.47579169933259,26.79408785599537,2,23.504833130001913,20.0,0,18.42711785238157,18.0,0,16.1853665783522,17.0,0,14.782665446854438
Viluppuram,10.702777777777778,42,10,normal,32.311841906357756,18,31.935998091559856,42.33646153154534,37,41.23917683346966,28.0,0,27.216709801518668,42.84054514959321,0,41.57183448597848,27.330810800132806,3,26.19748917824144,20.0,0,20.328848203563304,18.0,0,17.860074620396556,17.0,0,16.395796440501957
Cumbum,9.17361111111111,10,25,rain,35.11908014464723,0,36.666584169192525,48.36569397865607,0,53.42824926997039,28.0,0,28.3407972505111,41.388345997514556,0,42.3028259950525,32.75549403283424,21,36.014509058157685,20.0,0,21.91147059446678,18.0,0,18.860585206671747,17.0,0,18.419515018555817
Cumbum,0.7583333333333333,45,30,rain,35.11908014464723,0,30.2391206167765,48.36569397865607,0,44.2751643960232,28.0,0,23.95854417564772,41.388345997514556,0,35.94525878107098,32.75549403283424,21,29.94676952092979,20.0,0,18.6697345297934,18.0,0,15.801318030306604,17.0,0,15.146244316721424
Madurai,0.6383333333333333,38,18,weekend,33.72574005744715,6,29.37415484783949,35.07288372339271,19,31.32959863206186,28.0,0,26.15944689675107,49.76319964741091,57,45.565308818509315,34.3616909478299,0,30.10979744759558,20.0,0,16.98451894559522,18.0,0,16.644240275484773,17.0,0,15.343036516452786
Trichy,17.003055555555555,0,11,weekend,31.29414501445612,6,31.01724207869228,39.572696871602524,8,39.82684439403757,28.0,0,29.091840742844095,43.72134429055531,38,46.05596786571554,40.05433803692343,0,39.87687111232402,20.0,0,19.789961148726213,18.0,0,18.38497515201871,17.0,0,17.21126733906216
Karur,4.947222222222223,56,50,weekend,28.9237264257748,7,25.1732538724659,32.608115607663365,14,28.82547017212664,28.0,0,25.195745056443826,44.75094055807841,51,39.89701692308688,44.679762548690945,0,39.85171021619479,20.0,0,17.990405938890397,18.0,0,16.365981298758427,17.0,0,15.02504734714656
Coimbatore,11.221388888888889,13,17,rain,41.177517902712644,0,40.58485997252144,39.925990881755276,0,40.31763424949729,28.0,0,27.225449913559462,43.85765828683595,0,43.901582421728044,48.59837205358705,26,49.18378343456752,20.0,0,20.59899318595832,18.0,0,17.25932426807151,17.0,0,18.004128548941768
Namakkal,17.605833333333333,36,21,normal,46.000408795715074,17,46.37205608138888,47.500537005433976,36,47.50842244359184,28.0,0,27.469999734667617,43.77988940216618,0,42.917328000923824,29.12477557085127,4,28.235652350605065,20.0,0,20.475274264607545,18.0,0,17.480912550237765,17.0,0,17.506578253746405
Krishnagiri,11.243611111111111,14,37,weekend,22.021440552288443,5,21.090147560676613,33.98704088769471,17,32.94900390590448,28.0,0,28.224396367057285,43.91159023305815,59,44.79830879948364,48.179345098962024,2,47.89434266422971,20.0,0,19.96694249833439,18.0,0,18.68078475514759,17.0,0,16.926174310840757
Cumbum,9.611388888888888,36,41,normal,40.76674865603148,18,42.23538355139755,49.15408934487722,37,51.17656195173819,28.0,0,28.922290479342955,41.388345997514556,0,43.73847686403975,47.691512153415324,4,49.0171870021278,20.0,0,20.773118448614184,18.0,0,18.205087883511304,17.0,0,17.37500042297016
Coimbatore,14.467222222222222,28,2,rain,41.177517902712644,0,41.500511966149105,39.925990881755276,0,41.847906063023174,28.0,0,28.0805967620709,43.85765828683595,0,44.371187904525456,48.59837205358705,26,51.71032071209797,20.0,0,21.103719742999342,18.0,0,18.832584183784185,17.0,0,18.445469499265883
Kanyakumari,3.8169444444444443,49,1,rain,45.06764523389062,0,39.25018081739962,40.22596629886361,0,37.71832430413098,28.0,0,24.721129659931545,46.56479008021971,0,40.70793807097844,43.677871284269436,33,40.83147503398126,20.0,0,18.577604905449476,18.0,0,15.794610609175114,17.0,0,15.952944034448212
Namakkal,5.649166666666666,38,57,rain,39.038209510948974,0,35.64757395037031,45.37250241583318,0,44.4107954910302,28.0,0,26.074657061247784,43.77988940216618,0,40.34831871108857,36.16769493281081,25,34.73139714007977,20.0,0,19.43511506056102,18.0,0,16.52096113602721,17.0,0,16.094021679310686
Virudhunagar,17.578055555555554,34,41,rain,44.350793481000736,0,44.425188587633436,39.17951110800057,0,41.48308264300482,28.0,0,27.62575630458004,40.43468399020969,0,40.035857047180244,36.442483195672004,35,38.78541462531766,20.0,0,21.14827258196958,18.0,0,16.884388696661865,17.0,0,17.9386826343345
Krishnagiri,23.891388888888887,53,29,normal,34.05454940382103,17,30.073919468981604,39.82084190746941,37,35.640482772661144,28.0,0,23.902901652903143,43.91159023305815,0,37.69465318281445,32.33806041486693,7,27.98439580695573,20.0,0,18.27448299654055,18.0,0,16.10918270165327,17.0,0,14.710239579372221
Theni,0.47333333333333333,28,24,normal,27.774389228803496,7,24.10421008139041,42.97994616938519,36,37.600284785959005,28.0,0,24.5770244206403,44.20381477073529,0,38.44265945811655,31.262434629525817,6,27.34264937122799,20.0,0,17.950605560573596,18.0,0,15.435720323020513,17.0,0,14.918375307472617
Dharmapuri,10.10388888888889,6,14,rain,39.52700671836661,0,39.334625642776544,38.715080833617264,0,40.666193403056155,28.0,0,27.377809775693983,47.03003548747523,0,46.20799432522876,40.070630429811445,20,41.744559126185365,20.0,0,20.34153633770453,18.0,0,17.570073344851924,17.0,0,17.647173604445655
Coimbatore,2.3694444444444445,22,10,normal,38.58726764809433,20,34.64892144754254,40.285698826583115,40,35.24181854643693,28.0,0,24.4789611083811,43.85765828683595,0,39.68056465370123,42.11676363644483,7,37.33279154916033,20.0,0,18.161951042061634,18.0,0,16.112217207700343,17.0,0,15.069156819089013
Tirunelveli,22.425555555555558,25,32,normal,39.624756883282366,19,34.37514996187443,38.380917836502896,36,34.230159927108666,28.0,0,24.566332538035947,42.33256633042416,0,37.07243611486974,44.56365019926856,7,39.388766205706084,20.0,0,17.549827126685052,18.0,0,15.07964876371055,17.0,0,14.46891902398968
Dharmapuri,19.46472222222222,27,53,rain,39.52700671836661,0,43.15950355103442,38.715080833617264,0,44.49780738395516,28.0,0,30.060271725252047,47.03003548747523,0,51.192988610961635,40.070630429811445,20,44.86952124917595,20.0,0,22.946795905124763,18.0,0,19.929988332236828,17.0,0,19.2977651148144
Vellore,0.49944444444444447,29,58,normal,46.98525613981706,17,41.151231817865956,44.916077602585744,39,39.76840765803667,28.0,0,25.77051514125832,48.19899329625811,0,42.40597948453817,35.09685323626527,7,31.321839361885548,20.0,0,17.83885829953763,18.0,0,15.684333674385826,17.0,0,15.136037769502664
Bodi,21.120833333333334,7,15,normal,43.7691805850676,17,46.2529798769672,45.10647409133021,38,49.041590756249505,28.0,0,31.53153185087425,46.312237496988104,0,50.5475949229343,35.005235627037244,7,37.80681615351918,20.0,0,21.953818305248653,18.0,0,18.86764773102866,17.0,0,18.349056866113546
Ooty,6.000555555555556,0,2,normal,33.753341488930886,13,34.06350047879264,46.373995039336926,37,48.86297940559534,28.0,0,29.655305090925413,46.91917691378848,0,48.67207373430224,36.06306576188319,4,37.513878635145915,20.0,0,21.33771719048759,18.0,0,18.04226857933369,17.0,0,17.189054851996048
Virudhunagar,20.119444444444444,7,10,normal,40.22809075568417,9,44.489010891272365,44.41962434322648,37,49.243443624625414,28.0,0,31.074555625168248,40.43468399020969,0,42.34403746282348,29.218368644243697,9,32.06036835214559,20.0,0,21.90521854448792,18.0,0,19.613100762507322,17.0,0,18.81270177175317
Trichy,17.131944444444446,7,55,normal,32.479306100110314,13,33.07307723220713,42.755118180850474,24,43.65203154301862,28.0,0,28.176168256744514,43.72134429055531,0,45.51300294028467,40.05433803692343,0,39.98340637524095,20.0,0,20.000954450590978,18.0,0,18.620211457821256,17.0,0,17.541402455240092
Ramanadhapuram,9.075833333333334,4,33,normal,45.10496819414156,16,47.052598106621495,46.28714749547341,32,48.535530195439456,28.0,0,28.81222838597566,47.605870671869134,0,49.23422517077545,37.96343974512072,5,38.93298927928047,20.0,0,20.53073040138755,18.0,0,18.46722811885722,17.0,0,17.343334040967196
Perambalur,13.001388888888888,0,5,rain,39.947734156669284,0,39.25758651054527,40.604214214748886,0,42.13428978574533,28.0,0,26.98312957924463,42.830884456520046,0,42.10033676271641,47.42780520358114,28,48.48909170236068,20.0,0,19.855395262946864,18.0,0,17.243329412186785,17.0,0,18.26280450284219
Pudukottai,23.47583333333333,28,33,weekend,37.86154046215629,6,32.377392448699254,38.300311465939544,20,34.006907710409344,28.0,0,24.810857194107122,47.052339145013335,50,43.03466724671003,28.41956323712548,3,24.538542947236028,20.0,0,16.893935530241997,18.0,0,16.520910939315645,17.0,0,15.351571915764302
Krishnagiri,2.5738888888888884,34,26,rain,28.037994978054734,0,24.46897441218374,36.90394139758206,0,33.07387853652385,28.0,0,23.811707280692403,43.91159023305815,0,38.27944044580907,39.092342191470394,32,36.66875999435923,20.0,0,18.56462456286189,18.0,0,14.912567026548421,17.0,0,14.15864054607761
Salem,4.598888888888888,35,56,weekend,29.93637876614546,8,26.351328379545542,35.6293468389831,15,31.78809412740521,28.0,0,25.50896668771405,42.795009738268384,52,39.102918670242495,32.0154388677313,4,28.171691087116287,20.0,0,18.105930741692024,18.0,0,16.621307953286166,17.0,0,15.089661205155176
Tenkasi,14.056666666666667,3,24,normal,35.11028017839375,17,34.19532061010274,44.652961826854906,45,44.212900501504016,28.0,0,27.565784665931456,46.84848003316055,0,46.83071441421065,38.219946675145756,3,37.60305837756269,20.0,0,20.721439821477006,18.0,0,17.98756433585358,17.0,0,16.91434232543285
Salem,1.549722222222222,32,59,weekend,29.93637876614546,8,26.259696724733356,35.6293468389831,15,31.034806094352987,28.0,0,26.037913372517508,42.795009738268384,52,38.96544219895789,32.0154388677313,4,27.88055901045544,20.0,0,17.491374713712556,18.0,0,16.98422271301448,17.0,0,15.715392539192429
Perambalur,4.8983333333333325,53,54,normal,39.13605020386118,20,35.15370352091079,41.89461863201859,28,36.523116134058206,28.0,0,24.937774194603325,42.830884456520046,0,37.84080916570299,31.96351280649583,5,27.875192067988664,20.0,0,17.838978857561095,18.0,0,15.813698871465204,17.0,0,14.548093042361705
Cumbum,9.24472222222222,14,41,rain,35.11908014464723,0,37.09911360989075,48.36569397865607,0,52.8618311337195,28.0,0,29.078184625286863,41.388345997514556,0,43.50708937001351,32.75549403283424,21,35.81528416808645,20.0,0,22.405159861650397,18.0,0,18.5115059674376,17.0,0,18.42434258399319
Krishnagiri,5.186388888888889,11,11,normal,34.05454940382103,17,31.692208390717862,39.82084190746941,37,37.70415404718477,28.0,0,26.247409101494434,43.91159023305815,0,40.93391391980924,32.33806041486693,7,30.588892218350395,20.0,0,18.284585691704926,18.0,0,16.76609597689001,17.0,0,15.813363472482074
Cumbum,21.933611111111112,56,1,normal,40.76674865603148,18,44.54761583460327,49.15408934487722,37,52.740756976818176,28.0,0,30.49771263348771,41.388345997514556,0,45.29691352441068,47.691512153415324,4,52.66068360639151,20.0,0,21.66494354414364,18.0,0,20.000684612085358,17.0,0,18.811918157562594
Krishnagiri,5.819722222222222,49,11,rain,28.037994978054734,0,26.75600108783668,36.90394139758206,0,35.98534717700923,28.0,0,26.173910163041153,43.91159023305815,0,40.48515125668432,39.092342191470394,32,38.71841928463415,20.0,0,19.027972521970387,18.0,0,15.296429207174722,17.0,0,16.11093149837296
Tirunelveli,19.193055555555556,11,35,weekend,38.840222090008695,8,41.49032301090464,44.39081528207452,12,48.001490889561545,28.0,0,32.531533638629604,42.33256633042416,60,47.91664567293017,26.651075201973363,2,28.729704993692813,20.0,0,21.613466405954995,18.0,0,20.489496650410356,17.0,0,19.931809583658318
Virudhunagar,17.015833333333333,0,57,normal,40.22809075568417,9,41.29102744187225,44.41962434322648,37,44.469157041614295,28.0,0,28.718098181395455,40.43468399020969,0,40.83705850103796,29.218368644243697,9,29.37749836854726,20.0,0,20.731534509820307,18.0,0,18.23327462805024,17.0,0,17.05361537620158
Dindigul,8.127222222222223,7,38,rain,39.546621018905,0,41.05872485327301,42.5310672795623,0,46.41738686047356,28.0,0,28.829256769845703,39.642402141494664,0,41.52706617242263,39.436185183781845,30,43.13611310907013,20.0,0,21.5994403490341,18.0,0,18.471591434293053,17.0,0,18.068508828795288
Krishnagiri,11.989166666666666,59,21,rain,28.037994978054734,0,27.26711096247372,36.90394139758206,0,37.914280184749146,28.0,0,27.653591010206522,43.91159023305815,0,42.2831516519941,39.092342191470394,32,39.9698789932741,20.0,0,19.904010914365657,18.0,0,17.949293846539913,17.0,0,17.525732039844872
Karur,4.001666666666667,0,6,weekend,28.9237264257748,7,26.210232105829547,32.608115607663365,14,27.83595947018044,28.0,0,26.109025915471992,44.75094055807841,51,40.94618047199754,44.679762548690945,0,39.32439222214527,20.0,0,18.44697401485901,18.0,0,16.232205542661188,17.0,0,15.327890940718914
Viluppuram,10.336111111111112,20,10,rain,33.60818520372628,0,32.98443802287039,39.0893211634705,0,41.20751881293885,28.0,0,27.45013348794049,42.84054514959321,0,42.45050142280077,34.04026235129214,24,35.19487448457184,20.0,0,20.821923687415456,18.0,0,17.5908691036113,17.0,0,17.596835096656147
Krishnagiri,23.708055555555553,42,29,weekend,22.021440552288443,5,20.02783535282559,33.98704088769471,17,30.005645591071016,28.0,0,25.583706425970167,43.91159023305815,59,39.13521744191338,48.179345098962024,2,41.930601602714525,20.0,0,17.459197195347322,18.0,0,15.870628302396703,17.0,0,15.543683793989034
Tirunelveli,22.496666666666666,29,48,normal,39.624756883282366,19,34.53004972517862,38.380917836502896,36,34.412593702126586,28.0,0,24.617619090586704,42.33256633042416,0,37.486019736917626,44.56365019926856,7,38.93400115268189,20.0,0,17.6379887277712,18.0,0,15.268488561011399,17.0,0,15.048350831391307
Theni,0.43222222222222223,25,56,weekend,48.60570847549609,10,43.7967618549339,45.686464883246686,15,40.8617756333623,28.0,0,25.824353127123118,44.20381477073529,45,40.93134593567767,27.297359059343346,1,24.535519471177047,20.0,0,18.132537318888243,18.0,0,16.39632940985906,17.0,0,16.412522657534414
Tirunelveli,13.714722222222221,42,53,rain,39.232489486645534,0,37.563828606779786,41.38586655928871,0,42.57786643338344,28.0,0,27.542777834564742,42.33256633042416,0,41.512004429117766,40.88264477008581,27,43.011748897122686,20.0,0,21.596123198198185,18.0,0,17.445072375555178,17.0,0,17.706817016146587
Namakkal,14.302222222222223,18,8,weekend,32.076010226182866,4,31.98392387278089,43.244467826232395,17,43.53662375199365,28.0,0,29.40954147596499,43.77988940216618,40,46.005454378524156,49.65261377539575,3,49.62479079859214,20.0,0,20.563715721321866,18.0,0,19.279640403849168,17.0,0,18.394121958066837
Tirunelveli,19.30527777777778,18,19,normal,39.624756883282366,19,42.822588781147665,38.380917836502896,36,41.349608674187216,28.0,0,30.554619173251194,42.33256633042416,0,46.08329060285027,44.56365019926856,7,48.676094812167044,20.0,0,21.53147868110831,18.0,0,19.15838889466745,17.0,0,18.57160982486995
Tenkasi,11.569722222222222,34,11,rain,37.54459048558374,0,36.58048013126232,38.936052625740416,0,40.6663253296776,28.0,0,27.96198424997776,46.84848003316055,0,46.32414394629978,43.719207655035106,20,44.83772321034602,20.0,0,19.583408116289434,18.0,0,17.544432827504675,17.0,0,17.123275180956938
Krishnagiri,17.413055555555555,24,47,weekend,22.021440552288443,5,22.143664402413005,33.98704088769471,17,33.409577525365,28.0,0,29.833098866518736,43.91159023305815,59,46.923049236102365,48.179345098962024,2,48.55902893222134,20.0,0,19.186398546061042,18.0,0,19.12752403618195,17.0,0,17.399265217637293
Pudukottai,20.467777777777776,28,4,normal,40.17823385325815,17,43.756295534446856,42.63016247598119,46,46.52985819307612,28.0,0,30.405308812303982,47.052339145013335,0,51.12267434322681,26.472202597790183,3,28.81653926134161,20.0,0,22.006609509726154,18.0,0,19.654394478881528,17.0,0,18.371059670933654
Tenkasi,2.2966666666666664,17,48,rain,37.54459048558374,0,34.35028047657156,38.936052625740416,0,36.50174298102985,28.0,0,24.639854365438396,46.84848003316055,0,41.60736819981039,43.719207655035106,20,41.08032063266051,20.0,0,17.99201924829435,18.0,0,15.766970197835834,17.0,0,16.536758420304757
Karur,13.362499999999999,21,45,weekend,28.9237264257748,7,28.579180810014122,32.608115607663365,14,32.21460393522497,28.0,0,28.885299140343196,44.75094055807841,51,46.92040364139272,44.679762548690945,0,44.29171654319967,20.0,0,18.688443047659632,18.0,0,18.640853546264253,17.0,0,17.483619518033702
Pudukottai,2.6505555555555556,39,2,weekend,37.86154046215629,6,32.949740000170905,38.300311465939544,20,34.006960803841274,28.0,0,25.481076961213148,47.052339145013335,50,43.669207408141226,28.41956323712548,3,24.764342041959576,20.0,0,17.640445071068363,18.0,0,16.709192200036846,17.0,0,15.12982016996119
Nagercoil,1.7108333333333332,42,39,weekend,36.76187015471747,8,31.688177981619056,42.983592760115535,16,36.86032050450929,28.0,0,25.187125241633783,43.54560165478784,44,39.83023424733848,22.49218157320404,4,19.496763333654677,20.0,0,17.153106207232153,18.0,0,16.329340570246238,17.0,0,15.580642849476433
Krishnagiri,23.52472222222222,31,29,rain,28.037994978054734,0,24.999809968134347,36.90394139758206,0,33.463046989437274,28.0,0,24.204782237505494,43.91159023305815,0,39.10785659802311,39.092342191470394,32,36.25911360643449,20.0,0,18.189421630820135,18.0,0,15.858343449457678,17.0,0,15.667603455736158
Ooty,21.401944444444442,24,7,weekend,23.42485009104321,7,26.314469845967782,42.15278264391995,13,45.903029870060486,28.0,0,32.40165493556265,46.91917691378848,45,52.777184323861476,49.23476274080344,2,53.757327381033,20.0,0,22.356236722924763,18.0,0,20.936224293091126,17.0,0,19.103157877579964
Salem,13.830833333333333,49,51,rain,30.46411548521254,0,29.30733825617539,41.07025287760748,0,42.217591182411454,28.0,0,27.1424103236988,42.795009738268384,0,42.19918184667233,42.90399215480497,33,44.25699378277448,20.0,0,20.234456768908135,18.0,0,16.781023696534497,17.0,0,17.31687342200505
Virudhunagar,11.663055555555555,39,47,weekend,48.47349620631729,2,47.069342595003185,33.93939787277466,11,33.19638509784489,28.0,0,28.914677672050146,40.43468399020969,49,40.546672764082,39.087567533570414,2,37.89186319370164,20.0,0,19.121398062569515,18.0,0,17.84630015376227,17.0,0,16.940109759280986
Pudukottai,8.765555555555556,45,56,weekend,37.86154046215629,6,38.8800726342131,38.300311465939544,20,39.57231200272868,28.0,0,30.28552026076203,47.052339145013335,50,51.041830406693364,28.41956323712548,3,30.052529727522103,20.0,0,20.41275249690945,18.0,0,19.81940089361155,17.0,0,18.263157249930373
Krishnagiri,17.467499999999998,28,3,weekend,22.021440552288443,5,22.115812314939834,33.98704088769471,17,34.95401098452312,28.0,0,29.598774493116025,43.91159023305815,59,45.36388338184155,48.179345098962024,2,48.05905321424617,20.0,0,19.780828255659557,18.0,0,18.481290120626632,17.0,0,17.777226234540187
Tenkasi,23.10527777777778,6,19,rain,37.54459048558374,0,33.13176475221313,38.936052625740416,0,36.45403465317576,28.0,0,24.634843252547803,46.84848003316055,0,40.71294609361679,43.719207655035106,20,40.79085884393876,20.0,0,18.179206184399323,18.0,0,15.298303888458376,17.0,0,15.301760369653957
Nagercoil,22.845,50,42,normal,39.39766977646993,14,33.96046590591517,41.701276778783054,39,36.32723726392471,28.0,0,23.208007424311447,43.54560165478784,0,37.42960069252252,30.462175083948065,3,26.806941742412068,20.0,0,17.969936152601267,18.0,0,14.800115589411936,17.0,0,14.631425558343496
Ramanadhapuram,3.7808333333333333,46,51,normal,45.10496819414156,16,39.61520357300978,46.28714749547341,32,39.58276574116304,28.0,0,24.189753407431184,47.605870671869134,0,41.83442669251948,37.96343974512072,5,33.06072284892674,20.0,0,17.845446674653875,18.0,0,15.487115103506785,17.0,0,14.848690683481548
Cumbum,18.884444444444444,53,4,normal,40.76674865603148,18,43.978273245295796,49.15408934487722,37,53.24120117574739,28.0,0,29.91013116999072,41.388345997514556,0,43.975183561285384,47.691512153415324,4,51.99875097294164,20.0,0,21.44304172367018,18.0,0,19.454461020217686,17.0,0,17.979790807123365
Theni,18.066111111111113,3,58,weekend,48.60570847549609,10,52.42169191386819,45.686464883246686,15,49.51209110998432,28.0,0,32.294640596821914,44.20381477073529,45,49.819893182447494,27.297359059343346,1,30.069020946964073,20.0,0,22.47667666620996,18.0,0,20.386687473768607,17.0,0,19.713009280782643
Viluppuram,19.822499999999998,49,21,rain,33.60818520372628,0,35.83050552659029,39.0893211634705,0,43.50551782323042,28.0,0,29.729998893796843,42.84054514959321,0,45.014582757365424,34.04026235129214,24,37.82458791674007,20.0,0,21.842291816664954,18.0,0,19.682425464434207,17.0,0,18.331888862582133
Dharmapuri,22.935,56,6,normal,30.821988115774875,13,26.655419825184175,38.085268435163854,35,33.14262358798341,28.0,0,24.888461107963934,47.03003548747523,0,42.10636536131082,43.79800442850418,5,38.98658889516842,20.0,0,18.047143141082323,18.0,0,15.022552817389364,17.0,0,14.666594006615277
Trichy,20.123333333333335,7,24,weekend,31.29414501445612,6,34.09680533365777,39.572696871602524,8,42.75484397454531,28.0,0,31.531022279025887,43.72134429055531,38,49.77002846872105,40.05433803692343,0,43.936191385732215,20.0,0,20.898176595887385,18.0,0,20.54561278710362,17.0,0,19.230401234991174
Cumbum,15.343055555555557,20,35,rain,35.11908014464723,0,34.536614533306945,48.36569397865607,0,51.201900462123454,28.0,0,28.556765549165867,41.388345997514556,0,41.177426020390705,32.75549403283424,21,33.999247653521174,20.0,0,20.1015907647704,18.0,0,17.941657738738648,17.0,0,17.64931369340349
Nagercoil,1.8941666666666666,53,39,normal,39.39766977646993,14,35.13269063460646,41.701276778783054,39,36.431530563056846,28.0,0,24.268377329954227,43.54560165478784,0,38.25273457260861,30.462175083948065,3,27.252054123546234,20.0,0,17.337631696117313,18.0,0,15.77726838012305,17.0,0,15.224443518850423
Tirunelveli,4.595,35,42,normal,39.624756883282366,19,35.04111487862493,38.380917836502896,36,33.05724719891903,28.0,0,24.63794333669897,42.33256633042416,0,36.641388639924905,44.56365019926856,7,39.1483980254501,20.0,0,16.860696628668315,18.0,0,15.233077118092542,17.0,0,15.012359724532537
Virudhunagar,23.944166666666668,56,39,rain,44.350793481000736,0,38.2041480907617,39.17951110800057,0,35.892914330590024,28.0,0,24.532464464825797,40.43468399020969,0,34.46859298548452,36.442483195672004,35,33.82795533344521,20.0,0,18.479765220696837,18.0,0,15.136455289245557,17.0,0,15.439084670111672
Ramanadhapuram,9.8925,53,33,weekend,32.22203584783519,4,32.87183429409776,46.049332929064576,13,47.267230130033475,28.0,0,29.453491158280897,47.605870671869134,51,51.562045268013044,40.10648814684355,0,41.829154966974365,20.0,0,21.5559057787745,18.0,0,19.156140114289553,17.0,0,17.912988611764597
Vellore,0.17388888888888887,10,26,weekend,37.727278941779964,13,33.384994398997904,33.16350779832507,14,29.35183128442726,28.0,0,25.229077308133625,48.19899329625811,63,44.399189221546884,47.78174030494075,3,42.718316013714585,20.0,0,17.55254094860196,18.0,0,16.13476988626418,17.0,0,15.527210286096718
Tenkasi,20.422777777777778,25,22,normal,35.11028017839375,17,37.33852441435292,44.652961826854906,45,48.574038206657235,28.0,0,29.943160821120944,46.84848003316055,0,50.484526436625316,38.219946675145756,3,42.14933297579563,20.0,0,22.075335219075548,18.0,0,19.717281491719977,17.0,0,18.549069635855506
Coimbatore,2.243888888888889,14,38,normal,38.58726764809433,20,34.692943624253914,40.285698826583115,40,35.346946366855924,28.0,0,24.885927445429214,43.85765828683595,0,38.82298160071479,42.11676363644483,7,37.4079505558087,20.0,0,17.38926673427909,18.0,0,15.893111456209702,17.0,0,14.3289984220269
Pudukottai,11.940277777777778,56,25,weekend,37.86154046215629,6,35.954962582569046,38.300311465939544,20,36.975735410898224,28.0,0,28.286304416208765,47.052339145013335,50,48.37801745119094,28.41956323712548,3,26.98771991060237,20.0,0,19.569743324573924,18.0,0,18.831552899378085,17.0,0,16.813003572069803
Trichy,14.899444444444445,53,58,weekend,31.29414501445612,6,31.703759066627974,39.572696871602524,8,39.179815728772645,28.0,0,28.849406373223548,43.72134429055531,38,44.986107774619214,40.05433803692343,0,40.12463599810535,20.0,0,19.553013449107926,18.0,0,18.641690002476192,17.0,0,17.94967758285006
Trichy,11.820277777777777,49,13,normal,32.479306100110314,13,31.316468102512886,42.755118180850474,24,41.98187445808953,28.0,0,27.57607904124592,43.72134429055531,0,43.532896157032845,40.05433803692343,0,39.965710559035294,20.0,0,19.72418902814477,18.0,0,17.099517965130616,17.0,0,17.259208662671174
Bodi,6.536111111111111,32,10,normal,43.7691805850676,17,45.05875958402299,45.10647409133021,38,46.982004077747156,28.0,0,29.014698269988827,46.312237496988104,0,49.080534682379735,35.005235627037244,7,36.93644015384671,20.0,0,20.3860836290611,18.0,0,18.89359097187628,17.0,0,17.512985730344962
Salem,7.831388888888888,49,53,normal,30.991852204279624,15,32.26532666566634,46.51115891623186,37,47.29592317947889,28.0,0,29.491346687792266,42.795009738268384,0,44.829083475457594,39.490013090154434,3,41.07116881275322,20.0,0,21.143472722363796,18.0,0,18.533997354661395,17.0,0,17.70545657044039
Vellore,21.195833333333333,11,45,weekend,37.727278941779964,13,40.95545102378917,33.16350779832507,14,36.9754111947143,28.0,0,31.44168425656659,48.19899329625811,63,54.987520850949544,47.78174030494075,3,52.61511056960396,20.0,0,21.791612257672018,18.0,0,20.456501994729436,17.0,0,18.49650196592061
Krishnagiri,20.333333333333332,20,0,rain,28.037994978054734,0,30.052386030686545,36.90394139758206,0,43.39747969311419,28.0,0,30.77489978729526,43.91159023305815,0,46.9296365790953,39.092342191470394,32,44.82969135284,20.0,0,23.30794956836311,18.0,0,19.619344727658778,17.0,0,19.883374706552726
Vellore,9.405833333333334,24,21,rain,42.35626754079851,0,43.782000318019676,39.03979270045541,0,43.0929073021654,28.0,0,30.19654778354467,48.19899329625811,0,50.14584176194332,43.74006843805889,32,48.123150806109706,20.0,0,21.696572993714042,18.0,0,18.802033801563958,17.0,0,17.92900620742459
Theni,9.817499999999999,49,3,normal,27.774389228803496,7,29.114800791376652,42.97994616938519,36,44.889878641499756,28.0,0,28.870709950303045,44.20381477073529,0,45.36809483841006,31.262434629525817,6,33.52266466459728,20.0,0,21.219204127926083,18.0,0,18.808108340713098,17.0,0,17.432669193217627
Dindigul,14.351111111111111,21,4,rain,39.546621018905,0,39.901074801325926,42.5310672795623,0,45.51052865505675,28.0,0,28.895407189549108,39.642402141494664,0,40.191181430774456,39.436185183781845,30,41.43219417350896,20.0,0,21.53067618132065,18.0,0,18.026838792199513,17.0,0,18.942607587237905
Karur,4.1305555555555555,7,50,normal,35.06662939339528,11,30.746764014323734,42.8568280809084,38,38.21558532424796,28.0,0,24.381326280546496,44.75094055807841,0,40.07402066603775,46.32712388343816,6,41.63980693015921,20.0,0,17.89347031818706,18.0,0,15.160069242132156,17.0,0,14.670225160002703
Dharmapuri,10.470555555555556,28,14,normal,30.821988115774875,13,30.724056735328052,38.085268435163854,35,37.16368253222793,28.0,0,27.736266822080424,47.03003548747523,0,46.16583596152448,43.79800442850418,5,43.28770821083817,20.0,0,19.756871332394734,18.0,0,18.226114685107717,17.0,0,16.73903827129066
Dindigul,14.592222222222222,35,32,normal,38.50338188034666,17,38.13783200240324,44.630455786187014,44,44.57166926381512,28.0,0,27.757963874417054,39.642402141494664,0,39.76547415690176,26.31908254034386,12,26.037393074720203,20.0,0,19.731308428809086,18.0,0,18.28382874263638,17.0,0,16.375429403982885
Virudhunagar,8.58388888888889,35,2,normal,40.22809075568417,9,41.73473880973705,44.41962434322648,37,46.31847764315167,28.0,0,28.806427298140736,40.43468399020969,0,42.20890451048054,29.218368644243697,9,30.588665488073335,20.0,0,20.369124580394537,18.0,0,17.98949526745205,17.0,0,17.83477349146572
Tirunelveli,4.2283333333333335,13,42,rain,39.232489486645534,0,34.89811103106991,41.38586655928871,0,39.06409111925302,28.0,0,25.662610128920033,42.33256633042416,0,38.22791606993272,40.88264477008581,27,38.485933271885585,20.0,0,18.559232155854033,18.0,0,15.684901251404499,17.0,0,15.840283608073168
Vellore,21.308055555555555,18,29,normal,46.98525613981706,17,51.67622670846324,44.916077602585744,39,48.54458444128439,28.0,0,29.974961194514943,48.19899329625811,0,51.73056210624908,35.09685323626527,7,37.88536216873305,20.0,0,21.422075828685557,18.0,0,19.17612685875227,17.0,0,18.117058678431405
Perambalur,22.545555555555556,32,44,weekend,40.759418109477394,5,35.812255286231334,39.31380979747918,23,34.31804826412959,28.0,0,26.346567799658782,42.830884456520046,43,38.569683531261624,19.036711661493786,3,16.453379989598886,20.0,0,17.14519961192153,18.0,0,16.17533953953663,17.0,0,15.980450659514318
Pudukottai,20.610000000000003,36,36,normal,40.17823385325815,17,43.249772718529016,42.63016247598119,46,45.820453357537296,28.0,0,29.56156740782598,47.052339145013335,0,49.74689654477624,26.472202597790183,3,28.291061835182717,20.0,0,21.62127082631513,18.0,0,19.414254273977402,17.0,0,17.93301322754534
Pudukottai,17.235277777777778,14,7,weekend,37.86154046215629,6,38.059831995972154,38.300311465939544,20,39.436934403376355,28.0,0,29.005967781826705,47.052339145013335,50,50.651964792069236,28.41956323712548,3,29.837258259279256,20.0,0,21.023683460151318,18.0,0,19.564440196901664,17.0,0,17.897401522470048
Dharmapuri,16.47,28,12,rain,39.52700671836661,0,40.92797361110599,38.715080833617264,0,41.3904711083517,28.0,0,28.582512438175385,47.03003548747523,0,47.59496780775533,40.070630429811445,20,42.90556899541398,20.0,0,20.99714629634733,18.0,0,17.14622473939126,17.0,0,17.835413006927062
Pudukottai,8.582222222222223,34,56,rain,39.01988715770722,0,40.10678653524673,40.46523697096036,0,43.800013842975346,28.0,0,29.34002055325273,47.052339145013335,0,49.6647834384376,38.27290797059502,23,41.920763513854716,20.0,0,21.685142019817434,18.0,0,18.847004181033885,17.0,0,18.078264244486224
Theni,6.6561111111111115,39,22,weekend,48.60570847549609,10,50.519032070738696,45.686464883246686,15,47.199726268927925,28.0,0,29.61496379934279,44.20381477073529,45,46.87616936473611,27.297359059343346,1,28.1814584726553,20.0,0,20.479905883458184,18.0,0,19.433131960232462,17.0,0,18.4359956366111
Vellore,9.701388888888888,42,5,normal,46.98525613981706,17,48.53311197547269,44.916077602585744,39,46.2579325132554,28.0,0,29.329455576469314,48.19899329625811,0,49.80976264270975,35.09685323626527,7,36.41875125545216,20.0,0,20.769924365754854,18.0,0,18.798107445053642,17.0,0,17.635797011101573
Chennai,19.764166666666668,45,51,weekend,38.07906527215725,6,40.98793522390222,41.16424113198611,15,44.00796284816608,28.0,0,31.39603709537862,46.755116111988286,55,50.85477989577069,25.222384006616462,2,27.505807922069476,20.0,0,20.032223579653586,18.0,0,19.31045409294105,17.0,0,19.173418906348406
Ramanadhapuram,12.829444444444444,49,46,rain,38.663502020988375,0,38.09258925283574,46.168240212269,0,46.95368160301308,28.0,0,27.74751288084658,47.605870671869134,0,45.64274389461189,42.24953654856638,22,42.91090166026079,20.0,0,20.062618663878258,18.0,0,17.493958067301957,17.0,0,17.885134518030693
Ooty,15.4325,25,57,normal,33.753341488930886,13,34.722872370458134,46.373995039336926,37,47.1633512521204,28.0,0,28.609666514811956,46.91917691378848,0,47.69565180833205,36.06306576188319,4,35.82908892375581,20.0,0,19.820443941600583,18.0,0,18.10098334715907,17.0,0,16.855853984363467
Krishnagiri,20.404444444444444,24,16,rain,28.037994978054734,0,30.766314851602466,36.90394139758206,0,42.32755771646952,28.0,0,30.588653136304174,43.91159023305815,0,47.516489538428516,39.092342191470394,32,44.20028329186259,20.0,0,23.0472795750627,18.0,0,19.733902926426076,17.0,0,19.126746985014325
Cumbum,6.998888888888889,59,56,rain,35.11908014464723,0,36.816101886545134,48.36569397865607,0,53.12007821006376,28.0,0,29.154944615889722,41.388345997514556,0,43.53991113536268,32.75549403283424,21,36.11988988001942,20.0,0,22.262130858597768,18.0,0,19.1953049063565,17.0,0,18.393430376491047
Ramanadhapuram,21.356944444444444,21,25,weekend,32.22203584783519,4,34.32402855670661,46.049332929064576,13,50.106429212578746,28.0,0,32.01711458122185,47.605870671869134,51,53.551876254503426,40.10648814684355,0,43.69511834948629,20.0,0,21.903607438014504,18.0,0,20.178318099345518,17.0,0,18.656239375123896
Tirunelveli,10.889999999999999,53,24,normal,39.624756883282366,19,38.199740719139065,38.380917836502896,36,37.69762698283692,28.0,0,27.104293934200193,42.33256633042416,0,41.57044395199451,44.56365019926856,7,43.829701819039485,20.0,0,19.510711275730547,18.0,0,17.791363143853157,17.0,0,16.825520932756888
Coimbatore,14.83388888888889,50,2,normal,38.58726764809433,20,38.80596718243261,40.285698826583115,40,39.6578607958301,28.0,0,27.931726474783765,43.85765828683595,0,43.634035184954065,42.11676363644483,7,42.570709108114855,20.0,0,20.13676522598475,18.0,0,17.29472082350426,17.0,0,16.383607509461466
Trichy,17.76527777777778,45,55,rain,31.886725557283217,0,31.92284770425259,41.163907526226495,0,43.88347088201296,28.0,0,27.492872111868635,43.72134429055531,0,42.215374619113604,40.05433803692343,23,41.79730768768655,20.0,0,21.325728569677274,18.0,0,17.92471209195925,17.0,0,17.216287549218457
Vellore,15.067499999999999,4,3,normal,46.98525613981706,17,47.651452759073074,44.916077602585744,39,46.0591598738671,28.0,0,28.907890625586116,48.19899329625811,0,48.82051444720611,35.09685323626527,7,36.21184754236491,20.0,0,20.237775950282465,18.0,0,18.661192638424932,17.0,0,17.359471412918268
Trichy,5.355277777777777,21,19,rain,31.886725557283217,0,29.751560460925173,41.163907526226495,0,40.13627694442712,28.0,0,26.147967409434287,43.72134429055531,0,40.78130304006148,40.05433803692343,23,38.576610420722034,20.0,0,19.758153157130305,18.0,0,17.309610491803536,17.0,0,16.421588376850817
Chennai,4.0505555555555555,3,2,rain,38.69169460353284,0,34.428328685799215,40.29866117288363,0,37.58237969914206,28.0,0,25.692719251976744,46.755116111988286,0,41.43548651953638,41.59902003798844,29,39.53310468538243,20.0,0,18.14921518310799,18.0,0,16.246465336869736,17.0,0,15.992743841249462
Viluppuram,1.246388888888889,14,47,weekend,34.90452850109481,5,31.31783447899274,35.84218079539566,16,32.16087614432995,28.0,0,26.306594117773155,42.84054514959321,47,38.94789180381035,33.81871210393652,3,30.119991380719068,20.0,0,17.676406566233705,18.0,0,16.618938952134318,17.0,0,15.637431622105577
Vellore,21.12472222222222,7,29,weekend,37.727278941779964,13,40.20075992209262,33.16350779832507,14,35.97926961598408,28.0,0,31.26301321570129,48.19899329625811,63,54.25741863485796,47.78174030494075,3,51.70940624960687,20.0,0,21.788839530134428,18.0,0,20.456200965162267,17.0,0,18.9527100160381
Theni,12.896666666666667,53,48,weekend,48.60570847549609,10,47.594105541407295,45.686464883246686,15,44.50609770287517,28.0,0,28.285408445253555,44.20381477073529,45,44.053401052099936,27.297359059343346,1,27.49077550098084,20.0,0,19.555142825109147,18.0,0,18.48428466332674,17.0,0,17.547922145891445
Ooty,18.607222222222223,36,26,normal,33.753341488930886,13,36.04918999660382,46.373995039336926,37,49.59616514652399,28.0,0,29.68002050901985,46.91917691378848,0,50.09164545912916,36.06306576188319,4,37.96008532644264,20.0,0,21.278921139188864,18.0,0,18.798151132020394,17.0,0,18.027206371476627
Dindigul,17.34583333333333,20,45,rain,39.546621018905,0,40.45597243706326,42.5310672795623,0,44.99080415506911,28.0,0,27.84207531785286,39.642402141494664,0,39.764204224765976,39.436185183781845,30,41.85698082781889,20.0,0,21.013784036063353,18.0,0,18.374271050059612,17.0,0,18.23986522691259
Chennai,22.93888888888889,56,20,weekend,38.07906527215725,6,32.1473969341129,41.16424113198611,15,35.20216538049882,28.0,0,25.069940655649386,46.755116111988286,55,42.237411793144574,25.222384006616462,2,22.07571978353465,20.0,0,17.66794890418528,18.0,0,16.217090195999067,17.0,0,15.920835756009858
Trichy,17.8775,52,39,weekend,31.29414501445612,6,30.726181475331813,39.572696871602524,8,39.17145030134868,28.0,0,29.298320583147106,43.72134429055531,38,44.61130769165423,40.05433803692343,0,40.50297979357001,20.0,0,20.024917647887612,18.0,0,19.562140334982168,17.0,0,17.630197000849815
Chennai,13.411388888888888,24,41,rain,38.69169460353284,0,37.72641322359845,40.29866117288363,0,41.0166950552437,28.0,0,27.910043094549586,46.755116111988286,0,46.13406752009829,41.59902003798844,29,44.024089278805796,20.0,0,20.83953202533232,18.0,0,17.874849690058852,17.0,0,17.47776251397133
Trichy,8.404444444444445,24,16,rain,31.886725557283217,0,33.82799586056088,41.163907526226495,0,45.3198047160347,28.0,0,29.078709538826555,43.72134429055531,0,45.738823833543485,40.05433803692343,23,44.00545370861486,20.0,0,21.91333154589191,18.0,0,18.224623597606346,17.0,0,19.220795094650352
Perambalur,16.488333333333333,29,18,normal,39.13605020386118,20,38.84336281761688,41.89461863201859,28,42.24390828677422,28.0,0,28.0047382929549,42.830884456520046,0,43.480588265777534,31.96351280649583,5,31.418267739138816,20.0,0,19.31950534405234,18.0,0,17.70810864214941,17.0,0,16.363142231620838
Trichy,23.060277777777777,3,37,rain,31.886725557283217,0,28.257764129280208,41.163907526226495,0,37.60149365503045,28.0,0,25.053764087603646,43.72134429055531,0,37.926049145598576,40.05433803692343,23,36.41427923513211,20.0,0,17.881363616175303,18.0,0,16.257176744602248,17.0,0,15.660447716011852
Perambalur,13.875833333333334,52,33,rain,39.947734156669284,0,39.233159861287476,40.604214214748886,0,41.60904814274677,28.0,0,26.965905701969962,42.830884456520046,0,42.04256256608271,47.42780520358114,28,48.9823300577281,20.0,0,20.393636816207103,18.0,0,17.334338044561807,17.0,0,17.41211547973809
Virudhunagar,8.471666666666668,28,18,weekend,48.47349620631729,2,50.664321008979485,33.93939787277466,11,35.07288461523183,28.0,0,30.43950331397498,40.43468399020969,49,44.180832628721575,39.087567533570414,2,40.621533230012815,20.0,0,21.986475667385424,18.0,0,19.240267640292778,17.0,0,18.842396338939658
Ooty,18.481666666666666,28,54,normal,33.753341488930886,13,36.3190160590477,46.373995039336926,37,50.240792977745194,28.0,0,30.6861663922084,46.91917691378848,0,50.52342619089105,36.06306576188319,4,39.16927346587457,20.0,0,22.240087252950833,18.0,0,19.669977802800346,17.0,0,19.048821043732005
Tenkasi,5.400277777777778,24,1,rain,37.54459048558374,0,34.480803068641926,38.936052625740416,0,37.91229637243152,28.0,0,26.071967434462906,46.84848003316055,0,43.74005328644435,43.719207655035106,20,42.45323034017592,20.0,0,19.58415668941682,18.0,0,17.030306547571413,17.0,0,17.499747630104068
Dharmapuri,22.56833333333333,34,6,rain,39.52700671836661,0,35.62788193492691,38.715080833617264,0,35.582615655161305,28.0,0,24.75674687282435,47.03003548747523,0,41.40205315977585,40.070630429811445,20,37.008526651539725,20.0,0,18.442729038851276,18.0,0,15.900346418750045,17.0,0,16.101629346844067
Nagercoil,16.533333333333335,32,0,normal,39.39766977646993,14,39.562390949120754,41.701276778783054,39,41.9395249694003,28.0,0,28.095924883416643,43.54560165478784,0,44.118013908760176,30.462175083948065,3,30.28295020467367,20.0,0,20.021361514534497,18.0,0,18.074980378328583,17.0,0,17.45550628062379
Trichy,14.082777777777778,4,58,normal,32.479306100110314,13,32.98903240234932,42.755118180850474,24,43.09573321388074,28.0,0,28.533498649855794,43.72134429055531,0,43.48730878630357,40.05433803692343,0,40.526617122786114,20.0,0,19.990958035769054,18.0,0,19.467300822760212,17.0,0,17.239443371376815
Perambalur,19.241944444444446,14,31,rain,39.947734156669284,0,43.4163417312464,40.604214214748886,0,45.898706827127576,28.0,0,29.53142012558563,42.830884456520046,0,46.078133925528576,47.42780520358114,28,53.656952283204845,20.0,0,22.420985021900492,18.0,0,19.952706732496516,17.0,0,18.807424280349622
Theni,9.450833333333332,27,3,rain,38.19004885214979,0,39.667090901993504,44.333205526315936,0,49.011121902444295,28.0,0,29.19530176102166,44.20381477073529,0,46.069475398481686,45.05616956083969,11,49.74508495073634,20.0,0,21.449561153914516,18.0,0,18.835064797856347,17.0,0,18.95982315016755
Madurai,12.428333333333333,25,42,normal,48.966707744846985,17,47.95263785620028,42.86713061014949,38,41.30393166540539,28.0,0,27.837407869308013,49.76319964741091,0,49.70829176747201,26.79408785599537,2,26.84887969525629,20.0,0,18.766933776148203,18.0,0,17.01362762627701,17.0,0,16.331570730739685
Madurai,3.5752777777777776,34,31,rain,41.34622390114707,0,35.79472529555429,38.9700071667711,0,35.709766560916194,28.0,0,25.258980248687344,49.76319964741091,0,43.207486549865955,41.92929403966443,21,38.4861147371964,20.0,0,19.19264688790694,18.0,0,15.433930989409069,17.0,0,16.36736325669745
Kanyakumari,15.226944444444445,13,37,rain,45.06764523389062,0,45.65948954375381,40.22596629886361,0,42.44272531118674,28.0,0,28.438112506021664,46.56479008021971,0,46.46613238328126,43.677871284269436,33,45.843120733411,20.0,0,20.902308771299193,18.0,0,17.261294331465617,17.0,0,18.33202134270754
Kanyakumari,12.544444444444444,32,40,normal,40.91867763801298,14,40.042267538483046,41.22047902430772,46,40.04888885655273,28.0,0,26.805070361635067,46.56479008021971,0,45.7016259523672,40.049794546320875,8,39.055325418780605,20.0,0,19.900332446849514,18.0,0,17.906048401869032,17.0,0,15.935692895501631
Tenkasi,8.958333333333332,57,30,normal,35.11028017839375,17,36.19255966470855,44.652961826854906,45,45.191057697974685,28.0,0,29.062909325043552,46.84848003316055,0,48.35306015705443,38.219946675145756,3,40.67018767066382,20.0,0,20.820789060455855,18.0,0,18.125977898075355,17.0,0,17.496788190282174
Cumbum,0.05388888888888889,3,14,normal,40.76674865603148,18,37.16579981903972,49.15408934487722,37,43.296059863857,28.0,0,24.503312769947467,41.388345997514556,0,36.4194535276513,47.691512153415324,4,41.904023393450736,20.0,0,17.26494996926899,18.0,0,14.655709398443165,17.0,0,14.82002564748781
Viluppuram,19.189166666666665,11,21,normal,32.311841906357756,18,35.72023114331066,42.33646153154534,37,45.28352237011811,28.0,0,30.657885765924483,42.84054514959321,0,47.10748232461582,27.330810800132806,3,30.14044718471175,20.0,0,20.77708219230669,18.0,0,19.164264224867587,17.0,0,17.886303770491242
Virudhunagar,5.534722222222222,32,5,normal,40.22809075568417,9,37.26086844865202,44.41962434322648,37,42.06601667103737,28.0,0,25.497336742666388,40.43468399020969,0,37.09333498066708,29.218368644243697,9,27.15320595432549,20.0,0,18.73600087306029,18.0,0,16.9175535056144,17.0,0,15.307721330964831
Salem,22.429444444444446,25,46,weekend,29.93637876614546,8,25.96659332543774,35.6293468389831,15,32.43850661895758,28.0,0,25.428247461310768,42.795009738268384,52,39.38257223362557,32.0154388677313,4,27.810216885033327,20.0,0,17.114921841511393,18.0,0,16.17285863527276,17.0,0,15.209263114777794
Krishnagiri,11.06027777777778,3,37,rain,28.037994978054734,0,28.1655996798721,36.90394139758206,0,37.96706296656485,28.0,0,27.12161168013131,43.91159023305815,0,42.6942382491251,39.092342191470394,32,39.87830313564595,20.0,0,20.232517050040926,18.0,0,17.0381965826954,17.0,0,16.79362713708559
Vellore,21.053611111111113,3,13,weekend,37.727278941779964,13,40.76734724308296,33.16350779832507,14,36.80382623900817,28.0,0,31.56876643748545,48.19899329625811,63,54.45250495117203,47.78174030494075,3,50.869752488866766,20.0,0,21.89093276323994,18.0,0,20.34738924656587,17.0,0,18.878086569193396
Salem,19.983611111111113,59,1,rain,30.46411548521254,0,32.89075388681814,41.07025287760748,0,47.10225493427456,28.0,0,29.926578966369494,42.795009738268384,0,46.24925593007617,42.90399215480497,33,49.23717488795607,20.0,0,22.45834362168812,18.0,0,19.709868768115925,17.0,0,19.14523740162168
Pudukottai,17.30638888888889,18,23,weekend,37.86154046215629,6,38.06723326343159,38.300311465939544,20,38.60879527010576,28.0,0,29.867674971880213,47.052339145013335,50,48.648781132291134,28.41956323712548,3,28.40795651571195,20.0,0,20.400164179960434,18.0,0,19.03019054640138,17.0,0,17.975296743487544
Ooty,12.183333333333334,11,0,weekend,23.42485009104321,7,23.22119655018944,42.15278264391995,13,42.085067803415484,28.0,0,29.15939598825456,46.91917691378848,45,48.701591759491116,49.23476274080344,2,49.245057581845195,20.0,0,20.150305476036685,18.0,0,18.182387030323103,17.0,0,18.035212571381255
Perambalur,16.36277777777778,21,46,normal,39.13605020386118,20,39.39353896948939,41.89461863201859,28,41.50162352780899,28.0,0,28.426420138986874,42.830884456520046,0,42.44101727720494,31.96351280649583,5,32.30903989165067,20.0,0,19.622520775970777,18.0,0,17.774664997736682,17.0,0,17.667910495051608
Dharmapuri,1.9430555555555555,56,35,weekend,48.232025320958336,7,42.048491559354915,39.34489323207067,15,34.722172335026244,28.0,0,25.041704784702148,47.03003548747523,42,43.38989806233971,23.21228698834546,2,20.132350090349693,20.0,0,17.30431606779136,18.0,0,17.013155558037557,17.0,0,15.509760358264892
Ooty,9.754166666666666,45,15,rain,28.58909578998705,0,29.470644560550323,44.26338884162844,0,47.90898654632144,28.0,0,28.621973211266734,46.91917691378848,0,47.7621185370972,41.97774609884506,23,46.08556637770681,20.0,0,21.468810958812227,18.0,0,19.026966713484484,17.0,0,17.79653922569929
Salem,19.35027777777778,21,1,normal,30.991852204279624,15,35.21495309158285,46.51115891623186,37,50.97240496497156,28.0,0,30.444044480238873,42.795009738268384,0,47.30661680584853,39.490013090154434,3,44.06722058426216,20.0,0,22.411577041335214,18.0,0,19.173681350297986,17.0,0,18.71523743739588
Tirunelveli,16.87611111111111,52,34,weekend,38.840222090008695,8,37.5299368651526,44.39081528207452,12,43.25980600906353,28.0,0,28.84271639107746,42.33256633042416,60,44.255408869063906,26.651075201973363,2,26.662080755625606,20.0,0,20.25594969197873,18.0,0,18.3271147117021,17.0,0,17.222643551177878
Vellore,12.780555555555557,46,50,weekend,37.727278941779964,13,36.82807204253191,33.16350779832507,14,32.67912124274931,28.0,0,28.65052101161263,48.19899329625811,63,48.91994084367591,47.78174030494075,3,47.04840118732245,20.0,0,19.90421382053426,18.0,0,18.56111558405083,17.0,0,16.59707358812289
Madurai,15.419722222222221,25,11,weekend,33.72574005744715,6,33.24859586636447,35.07288372339271,19,35.1380906410398,28.0,0,29.466310122568792,49.76319964741091,57,52.41876826955093,34.3616909478299,0,34.81462743598071,20.0,0,20.6781108706089,18.0,0,18.066124565643754,17.0,0,18.346513798474493
Coimbatore,5.235277777777778,14,7,weekend,43.767768157330956,5,41.85130541521848,39.566282936927436,19,37.559522617117565,28.0,0,27.61449183468636,43.85765828683595,66,42.58191710668594,40.68923477348823,3,37.87720822335131,20.0,0,18.571617182788252,18.0,0,17.64697544938267,17.0,0,17.13114624474643
Krishnagiri,11.314722222222223,18,53,weekend,22.021440552288443,5,21.62760249747517,33.98704088769471,17,33.74438515084269,28.0,0,28.967695798213363,43.91159023305815,59,45.20778074215484,48.179345098962024,2,47.869492615332625,20.0,0,19.856739069256406,18.0,0,18.681324317860906,17.0,0,16.5083053963405
Pudukottai,17.36416666666667,21,51,normal,40.17823385325815,17,40.59506450676139,42.63016247598119,46,43.67933935141313,28.0,0,28.595918061682973,47.052339145013335,0,47.278469656354474,26.472202597790183,3,27.097747632945694,20.0,0,19.22323951371311,18.0,0,17.870791827458923,17.0,0,16.827220828485324
Chennai,19.635277777777777,38,7,rain,38.69169460353284,0,41.454952039994666,40.29866117288363,0,45.59798299489474,28.0,0,30.29044192442979,46.755116111988286,0,50.23315755994345,41.59902003798844,29,47.4599233981276,20.0,0,21.598530599487717,18.0,0,19.009551626258496,17.0,0,18.86796847294369
Theni,12.642222222222221,38,32,rain,38.19004885214979,0,37.05454648946005,44.333205526315936,0,45.15079126522117,28.0,0,27.02338407196372,44.20381477073529,0,42.39095135194701,45.05616956083969,11,45.31233893139233,20.0,0,21.084986136839426,18.0,0,17.45743395280008,17.0,0,17.767470690880067
Viluppuram,7.724722222222223,43,29,normal,32.311841906357756,18,34.099215478983716,42.33646153154534,37,43.217966777584586,28.0,0,28.778769494240304,42.84054514959321,0,44.71241855425406,27.330810800132806,3,27.57657835546123,20.0,0,19.941391922576937,18.0,0,18.06830002694662,17.0,0,17.76861426658214
Kanyakumari,9.311944444444444,18,43,weekend,49.216612829768266,1,51.502836061308166,39.23145357341949,16,41.9993134196753,28.0,0,30.126565233417463,46.56479008021971,54,50.78198431688548,41.863832915295156,0,43.90433015234167,20.0,0,21.152723941140998,18.0,0,19.43617887294716,17.0,0,18.680552869803904
Bodi,18.071666666666665,4,18,normal,43.7691805850676,17,47.31599214964039,45.10647409133021,38,47.998536182770295,28.0,0,30.724434714334745,46.312237496988104,0,49.855290308429275,35.005235627037244,7,37.64878817730456,20.0,0,21.16625503501173,18.0,0,19.18845178357348,17.0,0,18.593047775390986
Virudhunagar,11.408611111111112,24,31,rain,44.350793481000736,0,42.89188421216446,39.17951110800057,0,40.311286852098554,28.0,0,27.97602343132998,40.43468399020969,0,39.60963387738345,36.442483195672004,35,37.13840519684997,20.0,0,19.610746913893415,18.0,0,18.06651043045886,17.0,0,17.15965545481283
Cumbum,18.58888888888889,35,20,rain,35.11908014464723,0,37.21275754102972,48.36569397865607,0,55.67305213301957,28.0,0,29.795410597066024,41.388345997514556,0,44.374896797965036,32.75549403283424,21,36.26522602931195,20.0,0,23.26664149115744,18.0,0,19.78854690636131,17.0,0,19.25767731183125
Chennai,4.179444444444445,10,46,weekend,38.07906527215725,6,33.54098377612135,41.16424113198611,15,37.48829574423785,28.0,0,25.76229086562662,46.755116111988286,55,42.613268808547936,25.222384006616462,2,22.433423168034274,20.0,0,17.27924393030935,18.0,0,16.28839666562774,17.0,0,15.88164696008724
Perambalur,22.362222222222222,21,44,rain,39.947734156669284,0,35.5516226806415,40.604214214748886,0,37.869336232694685,28.0,0,25.255968062922527,42.830884456520046,0,37.912366969811416,47.42780520358114,28,44.50613177917591,20.0,0,18.540323396402865,18.0,0,16.15361017285905,17.0,0,15.148825600502168
Pudukottai,2.7794444444444446,46,46,normal,40.17823385325815,17,35.69639370251294,42.63016247598119,46,36.81785689135317,28.0,0,24.192634865428474,47.052339145013335,0,42.00159564343493,26.472202597790183,3,23.352424838374503,20.0,0,18.430764388226304,18.0,0,15.785389110061253,17.0,0,14.931289815595418
Nagercoil,1.6397222222222223,38,23,weekend,36.76187015471747,8,32.86617027781916,42.983592760115535,16,37.827826233867384,28.0,0,25.74669767195481,43.54560165478784,44,39.26142659894123,22.49218157320404,4,19.429588140525322,20.0,0,16.738046171979743,18.0,0,16.63005263987254,17.0,0,15.594895801789923
Coimbatore,20.891111111111112,53,28,weekend,43.767768157330956,5,46.43318479455121,39.566282936927436,19,42.404542378027706,28.0,0,30.213773885716886,43.85765828683595,66,49.48217257251883,40.68923477348823,3,44.09928461476109,20.0,0,21.460718654820965,18.0,0,20.22345295389274,17.0,0,18.220901780011115
Ramanadhapuram,15.004166666666666,0,15,rain,38.663502020988375,0,39.05964014943003,46.168240212269,0,49.498280951443284,28.0,0,27.737288459984747,47.605870671869134,0,46.78001623746887,42.24953654856638,22,44.58670718175391,20.0,0,20.85096882267653,18.0,0,17.941003714820116,17.0,0,18.100279990078956
Theni,6.839444444444444,50,22,normal,27.774389228803496,7,28.98029227528758,42.97994616938519,36,42.99245444618936,28.0,0,28.571786393919005,44.20381477073529,0,46.21910150518402,31.262434629525817,6,32.27523359646925,20.0,0,20.78292551474494,18.0,0,18.826663961598538,17.0,0,16.68410696929812
Bodi,6.114999999999999,6,54,rain,35.24301855846298,0,36.68131710278819,43.08852707983893,0,47.372070426496485,28.0,0,29.157901798120484,46.312237496988104,0,48.61964697741813,45.086517299376204,27,50.24395490316712,20.0,0,22.145680873623455,18.0,0,18.850050624709485,17.0,0,18.297713476760475
Dindigul,2.1277777777777778,7,40,normal,38.50338188034666,17,33.97430292786316,44.630455786187014,44,39.61074378018579,28.0,0,24.719918828422234,39.642402141494664,0,34.78810780455554,26.31908254034386,12,22.548655552584037,20.0,0,17.434738134185142,18.0,0,15.414986231460091,17.0,0,14.23794862638945
Salem,4.47,28,12,rain,30.46411548521254,0,27.497755052783848,41.07025287760748,0,39.74388508656354,28.0,0,25.285951368540136,42.795009738268384,0,37.55348062308285,42.90399215480497,33,40.0827691242337,20.0,0,18.855755247980216,18.0,0,15.486040923402477,17.0,0,15.202483871016888
Cumbum,18.83,49,48,normal,40.76674865603148,18,44.26262008518531,49.15408934487722,37,52.70498641023409,28.0,0,30.516522910035032,41.388345997514556,0,44.49781576716905,47.691512153415324,4,51.84858210996954,20.0,0,21.820134652117318,18.0,0,19.611990969652773,17.0,0,19.25084708506699
Tirunelveli,1.2336111111111112,14,1,rain,39.232489486645534,0,33.89244696268658,41.38586655928871,0,38.96208559961534,28.0,0,24.419766646488345,42.33256633042416,0,38.57949752504016,40.88264477008581,27,39.09264088748632,20.0,0,19.158529168657353,18.0,0,15.985681298099504,17.0,0,15.505276659722824
Dindigul,17.7125,42,45,normal,38.50338188034666,17,39.40369431194939,44.630455786187014,44,44.37486079335528,28.0,0,27.90507733921431,39.642402141494664,0,39.501673680999716,26.31908254034386,12,27.17417233662221,20.0,0,20.36451491896105,18.0,0,17.106534636515107,17.0,0,17.469882065375202
Theni,21.0575,3,27,rain,38.19004885214979,0,41.415628648103535,44.333205526315936,0,50.91330934724329,28.0,0,29.383947892584953,44.20381477073529,0,47.03490131290653,45.05616956083969,11,50.60297474975186,20.0,0,22.964849199347608,18.0,0,19.296572525948818,17.0,0,18.901376400929333
Karur,4.059444444444444,3,34,normal,35.06662939339528,11,31.118497246412712,42.8568280809084,38,37.64305434048662,28.0,0,24.556332043834875,44.75094055807841,0,39.53682549941334,46.32712388343816,6,40.61764554367987,20.0,0,17.64295670531146,18.0,0,15.32581231363735,17.0,0,15.507651447059697
Bodi,21.00861111111111,0,31,weekend,26.71685653185835,12,29.989308448364884,41.07058006834765,11,43.564342060299325,28.0,0,31.09622407464195,46.312237496988104,54,51.861207480763596,29.595738987812993,2,32.55058225121481,20.0,0,21.027024277067568,18.0,0,19.98658389409527,17.0,0,19.33026311595427
Nagercoil,13.1175,7,3,rain,38.0797699655937,0,37.735013849473994,42.3424347694493,0,44.40002778856546,28.0,0,28.322941089806125,43.54560165478784,0,43.46869747860981,35.29953219912303,24,36.75047130373928,20.0,0,21.335605278269366,18.0,0,19.001685459564158,17.0,0,17.85337464156197
Tenkasi,17.88138888888889,52,53,rain,37.54459048558374,0,38.27977150414936,38.936052625740416,0,41.65578344684692,28.0,0,27.492790070171765,46.84848003316055,0,46.96388293573227,43.719207655035106,20,46.61679071303383,20.0,0,21.487508186640305,18.0,0,17.786418052308225,17.0,0,18.37197219080323
Coimbatore,20.948888888888888,56,56,normal,38.58726764809433,20,42.02068926751608,40.285698826583115,40,43.518175973909706,28.0,0,29.826374612858206,43.85765828683595,0,47.48915493905155,42.11676363644483,7,45.7422416119719,20.0,0,21.60856764774281,18.0,0,19.739883956952198,17.0,0,17.783277910679587
Pudukottai,2.525,31,30,weekend,37.86154046215629,6,33.50502185450874,38.300311465939544,20,33.38683884479503,28.0,0,25.905755470243914,47.052339145013335,50,42.949671711605966,28.41956323712548,3,24.96276420364968,20.0,0,17.307808333088985,18.0,0,16.46223454300837,17.0,0,15.98566794303826
Dharmapuri,22.822777777777777,49,22,weekend,48.232025320958336,7,42.25981565434269,39.34489323207067,15,33.570573810194084,28.0,0,24.5389415525495,47.03003548747523,42,42.848130450515704,23.21228698834546,2,20.08919349262001,20.0,0,17.366391627787923,18.0,0,15.422007755019523,17.0,0,15.048833275773505
Karur,7.3052777777777775,18,19,normal,35.06662939339528,11,36.82335575812083,42.8568280809084,38,44.86632701087972,28.0,0,29.519181284373563,44.75094055807841,0,46.972173900925654,46.32712388343816,6,48.54632366426175,20.0,0,20.65811909687968,18.0,0,19.614113441509797,17.0,0,17.331900845706127
Theni,21.424166666666668,25,27,normal,27.774389228803496,7,30.208486269852482,42.97994616938519,36,46.1195325709662,28.0,0,30.694400286495657,44.20381477073529,0,47.32267176847929,31.262434629525817,6,34.34156354564149,20.0,0,21.319773856521483,18.0,0,19.210628637537784,17.0,0,17.85668825160369
Viluppuram,4.112222222222222,6,44,rain,33.60818520372628,0,29.844749373536636,39.0893211634705,0,36.013882799391226,28.0,0,24.521347400448427,42.84054514959321,0,37.38734734180022,34.04026235129214,24,30.91563575156358,20.0,0,18.52532753986332,18.0,0,16.290429232527597,17.0,0,15.169292725211056
Pudukottai,20.42666666666667,25,36,weekend,37.86154046215629,6,42.13454685203342,38.300311465939544,20,41.64572841088007,28.0,0,31.962347145291005,47.052339145013335,50,52.71743281699114,28.41956323712548,3,30.25005085703772,20.0,0,21.461184311361514,18.0,0,20.54044109373212,17.0,0,19.27979493926585
Dharmapuri,19.956944444444442,57,25,normal,30.821988115774875,13,33.841013688824226,38.085268435163854,35,40.222922948569625,28.0,0,29.463582674022664,47.03003548747523,0,49.786500826027655,43.79800442850418,5,48.15709066254694,20.0,0,21.427523023150787,18.0,0,19.267688464003776,17.0,0,18.026905604264627
Coimbatore,11.36361111111111,21,49,rain,41.177517902712644,0,40.436826842505454,39.925990881755276,0,41.584175060620744,28.0,0,27.894295462383774,43.85765828683595,0,43.621826153249295,48.59837205358705,26,49.94110296061923,20.0,0,21.181734436096754,18.0,0,17.466012614416957,17.0,0,17.96234304047868
Dindigul,5.006944444444445,0,25,rain,39.546621018905,0,36.331351374780844,42.5310672795623,0,41.27373644832483,28.0,0,25.964719793311783,39.642402141494664,0,36.79486679857262,39.436185183781845,30,37.89654233693647,20.0,0,19.35617044056081,18.0,0,16.704132881743618,17.0,0,16.400414298740273
Chennai,10.29111111111111,17,28,rain,38.69169460353284,0,38.02732654651954,40.29866117288363,0,40.85964300895064,28.0,0,26.818739997341506,46.755116111988286,0,46.21358845157345,41.59902003798844,29,42.735190868375625,20.0,0,19.505204733707604,18.0,0,18.061185262925253,17.0,0,17.68300512427124
Bodi,0.36666666666666664,22,0,normal,43.7691805850676,17,38.31535872639188,45.10647409133021,38,40.072392654438794,28.0,0,25.169886023015263,46.312237496988104,0,41.53986629928007,35.005235627037244,7,31.344054759218118,20.0,0,17.20143360246816,18.0,0,15.013913878713062,17.0,0,15.18606062611244
Kanyakumari,18.584999999999997,35,6,weekend,49.216612829768266,1,54.404760477105235,39.23145357341949,16,42.409568165203915,28.0,0,30.694207197526172,46.56479008021971,54,52.69767198472478,41.863832915295156,0,44.87812949692618,20.0,0,22.18103047820773,18.0,0,20.087246528947816,17.0,0,18.806833673674188
Coimbatore,11.2925,17,33,rain,41.177517902712644,0,41.090804447776456,39.925990881755276,0,40.79839261108847,28.0,0,28.307903948553964,43.85765828683595,0,42.91431811897841,48.59837205358705,26,50.67891468189551,20.0,0,20.69331159741938,18.0,0,17.525433593148417,17.0,0,16.749846386443213
Virudhunagar,2.36,21,36,normal,40.22809075568417,9,35.973648300741125,44.41962434322648,37,39.16348247544486,28.0,0,25.164408760973835,40.43468399020969,0,35.774595535343025,29.218368644243697,9,26.656978045173965,20.0,0,18.150241150402103,18.0,0,15.609113078535108,17.0,0,16.056643900368943
Salem,16.301111111111112,18,4,normal,30.991852204279624,15,31.211893150909226,46.51115891623186,37,47.56895048851344,28.0,0,28.072676866871817,42.795009738268384,0,43.867758689068616,39.490013090154434,3,40.37805124593655,20.0,0,20.795616756645074,18.0,0,17.762775462190934,17.0,0,16.490983008423452
Pudukottai,8.82,49,12,weekend,37.86154046215629,6,39.22061896411799,38.300311465939544,20,39.29972446519328,28.0,0,30.267050932112426,47.052339145013335,50,50.30817626493398,28.41956323712548,3,29.691356600661678,20.0,0,21.47746066428661,18.0,0,19.25102461816477,17.0,0,18.666916822796804
Trichy,2.4761111111111114,28,34,normal,32.479306100110314,13,28.929407590508564,42.755118180850474,24,37.56378496150186,28.0,0,23.9816125478481,43.72134429055531,0,38.3918577659045,40.05433803692343,0,36.30248151587861,20.0,0,18.28062388116091,18.0,0,14.4474495323738,17.0,0,14.937437680576627
Kanyakumari,18.71388888888889,42,50,normal,40.91867763801298,14,44.017136986581114,41.22047902430772,46,44.62985734597155,28.0,0,30.165252276442352,46.56479008021971,0,50.96859653019408,40.049794546320875,8,44.04405119373799,20.0,0,21.534955568813608,18.0,0,19.169767611858735,17.0,0,18.45130570544744
Coimbatore,11.475833333333334,28,33,weekend,43.767768157330956,5,42.34563655709166,39.566282936927436,19,37.89789339918462,28.0,0,28.54037608498214,43.85765828683595,66,44.499507213848254,40.68923477348823,3,39.532345405471474,20.0,0,18.19864543686509,18.0,0,17.71754591635749,17.0,0,17.767726027644635
Pudukottai,5.954166666666667,57,15,normal,40.17823385325815,17,36.548617837635554,42.63016247598119,46,38.47635739269495,28.0,0,25.804498857615645,47.052339145013335,0,44.0786843969523,26.472202597790183,3,24.72816470905347,20.0,0,18.835608591138122,18.0,0,16.322962689475006,17.0,0,15.481719716006607
Krishnagiri,2.828333333333333,49,42,weekend,22.021440552288443,5,19.326839746499203,33.98704088769471,17,29.090681861371237,28.0,0,25.882987587013602,43.91159023305815,59,39.79296067582163,48.179345098962024,2,41.573852612854964,20.0,0,17.55784644767303,18.0,0,16.41938437739982,17.0,0,15.825440175312009
Pudukottai,17.123055555555556,7,23,rain,39.01988715770722,0,38.48392272056085,40.46523697096036,0,42.670882607706396,28.0,0,29.024529625534132,47.052339145013335,0,46.76510147992277,38.27290797059502,23,40.24843662219175,20.0,0,21.682340588841562,18.0,0,18.317357091102647,17.0,0,19.005386781969754
Karur,7.1930555555555555,11,35,weekend,28.9237264257748,7,29.887539082988045,32.608115607663365,14,34.232880806606616,28.0,0,30.581418706040346,44.75094055807841,51,49.46855475088198,44.679762548690945,0,46.34702606162469,20.0,0,21.28816345854947,18.0,0,20.067677669235337,17.0,0,18.775851435120597
Dharmapuri,10.541666666666666,32,30,normal,30.821988115774875,13,30.33346214087537,38.085268435163854,35,37.36894042889681,28.0,0,27.654127761898128,47.03003548747523,0,45.977166560558,43.79800442850418,5,42.465859580631715,20.0,0,19.36819996589313,18.0,0,17.305300467406852,17.0,0,17.71124308032265
Tirunelveli,10.594444444444445,35,40,rain,39.232489486645534,0,37.690051262460365,41.38586655928871,0,43.07317385848709,28.0,0,28.064347466446062,42.33256633042416,0,41.15345876344945,40.88264477008581,27,41.85901218258479,20.0,0,19.97428257433334,18.0,0,17.788303282472754,17.0,0,18.145160522226387
Virudhunagar,2.247777777777778,14,52,weekend,48.47349620631729,2,43.02124568546256,33.93939787277466,11,30.313026296154643,28.0,0,25.421514805774766,40.43468399020969,49,36.514441365003194,39.087567533570414,2,35.0845826875861,20.0,0,16.895297808905706,18.0,0,17.088591257778567,17.0,0,16.4775540058913
Madurai,21.334722222222222,20,5,rain,41.34622390114707,0,45.238494853164696,38.9700071667711,0,44.72963775245065,28.0,0,30.126476941180417,49.76319964741091,0,55.13668458961888,41.92929403966443,21,48.435694388681924,20.0,0,22.98185991210026,18.0,0,19.456081833597025,17.0,0,19.679267626829443
Namakkal,5.9447222222222225,56,41,normal,46.000408795715074,17,42.086903724351366,47.500537005433976,36,42.87491424699743,28.0,0,25.127542131900107,43.77988940216618,0,39.358720608427184,29.12477557085127,4,26.40684089269517,20.0,0,19.074045678705534,18.0,0,16.12249218588823,17.0,0,15.748174771549376
Perambalur,19.170833333333334,10,15,rain,39.947734156669284,0,44.086861630185375,40.604214214748886,0,46.92563767634539,28.0,0,29.33209555783781,42.830884456520046,0,46.946542331946205,47.42780520358114,28,53.997738375492084,20.0,0,23.080300595187808,18.0,0,19.601994471850915,17.0,0,19.358242945602495
Namakkal,11.05638888888889,3,23,weekend,32.076010226182866,4,31.2096493036228,43.244467826232395,17,42.22398613012915,28.0,0,28.980381733139442,43.77988940216618,40,43.7440759175323,49.65261377539575,3,49.477381631898744,20.0,0,20.67274857367692,18.0,0,17.102385729382693,17.0,0,17.258570185852427
Cumbum,12.548333333333334,32,54,weekend,29.471411633262974,8,28.790984577033978,47.57729861243491,11,45.943382560155065,28.0,0,28.27803101449847,41.388345997514556,43,41.89053742050444,40.83514733104723,2,39.7370438612646,20.0,0,20.554625294842527,18.0,0,18.42170882280914,17.0,0,17.484722592876132
Virudhunagar,2.302222222222222,18,8,weekend,48.47349620631729,2,43.350471537804964,33.93939787277466,11,30.431459779120036,28.0,0,26.9475005111487,40.43468399020969,49,37.170678418477635,39.087567533570414,2,35.38331265692102,20.0,0,17.782082533044928,18.0,0,16.030851568633107,17.0,0,15.684683866404075
Tenkasi,20.49388888888889,29,38,normal,35.11028017839375,17,37.27377302934782,44.652961826854906,45,47.862427188317625,28.0,0,30.54879855384049,46.84848003316055,0,49.90555157783727,38.219946675145756,3,41.11940564226793,20.0,0,21.531663971465445,18.0,0,19.208588980627702,17.0,0,19.51849125109644
Dharmapuri,4.188888888888889,11,20,weekend,48.232025320958336,7,42.648495644585864,39.34489323207067,15,33.84834351756956,28.0,0,25.535489580319112,47.03003548747523,42,43.8591342185575,23.21228698834546,2,20.800465059790923,20.0,0,17.819512767947227,18.0,0,17.02812230321636,17.0,0,15.871435504974212
Kanyakumari,15.3525,21,9,rain,45.06764523389062,0,45.36795468498894,40.22596629886361,0,43.342986499937865,28.0,0,28.764709885072772,46.56479008021971,0,47.696574160876395,43.677871284269436,33,46.789298140869796,20.0,0,21.731172333484576,18.0,0,18.539426287600772,17.0,0,18.177358516883345
Viluppuram,4.604444444444444,36,16,normal,32.311841906357756,18,27.977011880642582,42.33646153154534,37,37.59021977295439,28.0,0,24.213965168658444,42.84054514959321,0,38.083617503603065,27.330810800132806,3,23.422581849724914,20.0,0,17.35376859724884,18.0,0,16.367016927396776,17.0,0,14.938418401349288
Pudukottai,11.756944444444445,45,25,rain,39.01988715770722,0,37.60407567428855,40.46523697096036,0,40.46211548126386,28.0,0,27.815568014636774,47.052339145013335,0,44.931526386894056,38.27290797059502,23,39.471612828797795,20.0,0,20.561038614901154,18.0,0,17.643221219614215,17.0,0,17.996168734488194
Dharmapuri,16.344444444444445,20,40,rain,39.52700671836661,0,39.43347294406999,38.715080833617264,0,40.53153413963025,28.0,0,27.95953111433887,47.03003548747523,0,47.89014250876439,40.070630429811445,20,42.60909569282674,20.0,0,21.125577975664548,18.0,0,17.89395509270178,17.0,0,17.755617082491437
Dindigul,23.93638888888889,56,11,normal,38.50338188034666,17,34.71953107282668,44.630455786187014,44,39.427496736757966,28.0,0,24.628457427918654,39.642402141494664,0,34.660161733330334,26.31908254034386,12,23.851813012240136,20.0,0,17.59888901005048,18.0,0,15.624470163568294,17.0,0,15.375879173743714
Dindigul,11.176388888888889,10,35,rain,39.546621018905,0,38.317107909322985,42.5310672795623,0,43.901758385300056,28.0,0,27.670816133585593,39.642402141494664,0,38.65106176938864,39.436185183781845,30,40.73132816726482,20.0,0,19.93038791090158,18.0,0,18.33477075026479,17.0,0,17.246083795914906
Karur,1.0102777777777778,0,37,normal,35.06662939339528,11,30.40416728980556,42.8568280809084,38,38.190011589936304,28.0,0,24.938997529727338,44.75094055807841,0,39.335793738368956,46.32712388343816,6,41.3934947326872,20.0,0,16.847021030605024,18.0,0,15.76589468928907,17.0,0,15.058146956485476
Vellore,3.2941666666666665,17,39,weekend,37.727278941779964,13,33.79109433980684,33.16350779832507,14,28.813574983854263,28.0,0,26.045349317382833,48.19899329625811,63,44.080998872621166,47.78174030494075,3,42.41840925962999,20.0,0,17.455527643901167,18.0,0,16.320912577953983,17.0,0,16.340570130727528
Coimbatore,17.71638888888889,42,59,weekend,43.767768157330956,5,43.47224158362162,39.566282936927436,19,39.156887931919684,28.0,0,28.86866736977401,43.85765828683595,66,45.67720733832776,40.68923477348823,3,40.900822617548215,20.0,0,19.949416406182074,18.0,0,19.312836107434794,17.0,0,17.56495428528149
Ramanadhapuram,0.5483333333333333,32,54,weekend,32.22203584783519,4,27.917262611711543,46.049332929064576,13,41.059604068884916,28.0,0,25.50243037709607,47.605870671869134,51,43.157566352565745,40.10648814684355,0,36.078879923565616,20.0,0,17.85613730366707,18.0,0,16.347337214267917,17.0,0,15.085818632180771
Krishnagiri,23.9625,57,45,normal,34.05454940382103,17,30.43881685541316,39.82084190746941,37,34.91032947082962,28.0,0,25.02011178793225,43.91159023305815,0,37.86072862622108,32.33806041486693,7,28.97412162612204,20.0,0,17.374045896134938,18.0,0,15.047920883500687,17.0,0,14.407907824467548
Ooty,18.298333333333336,17,54,weekend,23.42485009104321,7,26.078208566286623,42.15278264391995,13,45.96785747295815,28.0,0,31.47534747885903,46.91917691378848,45,53.26002711573467,49.23476274080344,2,53.5196784571157,20.0,0,21.871607957211804,18.0,0,20.560396979786194,17.0,0,19.237059632160406
Viluppuram,19.118055555555557,7,5,normal,32.311841906357756,18,35.36407354873232,42.33646153154534,37,46.66227241188804,28.0,0,30.460432517415573,42.84054514959321,0,46.368412172542236,27.330810800132806,3,29.51598385319821,20.0,0,21.611592863665372,18.0,0,19.35249631213797,17.0,0,19.176366274428275
Dharmapuri,4.934444444444445,56,4,rain,39.52700671836661,0,34.43473158315944,38.715080833617264,0,36.356637585871674,28.0,0,24.17899175004355,47.03003548747523,0,41.336728724144685,40.070630429811445,20,37.3959051117752,20.0,0,19.40758459920914,18.0,0,15.702429347278223,17.0,0,14.632197103472317
Madurai,3.758611111111111,45,31,weekend,33.72574005744715,6,29.45877701506831,35.07288372339271,19,30.088388084572184,28.0,0,25.140141890747252,49.76319964741091,57,44.89266871676473,34.3616909478299,0,30.165671552872723,20.0,0,17.71540421150744,18.0,0,15.950909122944298,17.0,0,14.706427369976437
Kanyakumari,21.77638888888889,46,35,weekend,49.216612829768266,1,53.533783320985904,39.23145357341949,16,42.338196481090165,28.0,0,31.298291692866215,46.56479008021971,54,51.47383418733046,41.863832915295156,0,44.10355832203673,20.0,0,20.891774346571204,18.0,0,20.489779377665833,17.0,0,18.450881101229037
Virudhunagar,20.93611111111111,56,10,weekend,48.47349620631729,2,52.03685877195793,33.93939787277466,11,36.89033953307068,28.0,0,31.58217035902678,40.43468399020969,49,45.33244040312306,39.087567533570414,2,42.53504812174205,20.0,0,22.271757250634376,18.0,0,20.331442383937176,17.0,0,19.092427541183184
Ooty,21.7275,43,39,normal,33.753341488930886,13,34.817772411248114,46.373995039336926,37,48.91151478779131,28.0,0,30.497370463861877,46.91917691378848,0,50.37377614125212,36.06306576188319,4,39.40900478853531,20.0,0,22.150895726815293,18.0,0,19.484803786336432,17.0,0,17.912504123405004
Dindigul,8.985,59,6,rain,39.546621018905,0,41.00099534822508,42.5310672795623,0,47.32942434780378,28.0,0,29.40115270398305,39.642402141494664,0,40.46479161596256,39.436185183781845,30,43.10897471080703,20.0,0,22.81786063247612,18.0,0,18.972073804121422,17.0,0,18.291624523796397
Ooty,6.762777777777778,45,46,weekend,23.42485009104321,7,23.70689724884499,42.15278264391995,13,43.22638592385715,28.0,0,30.562829279803726,46.91917691378848,45,50.291058587427635,49.23476274080344,2,50.52842470214187,20.0,0,21.055759174145763,18.0,0,19.107790512928325,17.0,0,18.907677764351796
Theni,9.634166666666665,38,3,weekend,48.60570847549609,10,49.95490958709033,45.686464883246686,15,47.1587175753424,28.0,0,29.286936347249725,44.20381477073529,45,46.32257592782332,27.297359059343346,1,28.27977315534248,20.0,0,21.807339345983053,18.0,0,20.24293937953611,17.0,0,17.91449620316186
Chennai,19.073055555555555,4,23,normal,39.304323934908425,15,42.77159291915374,39.433081213781136,32,42.740761314822706,28.0,0,29.671946646399462,46.755116111988286,0,51.123877651960434,26.618243730497205,4,28.510591931781814,20.0,0,20.846358906644973,18.0,0,18.96176696065664,17.0,0,17.893008717111314
Pudukottai,23.659166666666664,39,33,normal,40.17823385325815,17,35.01716046724475,42.63016247598119,46,37.91159574267808,28.0,0,24.845998388085878,47.052339145013335,0,40.97347401903298,26.472202597790183,3,23.3603400350325,20.0,0,16.96686479039426,18.0,0,15.504964085000877,17.0,0,15.180827286807423
Vellore,21.236944444444447,14,13,normal,46.98525613981706,17,50.848570644461255,44.916077602585744,39,49.37571396572287,28.0,0,30.623573224372315,48.19899329625811,0,52.31933980477899,35.09685323626527,7,37.971856910446746,20.0,0,21.80162939963404,18.0,0,20.05659498462995,17.0,0,18.531306955762076
Dharmapuri,13.590833333333334,35,27,normal,30.821988115774875,13,29.80747599441898,38.085268435163854,35,37.41825815334571,28.0,0,27.40817914906775,47.03003548747523,0,45.92661669733353,43.79800442850418,5,42.164667014643705,20.0,0,18.92034672328596,18.0,0,17.19616851296003,17.0,0,16.202738105121718
Tirunelveli,16.001666666666665,0,6,weekend,38.840222090008695,8,38.51066721369206,44.39081528207452,12,45.3707904903053,28.0,0,29.062931706112884,42.33256633042416,60,43.98725278897021,26.651075201973363,2,26.758562120149954,20.0,0,19.82916444651578,18.0,0,18.629677117639098,17.0,0,17.809520207453716
Namakkal,11.015277777777778,0,55,rain,39.038209510948974,0,38.626939462747785,45.37250241583318,0,46.3178922690165,28.0,0,28.14759223714279,43.77988940216618,0,43.14083980712327,36.16769493281081,25,37.30005688072923,20.0,0,20.30720203301735,18.0,0,18.01167656545814,17.0,0,17.22187227553632
Coimbatore,5.364166666666667,21,51,normal,38.58726764809433,20,35.97450728985804,40.285698826583115,40,37.6969643419295,28.0,0,25.95764710713136,43.85765828683595,0,40.09215402974509,42.11676363644483,7,39.6434916279687,20.0,0,18.77831186911184,18.0,0,16.426141247848133,17.0,0,15.695864060635687
Madurai,9.124722222222223,7,29,weekend,33.72574005744715,6,35.09617406247899,35.07288372339271,19,35.90230656062327,28.0,0,30.63302604479648,49.76319964741091,57,53.83687415482369,34.3616909478299,0,36.28339159301484,20.0,0,20.495749882446184,18.0,0,18.761097836578628,17.0,0,18.38446968135216
Chennai,13.706944444444444,42,25,normal,39.304323934908425,15,38.15630689875828,39.433081213781136,32,38.07939561523098,28.0,0,26.700387706641582,46.755116111988286,0,45.04229292349798,26.618243730497205,4,25.87768654087648,20.0,0,19.384274296054244,18.0,0,18.178548800436637,17.0,0,16.371508693632293
Virudhunagar,14.895555555555555,53,44,normal,40.22809075568417,9,39.371777037421964,44.41962434322648,37,43.68834788210424,28.0,0,28.273236053467233,40.43468399020969,0,40.92199807650092,29.218368644243697,9,29.015130574363695,20.0,0,20.354419018681984,18.0,0,17.953854175178748,17.0,0,16.821419212688607
Viluppuram,22.197222222222223,11,50,weekend,34.90452850109481,5,31.98301219864326,35.84218079539566,16,31.629324233124326,28.0,0,26.793837744227556,42.84054514959321,47,39.865963891974644,33.81871210393652,3,30.100047959123774,20.0,0,17.138794049977175,18.0,0,16.676067108992964,17.0,0,16.599117350787015
Perambalur,22.728888888888886,43,44,normal,39.13605020386118,20,33.48650427669551,41.89461863201859,28,36.8419750089268,28.0,0,24.286592070585378,42.830884456520046,0,38.21654354198172,31.96351280649583,5,27.87685090750163,20.0,0,17.97177782524971,18.0,0,16.16221300661448,17.0,0,14.56977729402918
Vellore,6.54,32,24,weekend,37.727278941779964,13,39.513903951304236,33.16350779832507,14,33.94966964777872,28.0,0,29.704858988781744,48.19899329625811,63,51.77836177907376,47.78174030494075,3,49.3315854366321,20.0,0,20.572362250146842,18.0,0,18.90263075573439,17.0,0,18.799296301481426
Ooty,0.5933333333333334,35,36,weekend,23.42485009104321,7,20.792268541111603,42.15278264391995,13,37.06234220455338,28.0,0,25.615593093717678,46.91917691378848,45,42.55144861489793,49.23476274080344,2,42.664728622590744,20.0,0,17.060258778367327,18.0,0,16.892124775562294,17.0,0,15.749625472545425
Vellore,3.1108333333333333,6,39,rain,42.35626754079851,0,37.09199203184327,39.03979270045541,0,36.770581808810434,28.0,0,24.6966362439891,48.19899329625811,0,42.12879817040081,43.74006843805889,32,40.40667062707826,20.0,0,19.077433750764687,18.0,0,15.685599757268282,17.0,0,16.171907113710645
Tenkasi,8.775,46,30,weekend,39.97890079277373,6,41.47942122336317,33.21914342462593,16,33.7564308380338,28.0,0,29.67226600347367,46.84848003316055,60,49.150200463343694,27.704370543179156,1,28.31725908133176,20.0,0,20.90651064953228,18.0,0,19.303798330466822,17.0,0,18.36489190396411
Tenkasi,5.766944444444444,46,1,normal,35.11028017839375,17,31.931520691612416,44.652961826854906,45,41.6283770608482,28.0,0,25.529738176810945,46.84848003316055,0,43.544185313110106,38.219946675145756,3,36.1731573848985,20.0,0,18.17654475195104,18.0,0,15.178692234309144,17.0,0,16.046883857843568
Theni,9.88861111111111,53,19,normal,27.774389228803496,7,28.675403658456464,42.97994616938519,36,44.584763440281996,28.0,0,28.34195376033406,44.20381477073529,0,45.71113654424717,31.262434629525817,6,32.631069219293536,20.0,0,20.87906952193877,18.0,0,18.24189012209441,17.0,0,18.05403588480806
Bodi,6.169444444444445,10,10,rain,35.24301855846298,0,37.28662067523314,43.08852707983893,0,47.54268616634594,28.0,0,29.296928926420488,46.312237496988104,0,48.55580925332964,45.086517299376204,27,49.271714707604126,20.0,0,22.314364984384593,18.0,0,18.727535262363983,17.0,0,18.786565616253874
Perambalur,1.4113888888888888,24,41,rain,39.947734156669284,0,35.77682601774241,40.604214214748886,0,37.4406667826855,28.0,0,25.04642217062973,42.830884456520046,0,37.38255877591046,47.42780520358114,28,43.440019683977894,20.0,0,19.4326336021836,18.0,0,15.463579337588188,17.0,0,16.277517857591413
Cumbum,9.469166666666666,28,9,normal,40.76674865603148,18,42.784800105308435,49.15408934487722,37,51.77524253482491,28.0,0,29.771519120619487,41.388345997514556,0,43.533408030704734,47.691512153415324,4,48.807800053192715,20.0,0,20.563603084823203,18.0,0,18.88727067964803,17.0,0,17.691499735382983
Dharmapuri,13.366388888888888,21,59,rain,39.52700671836661,0,39.35913001578751,38.715080833617264,0,40.84960687556048,28.0,0,27.421107004861167,47.03003548747523,0,46.04092445928327,40.070630429811445,20,41.93162888583378,20.0,0,20.855171214801715,18.0,0,17.66762899632812,17.0,0,17.777846424694427
Krishnagiri,14.601666666666667,36,6,normal,34.05454940382103,17,33.65183551292041,39.82084190746941,37,40.113752357770416,28.0,0,28.321955307088544,43.91159023305815,0,43.293454069159104,32.33806041486693,7,31.668839883263676,20.0,0,20.732448612034602,18.0,0,18.139265771794154,17.0,0,16.79345290621024
Nagercoil,16.35,21,0,weekend,36.76187015471747,8,37.92961002390479,42.983592760115535,16,43.98469500533375,28.0,0,29.395962913995675,43.54560165478784,44,45.64162039307883,22.49218157320404,4,22.67387542014661,20.0,0,20.527487480831294,18.0,0,18.621416956778333,17.0,0,18.270813127955794
Trichy,5.538611111111111,32,19,weekend,31.29414501445612,6,28.99617690032674,39.572696871602524,8,36.73212080475928,28.0,0,27.441848101169796,43.72134429055531,38,41.755722563474286,40.05433803692343,0,37.390245971787216,20.0,0,18.673514393164357,18.0,0,17.209444426729206,17.0,0,16.349823018595547
Chennai,4.417222222222223,25,2,normal,39.304323934908425,15,34.73958843378099,39.433081213781136,32,35.47301112474988,28.0,0,24.670969451203003,46.755116111988286,0,41.59227773471162,26.618243730497205,4,24.1230965595159,20.0,0,17.540811742875437,18.0,0,16.375183351372733,17.0,0,15.427868137196612
Dharmapuri,13.47861111111111,28,43,weekend,48.232025320958336,7,47.513670375470575,39.34489323207067,15,39.03741970471543,28.0,0,28.598482377355523,47.03003548747523,42,48.60732408034575,23.21228698834546,2,22.906136361200783,20.0,0,19.8971323639005,18.0,0,17.985841310854937,17.0,0,18.312161060916836
Vellore,12.963888888888889,57,50,normal,46.98525613981706,17,45.322206116324665,44.916077602585744,39,44.735260858972495,28.0,0,26.93665380225307,48.19899329625811,0,47.58749590755094,35.09685323626527,7,34.61292808712871,20.0,0,19.74190892161581,18.0,0,17.52975001271227,17.0,0,16.773365385316517
Virudhunagar,23.873055555555556,52,23,rain,44.350793481000736,0,38.923952708197795,39.17951110800057,0,36.25158271953327,28.0,0,24.05142397666476,40.43468399020969,0,36.34377019910886,36.442483195672004,35,33.694682257752945,20.0,0,17.456742012339866,18.0,0,15.823754646426943,17.0,0,15.197810381800219
Virudhunagar,5.351388888888889,21,5,weekend,48.47349620631729,2,45.11610223477371,33.93939787277466,11,32.38338793498819,28.0,0,27.136556710234313,40.43468399020969,49,39.923210502201556,39.087567533570414,2,36.23455941972574,20.0,0,17.581045012012012,18.0,0,17.415986064527704,17.0,0,17.25097721144515
Nagercoil,16.478888888888886,28,44,normal,39.39766977646993,14,39.48823133314849,41.701276778783054,39,41.37576940840808,28.0,0,27.794716354784985,43.54560165478784,0,44.277538531381566,30.462175083948065,3,30.552920523831613,20.0,0,19.777371730167413,18.0,0,17.510758972110565,17.0,0,16.182395247962642
Madurai,0.455,27,18,rain,41.34622390114707,0,36.875588743505126,38.9700071667711,0,35.68045437339439,28.0,0,24.668142772803364,49.76319964741091,0,44.236124124410104,41.92929403966443,21,37.91913377972622,20.0,0,18.476830262163446,18.0,0,15.666307444892931,17.0,0,15.66710272096923
Ooty,18.53611111111111,32,10,normal,33.753341488930886,13,36.00790928494908,46.373995039336926,37,49.53789321672592,28.0,0,29.661720741300435,46.91917691378848,0,50.60362214545461,36.06306576188319,4,38.95249288163619,20.0,0,21.262882148748954,18.0,0,19.493297058914397,17.0,0,18.181567757397787
Namakkal,23.663055555555555,39,47,weekend,32.076010226182866,4,28.03010964268202,43.244467826232395,17,37.01120397901341,28.0,0,25.657692355271777,43.77988940216618,40,39.589830977532394,49.65261377539575,3,43.962562953752894,20.0,0,17.745364924059174,18.0,0,16.88723972687762,17.0,0,14.996829813086023
Coimbatore,20.636666666666667,38,12,rain,41.177517902712644,0,44.20077091842869,39.925990881755276,0,45.19606962646094,28.0,0,29.69469867979071,43.85765828683595,0,47.3993769009851,48.59837205358705,26,55.0950359682362,20.0,0,22.82029289881099,18.0,0,20.022943075208783,17.0,0,19.822419453744303
Nagercoil,19.470277777777778,28,13,weekend,36.76187015471747,8,40.79491986107791,42.983592760115535,16,46.781865025549905,28.0,0,30.949323739530445,43.54560165478784,44,48.468116267850654,22.49218157320404,4,24.721881576809942,20.0,0,21.64502452235786,18.0,0,20.679481946733926,17.0,0,18.917833295633113
Krishnagiri,14.547222222222222,32,50,normal,34.05454940382103,17,34.94690097042903,39.82084190746941,37,39.73246167696985,28.0,0,28.583092528853793,43.91159023305815,0,43.969324070553704,32.33806041486693,7,32.55457675773282,20.0,0,20.049774280057076,18.0,0,18.397996855174817,17.0,0,16.70705975181479
Karur,19.403055555555554,24,11,rain,31.99517790958504,0,34.746488963755326,37.73247184428588,0,42.921129288623305,28.0,0,30.949708138745404,44.75094055807841,0,48.388805436277444,43.03240121394373,28,49.36276152058857,20.0,0,22.836891519030562,18.0,0,19.128233692374522,17.0,0,19.164539772131157
Tenkasi,14.832222222222223,49,56,rain,37.54459048558374,0,36.94502564409798,38.936052625740416,0,40.723900329526984,28.0,0,28.053196738143072,46.84848003316055,0,46.53295728111596,43.719207655035106,20,45.9386575065162,20.0,0,21.385022230382614,18.0,0,18.157233620134686,17.0,0,17.62804869673739
Krishnagiri,23.453611111111112,27,13,rain,28.037994978054734,0,24.398044302014522,36.90394139758206,0,33.83082788874098,28.0,0,24.71482400501964,43.91159023305815,0,38.82416887023651,39.092342191470394,32,36.121371774683325,20.0,0,19.11251184328228,18.0,0,15.526175961724535,17.0,0,15.91712072649886
Coimbatore,11.730277777777777,43,49,normal,38.58726764809433,20,37.36059582365794,40.285698826583115,40,39.25218358182999,28.0,0,26.870447603196066,43.85765828683595,0,42.147882399026386,42.11676363644483,7,40.95705011756884,20.0,0,19.364537980188977,18.0,0,16.986519476804887,17.0,0,16.610227116805735
Tirunelveli,13.081388888888888,4,53,normal,39.624756883282366,19,38.88358264254622,38.380917836502896,36,38.34630174521426,28.0,0,27.331846161791738,42.33256633042416,0,42.51437080789662,44.56365019926856,7,43.66003227413199,20.0,0,19.994003301372807,18.0,0,18.257210071695816,17.0,0,17.004936512357233
Pudukottai,11.0525,3,9,normal,40.17823385325815,17,39.29870608391845,42.63016247598119,46,42.736256936501185,28.0,0,27.328394255341824,47.052339145013335,0,46.51830574691948,26.472202597790183,3,26.212208704470225,20.0,0,20.0275757603362,18.0,0,17.869747311023385,17.0,0,16.437785766039955
Dindigul,11.614166666666666,36,51,normal,38.50338188034666,17,38.428445548126305,44.630455786187014,44,43.97997785671437,28.0,0,27.124189136324254,39.642402141494664,0,39.34443915108769,26.31908254034386,12,25.398291823973324,20.0,0,20.00760624989327,18.0,0,16.98666544372631,17.0,0,17.10345066178614
Chennai,1.1847222222222222,11,5,weekend,38.07906527215725,6,33.41548577644719,41.16424113198611,15,37.68595202160918,28.0,0,26.77212035881683,46.755116111988286,55,44.01721626572294,25.222384006616462,2,22.62969759549624,20.0,0,18.460853045787395,18.0,0,16.715899081182567,17.0,0,15.873374193965091
Theni,0.24888888888888888,14,56,rain,38.19004885214979,0,33.92446024061562,44.333205526315936,0,41.29465437421113,28.0,0,24.283289024180046,44.20381477073529,0,39.53667193213106,45.05616956083969,11,42.349310040017734,20.0,0,19.12138927121257,18.0,0,16.495037486845433,17.0,0,15.862335750351281
Salem,22.61277777777778,36,46,normal,30.991852204279624,15,27.40846274162619,46.51115891623186,37,40.817724270434226,28.0,0,23.88728996392456,42.795009738268384,0,37.6003745619958,39.490013090154434,3,34.319989349391975,20.0,0,17.602702626416857,18.0,0,15.781301742174366,17.0,0,15.09367476729897
Coimbatore,14.412777777777778,24,46,rain,41.177517902712644,0,41.368326384129205,39.925990881755276,0,41.49342798912983,28.0,0,28.617528528285888,43.85765828683595,0,44.82567174933131,48.59837205358705,26,51.0018090424662,20.0,0,21.27256973825115,18.0,0,17.79073059005425,17.0,0,17.683362339938302
Dindigul,14.663333333333334,39,48,normal,38.50338188034666,17,38.63424655183563,44.630455786187014,44,43.988894598225,28.0,0,27.669649506370703,39.642402141494664,0,38.1778768348838,26.31908254034386,12,25.874902280868746,20.0,0,19.63899193861304,18.0,0,17.428667747729655,17.0,0,16.968257311987198
Ooty,15.178055555555554,10,41,weekend,23.42485009104321,7,24.064499128202936,42.15278264391995,13,41.990093628975494,28.0,0,29.489596358211514,46.91917691378848,45,48.04465351671415,49.23476274080344,2,49.035238285898444,20.0,0,20.333978549605472,18.0,0,18.245442171588866,17.0,0,17.98172033242984
Kanyakumari,21.634166666666665,38,3,weekend,49.216612829768266,1,53.0317284135161,39.23145357341949,16,42.58905967765285,28.0,0,32.09617026232269,46.56479008021971,54,52.073989661242244,41.863832915295156,0,45.56448797133376,20.0,0,22.116212396221442,18.0,0,20.153175658962258,17.0,0,18.96582681105639
Viluppuram,7.286944444444444,17,13,rain,33.60818520372628,0,35.448593283791396,39.0893211634705,0,43.04305992551071,28.0,0,29.28321842236319,42.84054514959321,0,45.0435220370798,34.04026235129214,24,37.34808754632776,20.0,0,22.230283124630017,18.0,0,19.132537852524152,17.0,0,19.746685856770494
Namakkal,11.198611111111111,11,55,weekend,32.076010226182866,4,32.45847129130218,43.244467826232395,17,41.933352949295795,28.0,0,28.81723589698896,43.77988940216618,40,45.12445861131321,49.65261377539575,3,49.87794833807996,20.0,0,20.588957642413675,18.0,0,17.956812063988917,17.0,0,18.210562854473846
Namakkal,2.95,57,0,normal,46.000408795715074,17,40.995103393111215,47.500537005433976,36,41.95642165347839,28.0,0,24.576098273939046,43.77988940216618,0,39.25974070110098,29.12477557085127,4,25.801721209122086,20.0,0,17.54274533755811,18.0,0,16.728303622375957,17.0,0,14.981798727261113
Ramanadhapuram,6.6466666666666665,38,48,weekend,32.22203584783519,4,33.37002701898625,46.049332929064576,13,47.120371196273204,28.0,0,30.1608256771011,47.605870671869134,51,50.686947939294924,40.10648814684355,0,42.01162937267264,20.0,0,21.91122842045269,18.0,0,19.577720980696647,17.0,0,17.99866899383693
Kanyakumari,3.7625,45,45,rain,45.06764523389062,0,39.41577132278652,40.22596629886361,0,36.88082871119196,28.0,0,24.644509129271167,46.56479008021971,0,39.96535045590561,43.677871284269436,33,40.64457474155007,20.0,0,19.40269729257935,18.0,0,15.716902558850059,17.0,0,15.523170606357056
Theni,3.2269444444444444,13,37,rain,38.19004885214979,0,33.85315354865521,44.333205526315936,0,41.78738361800013,28.0,0,24.936815522477875,44.20381477073529,0,38.62485631388324,45.05616956083969,11,42.05790172139119,20.0,0,18.87910559843139,18.0,0,15.677188631269942,17.0,0,15.141980569088659
Coimbatore,8.355555555555556,21,20,weekend,43.767768157330956,5,45.8306623180712,39.566282936927436,19,40.94724098673848,28.0,0,30.809211929249567,43.85765828683595,66,48.0912692896888,40.68923477348823,3,42.825773626491056,20.0,0,21.24084521616174,18.0,0,19.445509324328054,17.0,0,18.062302580862582
Dindigul,23.89527777777778,53,43,weekend,40.589860157463335,10,35.585906390056074,40.43167877293759,10,35.38119461709122,28.0,0,25.731821616545425,39.642402141494664,38,36.23875503855418,46.122076154386654,1,40.777396742628284,20.0,0,17.885506193580685,18.0,0,16.32374989145816,17.0,0,15.62081634123502
Krishnagiri,14.235,14,6,rain,28.037994978054734,0,29.282067702160777,36.90394139758206,0,39.695940628497674,28.0,0,28.172827952394854,43.91159023305815,0,44.917759784677614,39.092342191470394,32,41.342194257286444,20.0,0,20.84679764336795,18.0,0,17.47529773610218,17.0,0,17.410721811553383
Pudukottai,8.636666666666667,38,12,rain,39.01988715770722,0,40.04678126848204,40.46523697096036,0,44.08883037851862,28.0,0,28.869218104376348,47.052339145013335,0,49.487224851440544,38.27290797059502,23,41.66485090771478,20.0,0,20.991774415680876,18.0,0,18.803515753624854,17.0,0,18.705755031638013
Viluppuram,16.943333333333335,56,36,normal,32.311841906357756,18,32.40599125122028,42.33646153154534,37,42.22097713594768,28.0,0,27.99820333735559,42.84054514959321,0,42.103352096512126,27.330810800132806,3,27.490804233914055,20.0,0,19.342687668767958,18.0,0,18.54273091456264,17.0,0,16.21751650452628
Namakkal,8.881666666666668,52,54,weekend,32.076010226182866,4,33.35478429868221,43.244467826232395,17,44.50477493239717,28.0,0,29.75945547864256,43.77988940216618,40,46.71274148110785,49.65261377539575,3,51.8218943624032,20.0,0,21.065419821384047,18.0,0,18.55760304051972,17.0,0,18.318287370557226
Tirunelveli,16.185,11,6,normal,39.624756883282366,19,39.56232450878185,38.380917836502896,36,38.69003873615307,28.0,0,28.919481172853494,42.33256633042416,0,42.56458221879143,44.56365019926856,7,45.62810648431389,20.0,0,20.087049894597225,18.0,0,18.316257011121177,17.0,0,16.614828041842433
Madurai,21.518055555555556,31,5,weekend,33.72574005744715,6,36.17236444299737,35.07288372339271,19,37.23144190449998,28.0,0,31.834106330779807,49.76319964741091,57,55.58023645874747,34.3616909478299,0,37.32412233135102,20.0,0,21.85648612598868,18.0,0,20.572469551082502,17.0,0,18.631747008266817
Ooty,3.7680555555555557,46,5,weekend,23.42485009104321,7,20.41997316317361,42.15278264391995,13,36.903041503292826,28.0,0,26.226702305785118,46.91917691378848,45,42.989165330669685,49.23476274080344,2,43.98762252540661,20.0,0,17.886375841024936,18.0,0,16.194514437744132,17.0,0,15.758817602931051
Ramanadhapuram,18.236666666666668,14,12,weekend,32.22203584783519,4,35.94229811948598,46.049332929064576,13,50.65791850206136,28.0,0,32.270950501396754,47.605870671869134,51,53.20470915897012,40.10648814684355,0,43.60209834110511,20.0,0,21.01198711077644,18.0,0,20.807711683258393,17.0,0,18.62379894664291
Virudhunagar,11.3375,20,15,rain,44.350793481000736,0,43.816745697551724,39.17951110800057,0,41.23838891433657,28.0,0,28.111928776255112,40.43468399020969,0,39.85566251677857,36.442483195672004,35,36.99055662563175,20.0,0,20.41773782351904,18.0,0,17.748806704834863,17.0,0,17.29507465048216
Madurai,9.870277777777778,52,13,rain,41.34622390114707,0,42.95513130593354,38.9700071667711,0,42.42337746156749,28.0,0,28.927759120561063,49.76319964741091,0,51.91584394519769,41.92929403966443,21,46.299819039446355,20.0,0,22.52022980643554,18.0,0,17.734871137971226,17.0,0,18.563057595373458
Chennai,19.9475,56,51,normal,39.304323934908425,15,42.452877951059996,39.433081213781136,32,42.58084407628769,28.0,0,30.183258418335818,46.755116111988286,0,50.46920873065278,26.618243730497205,4,29.79252350657113,20.0,0,20.76006730725089,18.0,0,18.52851522773531,17.0,0,18.10538333805009
Theni,15.874722222222223,52,29,weekend,48.60570847549609,10,47.80501999697434,45.686464883246686,15,45.09264797258489,28.0,0,28.238909042995648,44.20381477073529,45,44.75302323594366,27.297359059343346,1,26.52761438749418,20.0,0,20.222405959488682,18.0,0,18.31795018543573,17.0,0,16.60189300341138
Tenkasi,17.935833333333335,56,9,rain,37.54459048558374,0,36.779423488087694,38.936052625740416,0,41.26983630905347,28.0,0,27.63916278129068,46.84848003316055,0,46.91893264134336,43.719207655035106,20,46.40650836084412,20.0,0,20.34820212172282,18.0,0,18.026496769774756,17.0,0,18.071632898109808
Trichy,11.708055555555555,42,29,weekend,31.29414501445612,6,29.75121365542196,39.572696871602524,8,38.87091935626467,28.0,0,27.57592750497341,43.72134429055531,38,44.06582892540187,40.05433803692343,0,38.821308413593734,20.0,0,19.40552563990335,18.0,0,17.421923976895176,17.0,0,17.663617775451637
Krishnagiri,20.77111111111111,46,16,normal,34.05454940382103,17,35.743994014899975,39.82084190746941,37,43.46576377562454,28.0,0,30.057580826556087,43.91159023305815,0,47.13933381766175,32.33806041486693,7,34.29854830340455,20.0,0,21.584962324568888,18.0,0,19.463755590668846,17.0,0,18.052264481515632
Salem,1.6619444444444444,39,43,normal,30.991852204279624,15,26.882944695872887,46.51115891623186,37,41.08213842389139,28.0,0,24.670761477722877,42.795009738268384,0,37.77739699856331,39.490013090154434,3,34.70622604562196,20.0,0,18.520485677912497,18.0,0,15.427543809718399,17.0,0,14.999619138919714
Namakkal,20.583888888888886,35,2,normal,46.000408795715074,17,49.63163899564306,47.500537005433976,36,51.53907729074508,28.0,0,29.71984488244238,43.77988940216618,0,47.663866613636195,29.12477557085127,4,31.08703720142113,20.0,0,21.399244021470174,18.0,0,19.456791914205986,17.0,0,18.42996485865856
Krishnagiri,5.948611111111111,56,55,weekend,22.021440552288443,5,20.13030163850322,33.98704088769471,17,31.675283964977133,28.0,0,26.90428831639899,43.91159023305815,59,41.469372499306736,48.179345098962024,2,44.18101002700512,20.0,0,19.10973653399572,18.0,0,17.77966929464119,17.0,0,16.428925767253222
Dharmapuri,22.710555555555555,42,38,rain,39.52700671836661,0,34.297869325649174,38.715080833617264,0,35.37916220851534,28.0,0,23.77434317000628,47.03003548747523,0,39.84434667290328,40.070630429811445,20,36.95869213284754,20.0,0,18.558860360491174,18.0,0,16.17053234730659,17.0,0,16.203244714656275
Madurai,9.236944444444443,14,13,normal,48.966707744846985,17,51.607924771931145,42.86713061014949,38,45.12810227373907,28.0,0,29.17098018230581,49.76319964741091,0,51.502484812233604,26.79408785599537,2,28.052722797214663,20.0,0,21.54813298808855,18.0,0,19.199234764749832,17.0,0,17.88724469072598
Virudhunagar,23.239722222222223,14,23,normal,40.22809075568417,9,35.71062137241546,44.41962434322648,37,39.60700678186781,28.0,0,24.653508203823957,40.43468399020969,0,36.45034347749986,29.218368644243697,9,26.20261503522342,20.0,0,17.939916263812894,18.0,0,16.148368723441184,17.0,0,15.56218899174114
Chennai,1.8758333333333335,52,33,rain,38.69169460353284,0,34.07493879665368,40.29866117288363,0,36.309162335520924,28.0,0,23.907571114670933,46.755116111988286,0,40.85704627859983,41.59902003798844,29,38.213791036893404,20.0,0,18.71174544373922,18.0,0,15.626428108829277,17.0,0,15.81804639706799
Bodi,3.1780555555555554,10,41,weekend,26.71685653185835,12,23.12916710531769,41.07058006834765,11,36.13291861396713,28.0,0,26.464498189482807,46.312237496988104,54,42.93458160199642,29.595738987812993,2,25.891172098395884,20.0,0,17.252924296714657,18.0,0,16.59046683826393,17.0,0,15.107389779444237
Virudhunagar,5.168055555555556,10,5,rain,44.350793481000736,0,41.218925278491284,39.17951110800057,0,38.091570566207416,28.0,0,26.15084576918841,40.43468399020969,0,38.19637059279472,36.442483195672004,35,36.112548226942195,20.0,0,20.30236045132117,18.0,0,17.56778904706608,17.0,0,15.729645493278973
Chennai,10.657777777777778,39,28,normal,39.304323934908425,15,37.55235677138495,39.433081213781136,32,38.30369534964519,28.0,0,26.49947638669931,46.755116111988286,0,45.09075435621516,26.618243730497205,4,25.772324678356078,20.0,0,20.427641690058362,18.0,0,16.774807767319498,17.0,0,17.09063971098513
Nagercoil,7.880277777777779,52,49,weekend,36.76187015471747,8,37.56444609474687,42.983592760115535,16,43.54093953057797,28.0,0,30.071685292169775,43.54560165478784,44,47.51446735222973,22.49218157320404,4,24.261050174276235,20.0,0,21.062686772232986,18.0,0,20.254180131774387,17.0,0,18.275772007767877
Nagercoil,22.590555555555554,35,26,weekend,36.76187015471747,8,32.38603909541634,42.983592760115535,16,37.35890363375188,28.0,0,25.028086576742407,43.54560165478784,44,39.25586806539648,22.49218157320404,4,19.047530694967357,20.0,0,18.311223753036302,18.0,0,16.258015370666083,17.0,0,15.685785905187315
Ooty,12.0,0,0,rain,28.58909578998705,0,28.49368979107516,44.26338884162844,0,47.01158933886593,28.0,0,26.871303759282064,46.91917691378848,0,45.87756121660986,41.97774609884506,23,43.34766743852485,20.0,0,20.515790297786122,18.0,0,17.59609948575156,17.0,0,17.01105348048304
Viluppuram,16.647777777777776,38,52,rain,33.60818520372628,0,32.76911429996573,39.0893211634705,0,40.26571511491571,28.0,0,28.566801470897563,42.84054514959321,0,42.65840138508796,34.04026235129214,24,35.69066558080282,20.0,0,20.68348774829093,18.0,0,17.734246879392693,17.0,0,17.43428683269117
Ramanadhapuram,3.835277777777778,50,7,normal,45.10496819414156,16,40.417306108814984,46.28714749547341,32,40.43183181264523,28.0,0,24.48178241888321,47.605870671869134,0,42.00316236528782,37.96343974512072,5,34.000264268648515,20.0,0,18.275539194288555,18.0,0,15.965661815185278,17.0,0,15.369480315013014
Coimbatore,14.341666666666667,20,30,rain,41.177517902712644,0,40.98111963592308,39.925990881755276,0,42.21341533144548,28.0,0,28.327489379007375,43.85765828683595,0,44.798353516488795,48.59837205358705,26,51.07006349011392,20.0,0,21.223994109116138,18.0,0,17.378674299637765,17.0,0,18.432244124850254
Dharmapuri,10.24611111111111,14,46,rain,39.52700671836661,0,39.33500442032771,38.715080833617264,0,40.825248128027006,28.0,0,28.24339150361025,47.03003548747523,0,46.58227010872596,40.070630429811445,20,40.59633892771726,20.0,0,21.0302244137808,18.0,0,16.827843565381624,17.0,0,18.339523677504197
Viluppuram,22.380555555555556,22,50,normal,32.311841906357756,18,28.833178807434,42.33646153154534,37,37.74509771369143,28.0,0,24.79866095249733,42.84054514959321,0,38.26059043398766,27.330810800132806,3,23.91166111053709,20.0,0,18.090699510819615,18.0,0,15.912797722805761,17.0,0,14.898739386327037
Nagercoil,22.773888888888887,46,26,normal,39.39766977646993,14,34.6481270927297,41.701276778783054,39,36.11810941693118,28.0,0,24.04314454615163,43.54560165478784,0,38.28301385718705,30.462175083948065,3,27.356617949603567,20.0,0,18.06766980440384,18.0,0,15.212617350051913,17.0,0,14.507173311453494
Dharmapuri,16.78222222222222,46,56,normal,30.821988115774875,13,30.85586608137963,38.085268435163854,35,37.95569322029662,28.0,0,27.878344095553178,47.03003548747523,0,46.79213372249219,43.79800442850418,5,43.77659168540696,20.0,0,19.906459591561955,18.0,0,18.58448341216519,17.0,0,16.87434471797938
Karur,16.595,35,42,normal,35.06662939339528,11,35.115573053987475,42.8568280809084,38,42.76414807269018,28.0,0,27.762181043426423,44.75094055807841,0,45.18360067381085,46.32712388343816,6,46.150140436700156,20.0,0,20.06005635595853,18.0,0,18.346814386107223,17.0,0,17.046804715104354
Nagercoil,13.300833333333333,18,3,weekend,36.76187015471747,8,36.39263911879313,42.983592760115535,16,42.349827871557096,28.0,0,29.69112424763547,43.54560165478784,44,45.02913336202732,22.49218157320404,4,23.237386523498788,20.0,0,20.448925283693853,18.0,0,18.266593296716774,17.0,0,17.552749072122985
Viluppuram,1.1752777777777779,10,31,weekend,34.90452850109481,5,31.153705460500294,35.84218079539566,16,31.680708542272406,28.0,0,26.087806593108517,42.84054514959321,47,39.05773268307137,33.81871210393652,3,30.23749720967542,20.0,0,18.10360369492415,18.0,0,16.821987477066415,17.0,0,15.659873072777954
Ooty,12.057777777777778,3,28,weekend,23.42485009104321,7,22.386967143451443,42.15278264391995,13,40.88919345321299,28.0,0,28.629205296300203,46.91917691378848,45,48.213003292919,49.23476274080344,2,48.86509322040371,20.0,0,19.56379648397119,18.0,0,19.12127561470869,17.0,0,17.14759158449684
Tirunelveli,22.05888888888889,3,32,rain,39.232489486645534,0,34.44158955748781,41.38586655928871,0,38.05479091197848,28.0,0,25.0809494471062,42.33256633042416,0,37.67578212310967,40.88264477008581,27,38.17085477008795,20.0,0,18.44026960912199,18.0,0,15.403101682139457,17.0,0,16.530412941401092
Ramanadhapuram,18.42,25,12,normal,45.10496819414156,16,48.928778930330026,46.28714749547341,32,51.06898247664536,28.0,0,30.2464513029531,47.605870671869134,0,51.74583345639551,37.96343974512072,5,41.936769508746465,20.0,0,21.95430426421191,18.0,0,19.231382625817453,17.0,0,18.55752339728692
Nagercoil,13.358611111111111,21,31,normal,39.39766977646993,14,38.94335188681691,41.701276778783054,39,42.109409688346716,28.0,0,27.777029980512086,43.54560165478784,0,42.243658647612676,30.462175083948065,3,30.041692685017427,20.0,0,19.0643561008039,18.0,0,18.231360487687624,17.0,0,16.264418394708702
Kanyakumari,12.432222222222222,25,56,weekend,49.216612829768266,1,48.6631589690985,39.23145357341949,16,38.13897121057758,28.0,0,28.84179100977327,46.56479008021971,54,47.46230930784032,41.863832915295156,0,40.67721757856327,20.0,0,19.867563104858085,18.0,0,18.757935527381605,17.0,0,17.745491696671372
Dindigul,2.761111111111111,45,40,rain,39.546621018905,0,34.9117173965681,42.5310672795623,0,39.09846343064146,28.0,0,25.205176562119014,39.642402141494664,0,33.73632658870018,39.436185183781845,30,36.206672983943115,20.0,0,18.21458292122573,18.0,0,14.746397995616128,17.0,0,15.98141448215086
Dharmapuri,19.648055555555555,38,53,weekend,48.232025320958336,7,51.74386543651286,39.34489323207067,15,42.41822282835006,28.0,0,31.17527443692112,47.03003548747523,42,52.543242131967475,23.21228698834546,2,24.984963110879168,20.0,0,21.239991994540016,18.0,0,20.467809807906043,17.0,0,19.68319782868975
Perambalur,13.2425,14,33,normal,39.13605020386118,20,38.66384880964124,41.89461863201859,28,41.78478521072177,28.0,0,28.101880833406756,42.830884456520046,0,41.94687799645032,31.96351280649583,5,31.54255242782091,20.0,0,18.843123815189085,18.0,0,17.75836461052666,17.0,0,16.372379027684552
Vellore,18.82111111111111,49,16,rain,42.35626754079851,0,45.24119489118026,39.03979270045541,0,43.62084126005956,28.0,0,29.10944085958152,48.19899329625811,0,52.11944894585799,43.74006843805889,32,49.4984953883953,20.0,0,22.353929980634632,18.0,0,18.74253528722222,17.0,0,19.436735991851705
Vellore,12.597222222222223,35,50,rain,42.35626754079851,0,41.47410658051017,39.03979270045541,0,40.35388794106996,28.0,0,27.289346713040082,48.19899329625811,0,46.23606458167063,43.74006843805889,32,45.183505428785686,20.0,0,20.592614029241886,18.0,0,17.157501247493943,17.0,0,17.80572321404547
Ooty,0.7055555555555555,42,20,normal,33.753341488930886,13,29.99349422582075,46.373995039336926,37,40.04097602408317,28.0,0,24.042873226274313,46.91917691378848,0,40.74990596108762,36.06306576188319,4,31.81067890358543,20.0,0,17.48470830075414,18.0,0,16.114455346874006,17.0,0,14.413654054463947
Virudhunagar,5.605833333333333,36,21,normal,40.22809075568417,9,35.981636539080554,44.41962434322648,37,40.638489847885616,28.0,0,26.139314134777713,40.43468399020969,0,36.7683972828942,29.218368644243697,9,26.390659029478133,20.0,0,18.64324161302197,18.0,0,15.961703855318802,17.0,0,15.483025639220143
Viluppuram,22.871666666666666,52,18,rain,33.60818520372628,0,29.966166503458275,39.0893211634705,0,36.38673212542555,28.0,0,24.10797048566179,42.84054514959321,0,37.35441629354625,34.04026235129214,24,31.10627800352855,20.0,0,17.901307295395814,18.0,0,15.42818705434901,17.0,0,16.159142245907066
Nagercoil,10.197222222222223,11,50,weekend,36.76187015471747,8,35.65114645480597,42.983592760115535,16,42.82831431213165,28.0,0,28.791651386767423,43.54560165478784,44,44.979887419821836,22.49218157320404,4,21.90017700857354,20.0,0,20.189635573700468,18.0,0,17.916973954577042,17.0,0,18.095875362097942
Dharmapuri,4.0633333333333335,3,48,weekend,48.232025320958336,7,42.40586991611521,39.34489323207067,15,34.72508253858855,28.0,0,26.36132986577407,47.03003548747523,42,43.91473715520154,23.21228698834546,2,20.160368369794593,20.0,0,17.668024810107358,18.0,0,16.59571491551622,17.0,0,15.191606052051904
Namakkal,14.993333333333332,59,36,rain,39.038209510948974,0,38.881781112371485,45.37250241583318,0,46.90865560282628,28.0,0,27.052414992699447,43.77988940216618,0,43.12918544581509,36.16769493281081,25,38.10828650116977,20.0,0,20.13748895284756,18.0,0,17.648957565224023,17.0,0,17.63336065374288
Dharmapuri,22.89388888888889,53,38,weekend,48.232025320958336,7,41.97041012928489,39.34489323207067,15,34.03455271128205,28.0,0,25.211587347086468,47.03003548747523,42,43.491522307187736,23.21228698834546,2,19.6300174743335,20.0,0,17.81107073345606,18.0,0,15.542075017455941,17.0,0,15.343543334869798
Theni,3.535833333333333,32,9,weekend,48.60570847549609,10,43.426984516136294,45.686464883246686,15,40.76806942674895,28.0,0,25.283175642377643,44.20381477073529,45,40.05449680294197,27.297359059343346,1,23.909301774677186,20.0,0,17.652692907956673,18.0,0,15.701504963218044,17.0,0,15.803420084886115
Salem,22.10388888888889,6,14,rain,30.46411548521254,0,26.822949861053914,41.07025287760748,0,38.13096774610493,28.0,0,26.131965373287237,42.795009738268384,0,37.606547212442194,42.90399215480497,33,38.970410780613065,20.0,0,17.88031156869191,18.0,0,16.284784142175845,17.0,0,16.41164252353728
Virudhunagar,17.886944444444445,53,13,weekend,48.47349620631729,2,48.356332114045735,33.93939787277466,11,33.852720944466284,28.0,0,29.122368447467327,40.43468399020969,49,41.81119889807639,39.087567533570414,2,39.50848490162789,20.0,0,20.174157886319843,18.0,0,18.466093408410703,17.0,0,16.671983360758727
Coimbatore,23.685833333333335,41,9,rain,41.177517902712644,0,36.242657418497046,39.925990881755276,0,37.16297856529579,28.0,0,25.720842203883702,43.85765828683595,0,38.28081581534751,48.59837205358705,26,44.739057650253294,20.0,0,18.752020967062563,18.0,0,15.948193138204937,17.0,0,15.382369855479308
Bodi,12.41,24,36,rain,35.24301855846298,0,33.97731638819287,43.08852707983893,0,43.93345940051485,28.0,0,27.6472072075765,46.312237496988104,0,45.02369616815185,45.086517299376204,27,46.270025361761576,20.0,0,21.185134338166943,18.0,0,17.497236873733687,17.0,0,17.84229136934892
Coimbatore,11.546944444444444,32,49,weekend,43.767768157330956,5,43.468228048955204,39.566282936927436,19,39.22058578027682,28.0,0,27.86612627251898,43.85765828683595,66,45.088753147810316,40.68923477348823,3,40.07183966043984,20.0,0,18.884610027819242,18.0,0,18.341201412634177,17.0,0,17.496612686766515
Madurai,12.132777777777779,7,58,rain,41.34622390114707,0,41.177241066599656,38.9700071667711,0,40.861967945544755,28.0,0,28.421402797445754,49.76319964741091,0,49.80402035909304,41.92929403966443,21,43.720933007361566,20.0,0,20.312005673272115,18.0,0,17.59225213919679,17.0,0,17.614568373513816
Cumbum,15.52638888888889,31,35,weekend,29.471411633262974,8,29.470896497544274,47.57729861243491,11,47.45478274022064,28.0,0,28.419253804632362,41.388345997514556,43,42.846759584552714,40.83514733104723,2,41.04058237514436,20.0,0,20.224962719603774,18.0,0,18.56038337106589,17.0,0,17.359158080047223
Pudukottai,11.869166666666667,52,9,weekend,37.86154046215629,6,36.51430853065654,38.300311465939544,20,38.17506686681454,28.0,0,29.08389580350666,47.052339145013335,50,47.88591879121742,28.41956323712548,3,28.33806456463822,20.0,0,20.06353515047643,18.0,0,18.90158191839203,17.0,0,17.585921705535984
Salem,10.00611111111111,0,22,normal,30.991852204279624,15,29.694254303192178,46.51115891623186,37,45.29999696803889,28.0,0,27.621454605635538,42.795009738268384,0,42.14846161540401,39.490013090154434,3,37.746246475518284,20.0,0,19.479978606840916,18.0,0,17.77606433137495,17.0,0,16.616520953756417
Madurai,9.195833333333333,11,45,weekend,33.72574005744715,6,35.38929348080174,35.07288372339271,19,36.66654181561467,28.0,0,30.44861327437615,49.76319964741091,57,54.762196795825005,34.3616909478299,0,36.61394729403405,20.0,0,20.689799723993897,18.0,0,19.34579180220615,17.0,0,18.725886944237864
Cumbum,9.285833333333333,17,9,weekend,29.471411633262974,8,30.92016487494182,47.57729861243491,11,50.313502742359105,28.0,0,31.122928322355467,41.388345997514556,43,45.34837704821558,40.83514733104723,2,43.27400998052908,20.0,0,20.989325892444857,18.0,0,19.574597244751285,17.0,0,17.999423224083166
Salem,10.935,56,6,normal,30.991852204279624,15,29.879043516155605,46.51115891623186,37,46.12409711686851,28.0,0,26.72251291028438,42.795009738268384,0,41.147807937166526,39.490013090154434,3,39.06232680015957,20.0,0,19.716123900263664,18.0,0,17.776065519817454,17.0,0,16.380499718181202
Chennai,7.483055555555556,28,59,normal,39.304323934908425,15,40.712104510274976,39.433081213781136,32,41.65621856929666,28.0,0,28.74455173622972,46.755116111988286,0,48.6596056685973,26.618243730497205,4,28.492665283026007,20.0,0,21.34571908981001,18.0,0,19.540187245296494,17.0,0,17.700223541448697
Karur,22.635555555555555,38,8,weekend,28.9237264257748,7,24.88121700889119,32.608115607663365,14,28.32380083469922,28.0,0,25.014426262871947,44.75094055807841,51,40.927539676708896,44.679762548690945,0,39.21237337252926,20.0,0,17.33035627653269,18.0,0,15.960492596296394,17.0,0,14.934809648766183
Ramanadhapuram,3.343055555555556,20,35,rain,38.663502020988375,0,34.48541906201969,46.168240212269,0,43.17252982142368,28.0,0,24.63845980248061,47.605870671869134,0,41.878341169957146,42.24953654856638,22,39.682039585971,20.0,0,19.29203724679407,18.0,0,15.556930468172135,17.0,0,15.643187744218995
Theni,18.191666666666666,11,30,weekend,48.60570847549609,10,52.399466184589095,45.686464883246686,15,49.94761354483287,28.0,0,31.224161398891848,44.20381477073529,45,50.169204489999125,27.297359059343346,1,28.52300977842539,20.0,0,21.414815617098263,18.0,0,20.202773594000526,17.0,0,19.937366144225006
Pudukottai,23.588055555555556,35,17,normal,40.17823385325815,17,35.31696221133052,42.63016247598119,46,37.65216157760876,28.0,0,24.236004373126175,47.052339145013335,0,41.12090236894798,26.472202597790183,3,23.673003361917274,20.0,0,16.993911998052088,18.0,0,16.553254860855333,17.0,0,14.264011418766229
Pudukottai,20.101111111111113,6,4,rain,39.01988715770722,0,42.209220427829855,40.46523697096036,0,47.21337670437866,28.0,0,30.584712817250036,47.052339145013335,0,51.327140296500374,38.27290797059502,23,44.16218923222526,20.0,0,22.486129320254978,18.0,0,19.08132857044083,17.0,0,19.681360528459578
Karur,1.081388888888889,4,53,normal,35.06662939339528,11,31.566079811374095,42.8568280809084,38,38.27857523662144,28.0,0,24.845119843337976,44.75094055807841,0,39.57559061420195,46.32712388343816,6,42.20820531630219,20.0,0,17.382727040946424,18.0,0,16.10941277003811,17.0,0,14.750225212104345
Chennai,10.586666666666668,35,12,normal,39.304323934908425,15,37.878193946459675,39.433081213781136,32,38.60690564341224,28.0,0,27.39933625892238,46.755116111988286,0,45.71098884592564,26.618243730497205,4,26.513729726930006,20.0,0,19.375587005294253,18.0,0,17.74275833920254,17.0,0,16.162552674818357
Trichy,11.891388888888889,53,29,normal,32.479306100110314,13,31.143768750299632,42.755118180850474,24,41.88871528993078,28.0,0,27.106559954400957,43.72134429055531,0,42.43889465691773,40.05433803692343,0,39.05033820250071,20.0,0,18.351380975229965,18.0,0,16.90585557085551,17.0,0,16.393206374299044
Karur,16.537222222222223,32,14,weekend,28.9237264257748,7,28.599398601082434,32.608115607663365,14,33.38307857578265,28.0,0,28.957211485209474,44.75094055807841,51,46.278300356523125,44.679762548690945,0,44.831905486547996,20.0,0,19.14450540713234,18.0,0,18.337054655940936,17.0,0,18.095789297821117
Cumbum,3.9497222222222224,56,59,rain,35.11908014464723,0,31.08598136907269,48.36569397865607,0,44.638372834015485,28.0,0,23.85273934786459,41.388345997514556,0,36.34348910723767,32.75549403283424,21,30.478781304083768,20.0,0,18.633173146420823,18.0,0,15.616145690355586,17.0,0,15.538104797573233
Nagercoil,19.358055555555556,21,29,rain,38.0797699655937,0,41.18630695221874,42.3424347694493,0,48.9120310337296,28.0,0,30.543937609387733,43.54560165478784,0,46.716389026814355,35.29953219912303,24,39.785130391201406,20.0,0,23.34569254283233,18.0,0,19.98730805863617,17.0,0,19.33066474967265
Perambalur,7.947500000000001,56,51,normal,39.13605020386118,20,41.174288998518,41.89461863201859,28,43.99757043716528,28.0,0,29.272281621389414,42.830884456520046,0,44.91638681542226,31.96351280649583,5,33.65263694643549,20.0,0,21.24626828210876,18.0,0,18.56756624328285,17.0,0,17.722303318894898
Dindigul,8.493888888888888,29,38,normal,38.50338188034666,17,39.84457505570984,44.630455786187014,44,46.107911138515945,28.0,0,28.170838841917664,39.642402141494664,0,40.59610451494422,26.31908254034386,12,27.722942373246514,20.0,0,19.788669340483978,18.0,0,18.319490511094898,17.0,0,17.447551036512575
Dharmapuri,19.7025,42,9,weekend,48.232025320958336,7,51.532435462078894,39.34489323207067,15,43.08306723663579,28.0,0,31.220829289250588,47.03003548747523,42,52.59839019473319,23.21228698834546,2,25.69813199900638,20.0,0,21.280852681019574,18.0,0,19.649161658017608,17.0,0,18.891077170055794
Ooty,9.9375,56,15,weekend,23.42485009104321,7,23.908552611979662,42.15278264391995,13,43.93024093659696,28.0,0,29.59341709070954,46.91917691378848,45,50.78411926031493,49.23476274080344,2,51.08412892542236,20.0,0,21.33575740296269,18.0,0,19.237308170623997,17.0,0,18.79055260230383
Dharmapuri,13.295277777777777,17,43,rain,39.52700671836661,0,38.319621604066654,38.715080833617264,0,40.31626792123661,28.0,0,27.274479574126566,47.03003548747523,0,45.96027221786037,40.070630429811445,20,41.38519600120469,20.0,0,20.672894821053138,18.0,0,17.500430905707873,17.0,0,17.906988388425408
Virudhunagar,5.480277777777778,28,49,normal,40.22809075568417,9,36.23138070235617,44.41962434322648,37,41.33776701543509,28.0,0,25.563242672990665,40.43468399020969,0,38.215205510107765,29.218368644243697,9,27.11628748561106,20.0,0,18.126044877311543,18.0,0,16.51500493244186,17.0,0,15.389495754711119
Viluppuram,13.456388888888888,27,23,rain,33.60818520372628,0,32.361465931586274,39.0893211634705,0,40.38810101812993,28.0,0,27.480943156571836,42.84054514959321,0,41.19825319307405,34.04026235129214,24,35.425817816746196,20.0,0,20.47221902766703,18.0,0,17.688406172173206,17.0,0,17.812869070497953
Tirunelveli,7.4030555555555555,24,11,rain,39.232489486645534,0,40.66527415263542,41.38586655928871,0,45.938273141219014,28.0,0,29.79365996646414,42.33256633042416,0,44.49990997391064,40.88264477008581,27,44.77201832773499,20.0,0,21.955171920334205,18.0,0,18.873942076114947,17.0,0,18.816481430816207
Viluppuram,1.9919444444444445,59,31,rain,33.60818520372628,0,29.74632923858899,39.0893211634705,0,35.42895826110879,28.0,0,24.3257005353906,42.84054514959321,0,37.77265446760893,34.04026235129214,24,31.28822688598396,20.0,0,18.569844886830534,18.0,0,15.909853481297246,17.0,0,15.77386569403029
Madurai,15.477500000000001,28,39,normal,48.966707744846985,17,49.06774532613424,42.86713061014949,38,43.96140695364613,28.0,0,27.280494018269426,49.76319964741091,0,49.5821815674782,26.79408785599537,2,26.751544467207584,20.0,0,19.762739192652223,18.0,0,18.440179722231456,17.0,0,17.187869196590917
Coimbatore,5.489722222222222,29,23,normal,38.58726764809433,20,35.99267020272873,40.285698826583115,40,36.82965656788454,28.0,0,24.870613857630243,43.85765828683595,0,39.849664654719355,42.11676363644483,7,38.86301063590504,20.0,0,18.515083387887277,18.0,0,15.798217648415784,17.0,0,15.260584512786833
Kanyakumari,6.937222222222222,56,14,rain,45.06764523389062,0,46.38167281897991,40.22596629886361,0,44.012555526989814,28.0,0,28.87922653188557,46.56479008021971,0,47.54713696197015,43.677871284269436,33,47.59314459435342,20.0,0,22.688151419918594,18.0,0,18.828677275501,17.0,0,17.904474116774207
Karur,22.81888888888889,49,8,normal,35.06662939339528,11,30.5666376401376,42.8568280809084,38,37.91752864510717,28.0,0,24.74057122895734,44.75094055807841,0,39.85344790827211,46.32712388343816,6,40.19520429887858,20.0,0,17.47803926174793,18.0,0,16.140139858085387,17.0,0,15.578499492635364
Kanyakumari,3.0580555555555553,3,29,normal,40.91867763801298,14,35.50485195339261,41.22047902430772,46,35.73486140819886,28.0,0,24.278936516066704,46.56479008021971,0,41.143990173522006,40.049794546320875,8,35.06575609534146,20.0,0,17.637418516793396,18.0,0,15.24320031556591,17.0,0,14.708945811543563
Krishnagiri,23.779166666666665,46,45,weekend,22.021440552288443,5,19.270501056279613,33.98704088769471,17,29.15989809521576,28.0,0,24.67950956561038,43.91159023305815,59,39.275589808011475,48.179345098962024,2,42.376485305729254,20.0,0,17.98989333875634,18.0,0,16.715831778755508,17.0,0,15.687443868548524
Perambalur,10.051111111111112,3,4,normal,39.13605020386118,20,38.39815552024417,41.89461863201859,28,42.18495124716936,28.0,0,28.360366902162944,42.830884456520046,0,42.95571851256735,31.96351280649583,5,31.409618129460863,20.0,0,19.33913394506211,18.0,0,18.36613718383633,17.0,0,17.047840664526074
Vellore,15.884166666666665,53,3,weekend,37.727278941779964,13,37.79996458294248,33.16350779832507,14,33.21238939752005,28.0,0,28.914018797387985,48.19899329625811,63,50.65884961534135,47.78174030494075,3,47.88026513823062,20.0,0,19.55168629635059,18.0,0,19.058918936658014,17.0,0,17.022733475605442
Bodi,9.360833333333334,21,39,rain,35.24301855846298,0,36.62620926817618,43.08852707983893,0,47.107591891702505,28.0,0,29.49159620000782,46.312237496988104,0,48.54760033394973,45.086517299376204,27,49.643481311649055,20.0,0,22.132912251235158,18.0,0,19.768635248861653,17.0,0,18.46529962252629
Perambalur,13.368055555555555,22,5,normal,39.13605020386118,20,38.8282330372902,41.89461863201859,28,41.53139132256566,28.0,0,27.784390013243794,42.830884456520046,0,42.826425968320365,31.96351280649583,5,31.53590175597423,20.0,0,20.081543209201147,18.0,0,17.497695910983907,17.0,0,17.212591906636455
Viluppuram,16.885555555555555,53,8,weekend,34.90452850109481,5,35.12481017865707,35.84218079539566,16,35.6613190414151,28.0,0,29.314846621117074,42.84054514959321,47,43.368155270435665,33.81871210393652,3,33.89105468139687,20.0,0,20.670603406680147,18.0,0,18.592455523316,17.0,0,17.259089489140447
Kanyakumari,15.481388888888889,28,53,weekend,49.216612829768266,1,49.3192376559679,39.23145357341949,16,40.18331422292009,28.0,0,29.00781914754247,46.56479008021971,54,48.531111953665174,41.863832915295156,0,41.42355439137991,20.0,0,19.790019851373454,18.0,0,18.07378468743374,17.0,0,18.080067607282405
Dharmapuri,7.2380555555555555,14,17,weekend,48.232025320958336,7,49.782646820783846,39.34489323207067,15,41.48529408421456,28.0,0,31.57068018057049,47.03003548747523,42,51.59746093348938,23.21228698834546,2,25.01348528241162,20.0,0,21.062966751414898,18.0,0,19.604944949201414,17.0,0,18.718471254142013
Bodi,15.584722222222222,35,5,rain,35.24301855846298,0,35.58348029849693,43.08852707983893,0,45.721325185595916,28.0,0,27.705285438216695,46.312237496988104,0,46.42459112272877,45.086517299376204,27,47.4014078483535,20.0,0,21.10198347340051,18.0,0,18.39520603996736,17.0,0,17.953655561090194
Cumbum,21.709166666666665,42,33,rain,35.11908014464723,0,36.747447839374594,48.36569397865607,0,54.1098766881426,28.0,0,29.276837984665285,41.388345997514556,0,44.67971270741002,32.75549403283424,21,37.311471105195096,20.0,0,22.602420148514568,18.0,0,18.04886935142138,17.0,0,18.543157556153755
Karur,16.411666666666665,24,42,weekend,28.9237264257748,7,28.35860033933389,32.608115607663365,14,32.679411610239754,28.0,0,29.024256167001557,44.75094055807841,51,46.131768263629404,44.679762548690945,0,45.73419884884658,20.0,0,20.220900009667265,18.0,0,19.008787942567487,17.0,0,17.439540503609095
Perambalur,1.8491666666666668,50,57,normal,39.13605020386118,20,34.00197586384028,41.89461863201859,28,37.090154652759914,28.0,0,24.824699230887177,42.830884456520046,0,36.9432046059647,31.96351280649583,5,27.816051939631762,20.0,0,16.581219245276376,18.0,0,16.060351285035686,17.0,0,14.797247897126073
Bodi,21.9375,56,15,weekend,26.71685653185835,12,29.521614966158026,41.07058006834765,11,44.5942394359293,28.0,0,31.694277632257915,46.312237496988104,54,51.67287234629405,29.595738987812993,2,32.18167078404562,20.0,0,21.413425613461463,18.0,0,20.580680383017196,17.0,0,18.48649944802285
Karur,1.8269444444444445,49,37,weekend,28.9237264257748,7,25.176116801870645,32.608115607663365,14,28.09430492150726,28.0,0,25.291348938076737,44.75094055807841,51,40.288516636956935,44.679762548690945,0,38.25576656851613,20.0,0,18.039874256822426,18.0,0,16.213825363702373,17.0,0,15.129367649698603
Cumbum,9.428055555555554,25,41,weekend,29.471411633262974,8,30.713363285754394,47.57729861243491,11,49.08356533448809,28.0,0,30.05717345172985,41.388345997514556,43,44.518941548291195,40.83514733104723,2,42.00315840335195,20.0,0,20.89565755015753,18.0,0,18.965832395817685,17.0,0,17.452874355606333
Perambalur,19.42527777777778,25,31,weekend,40.759418109477394,5,43.70252802856338,39.31380979747918,23,42.947297484061735,28.0,0,31.196133772624908,42.830884456520046,43,48.35376327593626,19.036711661493786,3,20.309240604840376,20.0,0,21.477673538486478,18.0,0,19.10791368356793,17.0,0,18.939502566272502
Chennai,1.2425000000000002,14,33,normal,39.304323934908425,15,35.026415925014284,39.433081213781136,32,34.721720954418366,28.0,0,24.474807655295642,46.755116111988286,0,41.32040132896645,26.618243730497205,4,23.87973641570273,20.0,0,17.754769245891108,18.0,0,15.61102020288787,17.0,0,15.574396480841871
Virudhunagar,23.381944444444446,22,55,normal,40.22809075568417,9,35.855241753991976,44.41962434322648,37,39.17015873026927,28.0,0,24.74589302532807,40.43468399020969,0,36.901062000336545,29.218368644243697,9,26.33681027707552,20.0,0,18.294730844833857,18.0,0,15.571918718975853,17.0,0,14.839513224122685
Theni,21.353055555555557,21,11,normal,27.774389228803496,7,30.007881981243642,42.97994616938519,36,47.76775087863595,28.0,0,30.387527057201538,44.20381477073529,0,48.19732999184138,31.262434629525817,6,34.182881371574446,20.0,0,22.826050825034077,18.0,0,19.64909212480989,17.0,0,19.045979526914156
Tenkasi,17.37361111111111,22,25,normal,35.11028017839375,17,35.09483443849786,44.652961826854906,45,44.540045372622124,28.0,0,28.24996323406491,46.84848003316055,0,46.296959435738806,38.219946675145756,3,38.0790002982253,20.0,0,19.997871737588888,18.0,0,18.52107338076256,17.0,0,17.18682681025958
Salem,4.527777777777778,31,40,weekend,29.93637876614546,8,26.523504578630707,35.6293468389831,15,31.115785194009778,28.0,0,25.937146220028662,42.795009738268384,52,38.122576629147346,32.0154388677313,4,27.950596747741148,20.0,0,17.314877557219,18.0,0,16.83714312005386,17.0,0,15.798253878115233
Ooty,6.579444444444444,34,46,rain,28.58909578998705,0,30.007331616216064,44.26338884162844,0,48.150247256104045,28.0,0,28.548965220579802,46.91917691378848,0,47.86976364484938,41.97774609884506,23,46.05620842710949,20.0,0,21.518760124575024,18.0,0,18.804226273982838,17.0,0,19.057956960585937
Salem,13.055277777777778,3,19,normal,30.991852204279624,15,31.24008158439313,46.51115891623186,37,45.68248045994943,28.0,0,27.562419009068854,42.795009738268384,0,42.05479845242514,39.490013090154434,3,39.17637588558099,20.0,0,19.871795128472694,18.0,0,17.85023661762794,17.0,0,17.001892045350996
Perambalur,16.41722222222222,25,2,normal,39.13605020386118,20,39.49836773057445,41.89461863201859,28,41.912569075401976,28.0,0,28.574778811458888,42.830884456520046,0,43.31664345243292,31.96351280649583,5,32.12573138814756,20.0,0,20.79295946426474,18.0,0,17.553643005772653,17.0,0,17.92508625246542
Vellore,12.892777777777777,53,34,normal,46.98525613981706,17,45.69304120133792,44.916077602585744,39,44.54562264201299,28.0,0,26.830113450135396,48.19899329625811,0,47.6176088531828,35.09685323626527,7,34.6630126401034,20.0,0,20.158931985139272,18.0,0,17.281905700307245,17.0,0,16.83782949008187
Krishnagiri,23.59583333333333,35,45,rain,28.037994978054734,0,24.626579344199286,36.90394139758206,0,33.822433307428334,28.0,0,24.09171743006378,43.91159023305815,0,38.895340860930986,39.092342191470394,32,36.1327957800037,20.0,0,18.185971769635987,18.0,0,15.82627187116589,17.0,0,15.591739865324117
Vellore,6.285555555555556,17,8,rain,42.35626754079851,0,45.33523910589092,39.03979270045541,0,43.71474018244434,28.0,0,29.657650123857294,48.19899329625811,0,50.360647787001824,43.74006843805889,32,48.64614527022005,20.0,0,21.568074198954537,18.0,0,19.56636116454217,17.0,0,19.010805146861614
Virudhunagar,5.296944444444445,17,49,weekend,48.47349620631729,2,44.284471932568444,33.93939787277466,11,30.943068718864154,28.0,0,26.853524367594755,40.43468399020969,49,39.672378405870106,39.087567533570414,2,36.05050907443717,20.0,0,18.25807689499869,18.0,0,17.449540770542527,17.0,0,16.481472369058014
Madurai,0.5261111111111112,31,34,rain,41.34622390114707,0,36.56468154460913,38.9700071667711,0,36.57034175725635,28.0,0,24.69546531858161,49.76319964741091,0,43.10221877650842,41.92929403966443,21,38.642555759798036,20.0,0,19.451857520574972,18.0,0,15.782800351071835,17.0,0,16.26339922225671
Kanyakumari,18.472777777777775,28,22,rain,45.06764523389062,0,48.618714801738435,40.22596629886361,0,45.420800291875025,28.0,0,29.63564728674323,46.56479008021971,0,49.7623186988325,43.677871284269436,33,49.30751113676938,20.0,0,22.744563235786174,18.0,0,20.050574038214844,17.0,0,19.22171454682634
Viluppuram,19.75138888888889,45,5,rain,33.60818520372628,0,36.33260735989726,39.0893211634705,0,44.28878460398889,28.0,0,30.288912752781556,42.84054514959321,0,46.19586848517793,34.04026235129214,24,38.60671194864243,20.0,0,22.139140170687046,18.0,0,18.649993252866736,17.0,0,20.54638292840367
Dindigul,5.881388888888889,52,53,rain,39.546621018905,0,36.15185627937619,42.5310672795623,0,41.29435519408579,28.0,0,26.744470148034722,39.642402141494664,0,36.2024288414377,39.436185183781845,30,38.17114077080605,20.0,0,19.507947755397495,18.0,0,16.954486665862362,17.0,0,16.117619284321762
Tenkasi,23.61416666666667,36,51,normal,35.11028017839375,17,30.638033606989897,44.652961826854906,45,39.40379901162645,28.0,0,24.23672160679762,46.84848003316055,0,41.36636472117905,38.219946675145756,3,33.94563306038717,20.0,0,17.2936712626759,18.0,0,15.777813754442139,17.0,0,14.521640920879003
Dharmapuri,10.429444444444444,25,46,weekend,48.232025320958336,7,47.630806789154065,39.34489323207067,15,39.13728495915918,28.0,0,28.75395844506941,47.03003548747523,42,47.938957682298785,23.21228698834546,2,22.881061997781725,20.0,0,20.35655131801215,18.0,0,18.698749386801353,17.0,0,16.65379002297604
Kanyakumari,12.177777777777777,10,40,rain,45.06764523389062,0,44.8370226045588,40.22596629886361,0,41.475016670186,28.0,0,27.98299606281096,46.56479008021971,0,45.524229364013785,43.677871284269436,33,45.2774315196351,20.0,0,20.854354673286476,18.0,0,17.67007358812475,17.0,0,17.773605679301127
Perambalur,19.299722222222226,17,59,weekend,40.759418109477394,5,44.238049098809725,39.31380979747918,23,43.12636483002015,28.0,0,32.24964575479695,42.830884456520046,43,48.782400529726445,19.036711661493786,3,21.403132988735578,20.0,0,21.747012861429138,18.0,0,21.468396110572616,17.0,0,20.35121357524326
Dharmapuri,1.0141666666666667,0,51,weekend,48.232025320958336,7,42.39873830047136,39.34489323207067,15,33.80735042812897,28.0,0,25.891041014262072,47.03003548747523,42,43.02266767382044,23.21228698834546,2,19.554209170599943,20.0,0,18.039875763490503,18.0,0,17.177450414888014,17.0,0,16.283825942449063
Cumbum,6.365555555555555,21,56,normal,40.76674865603148,18,42.950075831716035,49.15408934487722,37,52.340847840259926,28.0,0,29.050029832173955,41.388345997514556,0,43.591922195317935,47.691512153415324,4,50.57831951237521,20.0,0,20.01163806899178,18.0,0,19.44009131041448,17.0,0,17.38862435874675
Ooty,15.065833333333334,3,57,rain,28.58909578998705,0,28.351550740198903,44.26338884162844,0,47.067794352291635,28.0,0,27.74624663112289,46.91917691378848,0,47.66585717988232,41.97774609884506,23,44.16679641475969,20.0,0,20.639231781948983,18.0,0,17.921140450921655,17.0,0,18.158850681684083
Ramanadhapuram,6.588888888888889,35,20,rain,38.663502020988375,0,39.957756735648815,46.168240212269,0,50.32628389129009,28.0,0,29.515978512376687,47.605870671869134,0,49.102946062984046,42.24953654856638,22,46.79428134752032,20.0,0,21.77021075034896,18.0,0,17.980923422827512,17.0,0,18.162834116200447
Theni,3.3525,21,9,rain,38.19004885214979,0,34.24882576308396,44.333205526315936,0,41.332840361111785,28.0,0,25.168612120102065,44.20381477073529,0,39.12410164669437,45.05616956083969,11,42.323477690096624,20.0,0,18.86553283144573,18.0,0,16.05542497590619,17.0,0,16.248469022978927
Dindigul,5.248055555555555,14,53,normal,38.50338188034666,17,35.57686427829741,44.630455786187014,44,41.18208095979584,28.0,0,26.394895562320333,39.642402141494664,0,37.268450216739,26.31908254034386,12,24.156658181341694,20.0,0,18.548748271202673,18.0,0,15.963056841509829,17.0,0,15.643520504130452
Karur,10.496666666666666,29,48,normal,35.06662939339528,11,34.013252027502986,42.8568280809084,38,42.44893642227434,28.0,0,27.59640572254625,44.75094055807841,0,43.357431419175605,46.32712388343816,6,45.44736833647139,20.0,0,18.984515412325646,18.0,0,17.667258947427793,17.0,0,15.963418442094994
Krishnagiri,14.109444444444444,6,34,rain,28.037994978054734,0,28.275581330736383,36.90394139758206,0,38.11998296077713,28.0,0,28.81342878189453,43.91159023305815,0,43.65360702448909,39.092342191470394,32,41.13760785264653,20.0,0,21.392124692254118,18.0,0,17.562417619847924,17.0,0,17.610657894375823
Virudhunagar,11.591944444444445,35,31,weekend,48.47349620631729,2,47.32733245548975,33.93939787277466,11,32.58190644788835,28.0,0,28.03447770948722,40.43468399020969,49,41.21843709318746,39.087567533570414,2,37.95200869311076,20.0,0,19.537761281006443,18.0,0,17.408763438557543,17.0,0,17.432095434340532
Dindigul,5.935833333333334,56,9,rain,39.546621018905,0,36.303253310764326,42.5310672795623,0,41.369743141329934,28.0,0,26.465724493465977,39.642402141494664,0,36.64087892443599,39.436185183781845,30,38.78166717529503,20.0,0,20.028541735862238,18.0,0,16.024455010385395,17.0,0,16.752573652369318
Theni,15.945833333333333,56,45,weekend,48.60570847549609,10,48.240309225245774,45.686464883246686,15,46.39446039586085,28.0,0,29.004522059781124,44.20381477073529,45,46.10878534898145,27.297359059343346,1,27.21540116491228,20.0,0,20.428298541334815,18.0,0,17.988825853834363,17.0,0,17.400158565930813
Trichy,23.426944444444445,25,37,normal,32.479306100110314,13,28.531687383043874,42.755118180850474,24,37.983226341162435,28.0,0,23.848846555073244,43.72134429055531,0,37.69340661729484,40.05433803692343,0,35.67932958850238,20.0,0,18.293186793544834,18.0,0,15.278878357606796,17.0,0,15.012968468942278
Trichy,11.595833333333333,35,45,rain,31.886725557283217,0,31.667285757617712,41.163907526226495,0,42.529801811492426,28.0,0,27.194467206480834,43.72134429055531,0,42.10172900357725,40.05433803692343,23,40.85371585860805,20.0,0,20.733668714977366,18.0,0,17.636686066835896,17.0,0,17.454629120003393
Vellore,3.236388888888889,14,11,rain,42.35626754079851,0,37.93905008949288,39.03979270045541,0,36.485614423213676,28.0,0,25.07353543260178,48.19899329625811,0,42.593984302978264,43.74006843805889,32,40.14631688947388,20.0,0,18.55430236685506,18.0,0,16.361744177134497,17.0,0,16.032534745592706
Viluppuram,7.653611111111111,39,13,normal,32.311841906357756,18,32.95307828044881,42.33646153154534,37,44.43155210259997,28.0,0,28.424650293740815,42.84054514959321,0,45.26646068587912,27.330810800132806,3,27.95331695185496,20.0,0,21.431689272050775,18.0,0,18.508702529647703,17.0,0,18.27017865562565
Cumbum,12.293888888888889,17,38,rain,35.11908014464723,0,34.912776646717084,48.36569397865607,0,50.47303062757441,28.0,0,27.81495248809885,41.388345997514556,0,40.675513818519086,32.75549403283424,21,32.94998819934112,20.0,0,21.044026635482204,18.0,0,18.290809621396917,17.0,0,17.883241075978464
Perambalur,16.121666666666666,7,18,rain,39.947734156669284,0,40.018721353210246,40.604214214748886,0,42.93907221560109,28.0,0,27.90402102350194,42.830884456520046,0,42.231786852021,47.42780520358114,28,50.4607174153877,20.0,0,20.123831589470786,18.0,0,17.837189654648725,17.0,0,17.911545943162405
Ramanadhapuram,12.05388888888889,3,14,normal,45.10496819414156,16,42.8988016065165,46.28714749547341,32,45.558508041855305,28.0,0,27.52140826757211,47.605870671869134,0,46.5297867748571,37.96343974512072,5,37.731139112524524,20.0,0,20.213810142024624,18.0,0,17.070190297018335,17.0,0,17.664032178799083
Ramanadhapuram,21.469166666666666,28,9,normal,45.10496819414156,16,49.49654464520843,46.28714749547341,32,50.937454601725804,28.0,0,29.933623804011646,47.605870671869134,0,51.64027149827554,37.96343974512072,5,41.32224275290147,20.0,0,21.49282220965335,18.0,0,20.61012972278226,17.0,0,18.56820631805916
Trichy,23.13138888888889,7,53,rain,31.886725557283217,0,28.1551097784596,41.163907526226495,0,38.509821774231334,28.0,0,25.0865064657761,43.72134429055531,0,38.65286771967577,40.05433803692343,23,38.02388520046477,20.0,0,18.947644472648687,18.0,0,15.615591039170392,17.0,0,16.730908762066015
Bodi,6.4816666666666665,28,54,normal,43.7691805850676,17,45.9522099387613,45.10647409133021,38,47.94057197919817,28.0,0,29.159392504961588,46.312237496988104,0,48.07564473824566,35.005235627037244,7,36.45636548996123,20.0,0,21.147971149083315,18.0,0,18.145387201683278,17.0,0,18.08961964679282
Dindigul,8.239444444444443,14,22,weekend,40.589860157463335,10,42.28311316953325,40.43167877293759,10,42.464182053563796,28.0,0,30.83921955645599,39.642402141494664,38,43.078528374335356,46.122076154386654,1,49.049032860524456,20.0,0,21.030139732279547,18.0,0,19.70519953447563,17.0,0,18.086460975376756
Krishnagiri,17.35527777777778,21,19,rain,28.037994978054734,0,27.79244875664819,36.90394139758206,0,38.437290980175675,28.0,0,28.29859662418798,43.91159023305815,0,43.61908195751126,39.092342191470394,32,39.86340411994119,20.0,0,20.64846984158676,18.0,0,17.889003278655665,17.0,0,17.678043349586833
Bodi,0.18333333333333332,11,0,weekend,26.71685653185835,12,23.695535302694,41.07058006834765,11,37.532224304365876,28.0,0,25.516689156902856,46.312237496988104,54,42.626171467090316,29.595738987812993,2,26.729366490812676,20.0,0,17.689776399261554,18.0,0,16.721533547433243,17.0,0,15.721186950484729
Coimbatore,11.588055555555556,35,17,normal,38.58726764809433,20,37.51587884129023,40.285698826583115,40,39.62645654393324,28.0,0,27.02807546992929,43.85765828683595,0,42.00461607052582,42.11676363644483,7,40.39494798373756,20.0,0,19.238326964959793,18.0,0,16.967827666705507,17.0,0,16.740616468704726
Theni,21.240833333333335,14,27,weekend,48.60570847549609,10,52.609267393411955,45.686464883246686,15,50.95451192620018,28.0,0,31.588552077052718,44.20381477073529,45,49.523479539945434,27.297359059343346,1,29.150618267695485,20.0,0,22.48777853032911,18.0,0,20.68364438287754,17.0,0,19.807602846465464
Coimbatore,2.0027777777777778,0,10,rain,41.177517902712644,0,36.46761477019474,39.925990881755276,0,36.93463451152113,28.0,0,25.02793757755,43.85765828683595,0,38.76029941545328,48.59837205358705,26,45.04021339588649,20.0,0,19.198269107485306,18.0,0,14.78462754215696,17.0,0,15.117166123428191
Karur,7.121944444444444,7,19,weekend,28.9237264257748,7,30.149376398459008,32.608115607663365,14,34.24227570349488,28.0,0,30.21420759795855,44.75094055807841,51,47.8993444118863,44.679762548690945,0,46.27415581237954,20.0,0,21.464679012874925,18.0,0,19.584891290819055,17.0,0,18.66805091694657
Namakkal,20.21722222222222,13,2,rain,39.038209510948974,0,42.477945714791666,45.37250241583318,0,52.17581488309591,28.0,0,31.169738712725245,43.77988940216618,0,47.83607667675555,36.16769493281081,25,41.16579368372418,20.0,0,23.01683902285242,18.0,0,19.79846339835125,17.0,0,18.693097450143892
Perambalur,7.706388888888889,42,23,rain,39.947734156669284,0,42.36955310120959,40.604214214748886,0,43.86855040414285,28.0,0,28.128400319564225,42.830884456520046,0,43.83559603290275,47.42780520358114,28,51.14191289312277,20.0,0,21.573051273471126,18.0,0,18.278120719241365,17.0,0,18.04129768083009
Ramanadhapuram,15.061944444444444,3,43,weekend,32.22203584783519,4,32.18760980633462,46.049332929064576,13,46.29782899675913,28.0,0,29.136264156606867,47.605870671869134,51,48.902753135034764,40.10648814684355,0,41.0287383647974,20.0,0,20.48867498412646,18.0,0,18.603503323351607,17.0,0,17.57971818274838
Chennai,16.531666666666666,31,54,rain,38.69169460353284,0,39.20641702235137,40.29866117288363,0,42.75583262752881,28.0,0,28.669781069485044,46.755116111988286,0,46.69836526364792,41.59902003798844,29,43.64918127554673,20.0,0,20.864282184812637,18.0,0,18.424328156007427,17.0,0,18.592165318098104
Vellore,6.414444444444444,24,52,weekend,37.727278941779964,13,38.99135817925966,33.16350779832507,14,35.0504742940004,28.0,0,31.364207162507284,48.19899329625811,63,52.95746946027347,47.78174030494075,3,49.58678379629071,20.0,0,20.429546447906134,18.0,0,19.323625766104428,17.0,0,18.640590346579515
Cumbum,3.3163888888888886,18,59,normal,40.76674865603148,18,36.64849595697555,49.15408934487722,37,44.156028245139865,28.0,0,25.294121866177125,41.388345997514556,0,36.819502127386905,47.691512153415324,4,43.5750031556601,20.0,0,17.978900275370602,18.0,0,15.247947506977134,17.0,0,14.741326246415811
Ramanadhapuram,3.5975,35,51,weekend,32.22203584783519,4,28.180529741040747,46.049332929064576,13,40.15237999760231,28.0,0,25.987373928558537,47.605870671869134,51,42.86578338602555,40.10648814684355,0,34.79402072895473,20.0,0,17.425811973926617,18.0,0,17.175227028326578,17.0,0,16.00962988556531
Pudukottai,5.461944444444445,27,43,rain,39.01988715770722,0,36.07591366391771,40.46523697096036,0,39.19654969970059,28.0,0,25.73375881381946,47.052339145013335,0,43.23448669466395,38.27290797059502,23,36.847794998655694,20.0,0,19.459898362429993,18.0,0,16.77531828675158,17.0,0,16.541459136308532
Ooty,15.120277777777778,7,13,rain,28.58909578998705,0,29.448077086594793,44.26338884162844,0,46.43996892503038,28.0,0,28.132423691234987,46.91917691378848,0,47.76267316945292,41.97774609884506,23,44.41333266336289,20.0,0,20.726162216567587,18.0,0,17.536144176066433,17.0,0,17.88835651471026
Vellore,12.638333333333334,38,18,weekend,37.727278941779964,13,36.120017492506086,33.16350779832507,14,32.48489792041034,28.0,0,28.254402173620853,48.19899329625811,63,48.265641676632136,47.78174030494075,3,46.22868653299614,20.0,0,19.06209364202827,18.0,0,18.308654864237003,17.0,0,18.373723050332316
Krishnagiri,2.082777777777778,4,58,normal,34.05454940382103,17,30.26897748673015,39.82084190746941,37,35.02043225825218,28.0,0,25.054650518589824,43.91159023305815,0,38.213373562219545,32.33806041486693,7,27.783739401042496,20.0,0,18.392872509169408,18.0,0,16.40447840565496,17.0,0,14.636819863072862
Virudhunagar,20.881666666666668,52,54,weekend,48.47349620631729,2,52.597156580312756,33.93939787277466,11,36.543707944322364,28.0,0,30.604076477831832,40.43468399020969,49,45.193261988529436,39.087567533570414,2,42.5163110022956,20.0,0,21.887689799554817,18.0,0,19.83286311868961,17.0,0,19.55790382987624
Viluppuram,10.661666666666667,39,42,weekend,34.90452850109481,5,34.052747678134544,35.84218079539566,16,34.59417733144655,28.0,0,28.168927781764868,42.84054514959321,47,43.14608646852596,33.81871210393652,3,32.67035503186758,20.0,0,19.206734725906724,18.0,0,18.506430020569482,17.0,0,16.35753025013919
Salem,10.893888888888888,53,38,weekend,29.93637876614546,8,28.834151214754836,35.6293468389831,15,34.812881845574005,28.0,0,28.075865820245486,42.795009738268384,52,43.88450584923645,32.0154388677313,4,31.53239440166951,20.0,0,19.702656212271915,18.0,0,18.206865897739736,17.0,0,17.924487358645152
Viluppuram,13.781944444444445,46,55,weekend,34.90452850109481,5,34.75064753633319,35.84218079539566,16,35.01769770713255,28.0,0,28.675106214212633,42.84054514959321,47,43.77975335818893,33.81871210393652,3,32.99443567996236,20.0,0,19.289503133283134,18.0,0,17.79300630370351,17.0,0,17.132039786052776
Karur,10.13,7,48,rain,31.99517790958504,0,31.665086667939022,37.73247184428588,0,39.09095956434229,28.0,0,27.66071681165506,44.75094055807841,0,43.5816815266642,43.03240121394373,28,44.22610007363033,20.0,0,20.688918963537443,18.0,0,17.716589259392435,17.0,0,17.38791667349967
Cumbum,6.42,25,12,normal,40.76674865603148,18,41.905181533101945,49.15408934487722,37,51.73626638992033,28.0,0,29.265049055679476,41.388345997514556,0,43.12851445350023,47.691512153415324,4,50.84450698646286,20.0,0,21.189800440837093,18.0,0,19.175226595403085,17.0,0,17.382361355803162
Perambalur,7.635277777777778,38,7,rain,39.947734156669284,0,41.53515495699233,40.604214214748886,0,43.76058502890487,28.0,0,29.415643231774126,42.830884456520046,0,44.40703800583223,47.42780520358114,28,51.39151042711186,20.0,0,22.110359517756184,18.0,0,18.58848993564363,17.0,0,17.983654300890016
Ramanadhapuram,21.540277777777778,32,25,normal,45.10496819414156,16,47.98709200980832,46.28714749547341,32,49.81618468276021,28.0,0,30.252225619835595,47.605870671869134,0,50.425620737169815,37.96343974512072,5,40.78148531907731,20.0,0,21.390179569975302,18.0,0,19.543883611193568,17.0,0,18.600730578621054
Dindigul,11.247499999999999,14,51,rain,39.546621018905,0,39.719640457951996,42.5310672795623,0,44.39097304628527,28.0,0,27.422372191533672,39.642402141494664,0,39.738141683576046,39.436185183781845,30,40.87574459299451,20.0,0,20.22504886810073,18.0,0,18.337813587511096,17.0,0,17.487584382413047
Tirunelveli,4.537222222222222,32,14,weekend,38.840222090008695,8,34.071938567437314,44.39081528207452,12,40.64170740511622,28.0,0,25.17653098382714,42.33256633042416,60,39.21080915124501,26.651075201973363,2,22.72915967601311,20.0,0,17.464657557475412,18.0,0,15.843154351737047,17.0,0,15.651563915591511
Krishnagiri,2.757222222222222,45,26,weekend,22.021440552288443,5,19.146600853495865,33.98704088769471,17,29.699960034572644,28.0,0,25.73733186987003,43.91159023305815,59,39.24734835037496,48.179345098962024,2,42.42517516046186,20.0,0,17.589897521259633,18.0,0,15.449277949408483,17.0,0,16.173632079395123
Bodi,6.240555555555556,14,26,rain,35.24301855846298,0,36.980294979349765,43.08852707983893,0,46.82865003887529,28.0,0,29.643705346394817,46.312237496988104,0,48.35463950971416,45.086517299376204,27,49.36838499140093,20.0,0,21.629883738123137,18.0,0,19.35268820220752,17.0,0,18.57631846120821
Bodi,18.705,42,18,rain,35.24301855846298,0,37.93607513459394,43.08852707983893,0,48.3383571133944,28.0,0,30.02696943420433,46.312237496988104,0,49.73374916362629,45.086517299376204,27,50.39771769322537,20.0,0,22.503023724020547,18.0,0,19.00774597293571,17.0,0,18.771756855096566
Dharmapuri,1.688611111111111,41,19,rain,39.52700671836661,0,35.00187019318422,38.715080833617264,0,35.35841892494905,28.0,0,24.722212019056762,47.03003548747523,0,40.59247465531005,40.070630429811445,20,37.30814301683611,20.0,0,18.10625855261185,18.0,0,16.147788262612213,17.0,0,16.521304758771407
Salem,13.759722222222223,45,35,rain,30.46411548521254,0,29.43646102271182,41.07025287760748,0,41.22568341390446,28.0,0,26.840107278733655,42.795009738268384,0,41.44105755122961,42.90399215480497,33,43.411626690829245,20.0,0,20.54492033951299,18.0,0,17.27730428020665,17.0,0,16.930818579283297
Ooty,21.360833333333336,21,39,rain,28.58909578998705,0,30.689627351754492,44.26338884162844,0,50.17581852327427,28.0,0,30.29049922816599,46.91917691378848,0,50.86157389636261,41.97774609884506,23,47.444825142064545,20.0,0,21.87246377447372,18.0,0,19.27574092532323,17.0,0,19.527345867416905
Madurai,12.990555555555554,59,26,rain,41.34622390114707,0,40.567689880507615,38.9700071667711,0,39.15168764497846,28.0,0,26.966365444153816,49.76319964741091,0,48.07171001654115,41.92929403966443,21,43.30230404488408,20.0,0,21.382793661590387,18.0,0,18.435137828148477,17.0,0,17.01250175886588
Dindigul,17.47138888888889,28,17,rain,39.546621018905,0,39.578903393823964,42.5310672795623,0,43.688878209524944,28.0,0,28.184027725026063,39.642402141494664,0,40.55033680546897,39.436185183781845,30,42.15148800009212,20.0,0,21.84133954560746,18.0,0,17.556030872864348,17.0,0,18.275267176506507
Virudhunagar,14.64111111111111,38,28,weekend,48.47349620631729,2,48.535470915749244,33.93939787277466,11,33.578819193788696,28.0,0,28.685852744574284,40.43468399020969,49,40.38766472288134,39.087567533570414,2,37.84432737119893,20.0,0,19.557452386877586,18.0,0,17.976357691159865,17.0,0,17.8119799529867
Coimbatore,23.052500000000002,3,9,normal,38.58726764809433,20,34.65314556559808,40.285698826583115,40,35.235852254400385,28.0,0,24.505092855471393,43.85765828683595,0,39.715862505318604,42.11676363644483,7,37.81570539426689,20.0,0,17.76057071750242,18.0,0,15.521745431815978,17.0,0,14.820979044732601
Virudhunagar,8.359444444444444,21,34,rain,44.350793481000736,0,46.32591132951801,39.17951110800057,0,44.03607552689734,28.0,0,29.723234980994885,40.43468399020969,0,42.03013230294518,36.442483195672004,35,39.661731232451025,20.0,0,20.6088121036228,18.0,0,19.248920796695113,17.0,0,18.965580766818565
Bodi,9.544166666666667,32,39,weekend,26.71685653185835,12,27.87212555743713,41.07058006834765,11,43.07610160307955,28.0,0,30.045723113391656,46.312237496988104,54,49.4977058699826,29.595738987812993,2,30.506512789061947,20.0,0,20.792674839763055,18.0,0,19.439262012838952,17.0,0,17.796284702277838
Tenkasi,8.520555555555557,31,14,rain,37.54459048558374,0,38.97321270662725,38.936052625740416,0,42.69428218681298,28.0,0,29.795158990033368,46.84848003316055,0,48.454891138763024,43.719207655035106,20,47.12542326649638,20.0,0,21.943466114803474,18.0,0,19.19643939765265,17.0,0,18.718697175233256
Karur,22.452222222222222,27,8,rain,31.99517790958504,0,27.99205654417933,37.73247184428588,0,34.39338868314281,28.0,0,25.058646025386555,44.75094055807841,0,40.615151563716395,43.03240121394373,28,40.670240868063416,20.0,0,18.495735763425728,18.0,0,15.956719369552436,17.0,0,16.21926730557875
Vellore,12.821666666666667,49,18,normal,46.98525613981706,17,45.22487196344462,44.916077602585744,39,43.59131007043518,28.0,0,27.116107168048348,48.19899329625811,0,46.20396274872364,35.09685323626527,7,34.22786190550336,20.0,0,19.83948826629133,18.0,0,17.703905226994753,17.0,0,16.37371222656861
Ooty,9.699722222222222,41,59,rain,28.58909578998705,0,29.047820131253296,44.26338884162844,0,48.15953103197313,28.0,0,28.949338659729346,46.91917691378848,0,48.80956697592842,41.97774609884506,23,46.70650657264303,20.0,0,21.389056085239257,18.0,0,18.916077593328346,17.0,0,18.96835697752116
Krishnagiri,2.0116666666666667,0,42,normal,34.05454940382103,17,29.92889159017465,39.82084190746941,37,34.6099241736596,28.0,0,24.99482714853604,43.91159023305815,0,38.39959700634513,32.33806041486693,7,28.28769562829623,20.0,0,17.84132320258217,18.0,0,15.726033302717155,17.0,0,14.826527937510875
Tenkasi,20.351666666666667,21,6,normal,35.11028017839375,17,38.29464591868208,44.652961826854906,45,49.60273732628128,28.0,0,30.18042321403174,46.84848003316055,0,50.874531567857105,38.219946675145756,3,42.376984733372595,20.0,0,21.914543188876824,18.0,0,19.993789408161867,17.0,0,18.779166198330643
Madurai,3.9419444444444447,56,31,normal,48.966707744846985,17,42.893679490477325,42.86713061014949,38,37.73627092729239,28.0,0,23.574907003391356,49.76319964741091,0,42.677774918004125,26.79408785599537,2,23.24499231971456,20.0,0,17.539639122384564,18.0,0,15.8560996151654,17.0,0,14.956353743647663
Madurai,18.41444444444444,24,52,weekend,33.72574005744715,6,36.68253126257847,35.07288372339271,19,38.23747474653956,28.0,0,31.43787314200031,49.76319964741091,57,56.72284283626601,34.3616909478299,0,37.45907110898622,20.0,0,21.889092644268537,18.0,0,20.578796327957352,17.0,0,18.76418102091894
Theni,3.664722222222222,39,53,normal,27.774389228803496,7,24.14547869547004,42.97994616938519,36,37.578065799131764,28.0,0,25.218316354191817,44.20381477073529,0,38.386661401629055,31.262434629525817,6,27.08615725965242,20.0,0,17.0275913493992,18.0,0,15.114991030117942,17.0,0,15.043287715614353
Salem,7.464722222222222,27,53,rain,30.46411548521254,0,32.32611621544248,41.07025287760748,0,45.51128780619664,28.0,0,29.45898131243595,42.795009738268384,0,44.53121387645154,42.90399215480497,33,47.378987666783985,20.0,0,21.97501836408743,18.0,0,18.722860784607338,17.0,0,19.909845333908084
Krishnagiri,8.377777777777778,22,40,normal,34.05454940382103,17,35.319145595169026,39.82084190746941,37,41.29149077946606,28.0,0,29.44133106621357,43.91159023305815,0,46.35427666476598,32.33806041486693,7,33.62540456357616,20.0,0,21.243016891794795,18.0,0,18.824922660645445,17.0,0,17.356224346971864
Bodi,21.825277777777778,49,31,rain,35.24301855846298,0,37.36587933410932,43.08852707983893,0,48.79982846731125,28.0,0,29.395322255569194,46.312237496988104,0,49.700279006653346,45.086517299376204,27,50.10502696475043,20.0,0,22.411398526662005,18.0,0,19.220704330631566,17.0,0,19.25170328835154
Cumbum,3.0619444444444444,3,43,weekend,29.471411633262974,8,26.028547886599288,47.57729861243491,11,41.43968090717613,28.0,0,26.01781178597247,41.388345997514556,43,37.39715000378313,40.83514733104723,2,36.52253572565954,20.0,0,18.918210960725023,18.0,0,16.668795411369306,17.0,0,15.849408145601867
Namakkal,20.288333333333334,17,18,rain,39.038209510948974,0,42.47268584941488,45.37250241583318,0,52.52808466884561,28.0,0,30.913281090154264,43.77988940216618,0,47.14608611478124,36.16769493281081,25,41.89751924055842,20.0,0,22.741339985574033,18.0,0,19.18675163852576,17.0,0,19.5191707566647
Bodi,3.303611111111111,18,13,weekend,26.71685653185835,12,23.91595161053998,41.07058006834765,11,37.34738098022607,28.0,0,25.94234834355318,46.312237496988104,54,43.13121396916376,29.595738987812993,2,25.402166820996136,20.0,0,17.767626949521144,18.0,0,16.271565394012963,17.0,0,15.17749652647386
Dharmapuri,4.372222222222222,22,20,normal,30.821988115774875,13,27.82201958275751,38.085268435163854,35,32.803415868364866,28.0,0,24.17286799418138,47.03003548747523,0,41.10449586373008,43.79800442850418,5,38.68368864559311,20.0,0,17.513028555275376,18.0,0,16.539452369697788,17.0,0,15.455417690585007
Karur,19.71527777777778,42,55,normal,35.06662939339528,11,37.302584920590796,42.8568280809084,38,44.98614093584209,28.0,0,29.893333342037387,44.75094055807841,0,48.46253290017118,46.32712388343816,6,50.15421317167156,20.0,0,22.08132892854462,18.0,0,19.42209480284339,17.0,0,18.85950979287062
Bodi,21.883055555555558,52,59,weekend,26.71685653185835,12,28.71835107160399,41.07058006834765,11,43.387722919620884,28.0,0,32.1240676679293,46.312237496988104,54,51.73346301171894,29.595738987812993,2,32.282874126361335,20.0,0,22.372384853035484,18.0,0,19.46608169561058,17.0,0,18.502351771123383
Tenkasi,5.838055555555555,50,17,normal,35.11028017839375,17,31.917988853348945,44.652961826854906,45,40.60065073021675,28.0,0,24.952377450803937,46.84848003316055,0,41.93836322600956,38.219946675145756,3,35.08762163995637,20.0,0,18.56334002266241,18.0,0,16.533593425670926,17.0,0,15.268644672877372
Chennai,7.354166666666666,21,15,weekend,38.07906527215725,6,39.604347598290296,41.16424113198611,15,43.80899234106688,28.0,0,30.366984537024514,46.755116111988286,55,50.75906859724971,25.222384006616462,2,26.852365486752607,20.0,0,20.982264049327007,18.0,0,19.751665062131185,17.0,0,18.542248922629096
Dharmapuri,19.885833333333334,53,9,normal,30.821988115774875,13,32.82801108611171,38.085268435163854,35,40.97362372056105,28.0,0,30.638755854349217,47.03003548747523,0,50.93452522238751,43.79800442850418,5,47.8746958831701,20.0,0,21.630561845144754,18.0,0,19.636034642457766,17.0,0,18.011862272936597
Bodi,21.191944444444445,11,31,normal,43.7691805850676,17,47.332747138918,45.10647409133021,38,49.01457918533259,28.0,0,30.497026471245587,46.312237496988104,0,50.76725838797812,35.005235627037244,7,37.76912036250514,20.0,0,21.002672294546286,18.0,0,19.98078256837157,17.0,0,18.267999887864068
Cumbum,21.566944444444445,34,1,rain,35.11908014464723,0,38.2783387049235,48.36569397865607,0,54.701899074418115,28.0,0,30.311281496939365,41.388345997514556,0,44.84954222748314,32.75549403283424,21,37.00296853912608,20.0,0,22.918492464889994,18.0,0,19.125264557160698,17.0,0,19.543575100152033
Coimbatore,17.828611111111112,49,43,normal,38.58726764809433,20,38.293630453940544,40.285698826583115,40,40.724182910500495,28.0,0,27.505549967328456,43.85765828683595,0,43.51970086889782,42.11676363644483,7,42.557962667572426,20.0,0,19.916716048995188,18.0,0,17.55188040190004,17.0,0,15.799602633578909
Chennai,1.3680555555555556,22,5,normal,39.304323934908425,15,35.753495138629326,39.433081213781136,32,35.37530864650185,28.0,0,24.501040761450966,46.755116111988286,0,41.61626996126635,26.618243730497205,4,23.704723776216948,20.0,0,17.208791651339173,18.0,0,15.92550842324352,17.0,0,14.815500143306549
Ramanadhapuram,18.053333333333335,3,12,rain,38.663502020988375,0,42.49313511175878,46.168240212269,0,52.917927063901395,28.0,0,30.056753512729518,47.605870671869134,0,52.22510616994721,42.24953654856638,22,47.88478776073868,20.0,0,23.431246042522922,18.0,0,20.16785116727431,17.0,0,19.398631358861042
Virudhunagar,23.1275,7,39,weekend,48.47349620631729,2,42.72851131367837,33.93939787277466,11,30.718081297233535,28.0,0,25.385119885249438,40.43468399020969,49,36.97685439635487,39.087567533570414,2,33.94829964871839,20.0,0,17.9823105186851,18.0,0,16.26337646285922,17.0,0,15.395752864181096
Namakkal,14.11888888888889,7,8,rain,39.038209510948974,0,39.013784710100985,45.37250241583318,0,48.92797731180575,28.0,0,28.46010223008838,43.77988940216618,0,44.1440586918716,36.16769493281081,25,38.672320033103105,20.0,0,21.22941137370453,18.0,0,18.365549086964442,17.0,0,17.674001670115054
Chennai,1.0013888888888889,0,5,rain,38.69169460353284,0,34.82689718564881,40.29866117288363,0,38.17817138929275,28.0,0,24.654400395259156,46.755116111988286,0,41.521849735253404,41.59902003798844,29,37.5527567107388,20.0,0,18.05566844965222,18.0,0,15.790106540307216,17.0,0,15.30716130261379
Namakkal,23.3375,20,15,rain,39.038209510948974,0,34.63279962277908,45.37250241583318,0,42.88929368968557,28.0,0,25.056441882977314,43.77988940216618,0,39.86335804403889,36.16769493281081,25,34.27136598265689,20.0,0,19.29206180575725,18.0,0,17.237217095120904,17.0,0,16.185205588225028
Trichy,5.7219444444444445,43,19,normal,32.479306100110314,13,29.32639599745951,42.755118180850474,24,38.417980317257665,28.0,0,25.754432689024345,43.72134429055531,0,39.42417668677704,40.05433803692343,0,36.50892215683391,20.0,0,18.115103202397464,18.0,0,15.91477612457198,17.0,0,14.661235390019582
Chennai,16.58611111111111,35,10,rain,38.69169460353284,0,38.9349499003238,40.29866117288363,0,42.548214035601575,28.0,0,27.667290439373193,46.755116111988286,0,47.3139350350821,41.59902003798844,29,43.3926643235361,20.0,0,20.97213345328692,18.0,0,18.084741051455367,17.0,0,17.535182579642125
Tenkasi,14.873333333333333,52,24,weekend,39.97890079277373,6,39.506859228201094,33.21914342462593,16,32.65758230980568,28.0,0,28.732978252291026,46.84848003316055,60,48.098762635714856,27.704370543179156,1,27.43749262144061,20.0,0,19.60462305435111,18.0,0,18.97735305252446,17.0,0,16.5164466768464
Bodi,15.6425,38,33,weekend,26.71685653185835,12,26.29835397714658,41.07058006834765,11,40.70527241388005,28.0,0,29.188583416715325,46.312237496988104,54,47.05765030973107,29.595738987812993,2,29.15191744647823,20.0,0,20.404747376670226,18.0,0,18.14023976492372,17.0,0,17.0784611563371
Trichy,17.81972222222222,49,11,rain,31.886725557283217,0,31.927441415135604,41.163907526226495,0,42.961568913050606,28.0,0,27.815435943655665,43.72134429055531,0,43.42570750748605,40.05433803692343,23,41.78097215829169,20.0,0,21.264890692072218,18.0,0,17.13693824965433,17.0,0,18.51881447531765
Karur,16.22833333333333,13,42,rain,31.99517790958504,0,32.23521161297184,37.73247184428588,0,40.105402580759524,28.0,0,28.40124480946164,44.75094055807841,0,44.93946844628097,43.03240121394373,28,45.2139843043375,20.0,0,22.12084774521067,18.0,0,18.593808928697413,17.0,0,18.361051642140254
Cumbum,3.8786111111111112,52,43,rain,35.11908014464723,0,30.560963586278206,48.36569397865607,0,44.77214005730176,28.0,0,24.603399467608458,41.388345997514556,0,35.4773478516681,32.75549403283424,21,30.598745190324113,20.0,0,18.014907975969233,18.0,0,16.33830365890724,17.0,0,16.03266164887471
Krishnagiri,20.7,42,0,normal,34.05454940382103,17,36.66868193391222,39.82084190746941,37,43.676778609151576,28.0,0,30.42978019011965,43.91159023305815,0,46.86129145946226,32.33806041486693,7,34.85723543393829,20.0,0,21.960887702502966,18.0,0,19.089790826133296,17.0,0,17.34173884929562
Virudhunagar,14.457777777777777,27,28,rain,44.350793481000736,0,43.75217000198166,39.17951110800057,0,41.05481695257029,28.0,0,29.01532455382254,40.43468399020969,0,40.1019095551349,36.442483195672004,35,38.15632429679849,20.0,0,20.35084997344048,18.0,0,18.50918714750676,17.0,0,18.193710569973405
Theni,15.816944444444443,49,1,rain,38.19004885214979,0,37.56583188073953,44.333205526315936,0,46.173640407625,28.0,0,27.56508492845706,44.20381477073529,0,44.11269247666218,45.05616956083969,11,47.90743291472343,20.0,0,21.678346160649873,18.0,0,18.412226042613277,17.0,0,17.79282055259217
Pudukottai,5.770833333333333,46,15,weekend,37.86154046215629,6,34.45341354520739,38.300311465939544,20,34.94032003556191,28.0,0,26.29274753861057,47.052339145013335,50,44.37407218741267,28.41956323712548,3,26.64523677568777,20.0,0,18.129830220322614,18.0,0,17.30600300829432,17.0,0,16.245402797500994
Karur,22.77777777777778,46,40,weekend,28.9237264257748,7,24.822128605291084,32.608115607663365,14,28.10961194848299,28.0,0,24.934934144842728,44.75094055807841,51,40.58128881484719,44.679762548690945,0,39.71957142399641,20.0,0,17.463565327062977,18.0,0,15.6887750197609,17.0,0,14.870239230485664
Tirunelveli,10.96111111111111,57,40,normal,39.624756883282366,19,38.37064090582665,38.380917836502896,36,36.84891202695157,28.0,0,26.97664705448326,42.33256633042416,0,40.81327273874449,44.56365019926856,7,43.249611845026884,20.0,0,20.162858136186394,18.0,0,17.37065424498277,17.0,0,15.567690763347773
Theni,18.93722222222222,56,14,rain,38.19004885214979,0,41.56249069544357,44.333205526315936,0,50.04932897235063,28.0,0,29.31650163677601,44.20381477073529,0,47.27375383521336,45.05616956083969,11,51.06415433853845,20.0,0,22.543543510227927,18.0,0,18.94135437823794,17.0,0,19.004131421432614
Krishnagiri,17.538611111111113,32,19,weekend,22.021440552288443,5,22.263161571169007,33.98704088769471,17,33.54091845057581,28.0,0,28.784860319009105,43.91159023305815,59,45.35138953560811,48.179345098962024,2,48.53957154252369,20.0,0,19.059277046467614,18.0,0,18.04344065560368,17.0,0,16.72389697227913
Kanyakumari,9.240833333333333,14,27,weekend,49.216612829768266,1,51.42013225310883,39.23145357341949,16,41.284730909533934,28.0,0,30.832253884742546,46.56479008021971,54,50.98516029595847,41.863832915295156,0,43.67511932019838,20.0,0,21.51113501299352,18.0,0,19.653028341103877,17.0,0,18.748666930183145
Viluppuram,16.76,45,36,weekend,34.90452850109481,5,35.19684848860595,35.84218079539566,16,35.8914280934981,28.0,0,28.33150629189972,42.84054514959321,47,43.58963588839502,33.81871210393652,3,33.278335155940866,20.0,0,19.548385569260596,18.0,0,19.114556972354073,17.0,0,17.308542476936207
Nagercoil,22.702777777777776,42,10,normal,39.39766977646993,14,34.88908202662371,41.701276778783054,39,37.58332308382884,28.0,0,23.686059020986736,43.54560165478784,0,37.91377748718552,30.462175083948065,3,27.46688752900212,20.0,0,17.00863552960284,18.0,0,15.99142846389929,17.0,0,15.411837601091138
Trichy,20.194444444444446,11,40,weekend,31.29414501445612,6,35.05077472637979,39.572696871602524,8,43.03159954539353,28.0,0,31.866246076853656,43.72134429055531,38,49.1644853322624,40.05433803692343,0,43.22922891678253,20.0,0,22.59264193612334,18.0,0,19.47856535239204,17.0,0,19.33642069658637
Viluppuram,13.894166666666667,53,39,normal,32.311841906357756,18,31.025427637915076,42.33646153154534,37,41.324412051892054,28.0,0,27.061643027298093,42.84054514959321,0,41.64837780508274,27.330810800132806,3,26.814304324831422,20.0,0,19.23946385825396,18.0,0,17.34285850760081,17.0,0,16.555380488376212
Ramanadhapuram,15.370833333333334,22,15,normal,45.10496819414156,16,45.95817892795177,46.28714749547341,32,46.38220534760644,28.0,0,28.444401331647292,47.605870671869134,0,47.63430963042011,37.96343974512072,5,38.423517051643266,20.0,0,20.45846053424716,18.0,0,18.156207048386594,17.0,0,18.209631194994813
Bodi,12.776666666666667,46,36,normal,43.7691805850676,17,42.361454493297636,45.10647409133021,38,44.19723082500555,28.0,0,27.076415383067722,46.312237496988104,0,44.977851581664076,35.005235627037244,7,34.11153286284476,20.0,0,19.427304885560883,18.0,0,17.02902447333128,17.0,0,16.60788318828541
Ramanadhapuram,15.87861111111111,52,43,rain,38.663502020988375,0,38.10083933037951,46.168240212269,0,48.055619452508644,28.0,0,27.55808425198901,47.605870671869134,0,47.62494026384448,42.24953654856638,22,44.325808718562556,20.0,0,20.352688515749044,18.0,0,17.088205657237538,17.0,0,16.918223616622
Chennai,13.340277777777779,20,25,rain,38.69169460353284,0,38.397501055351526,40.29866117288363,0,41.97225706258397,28.0,0,26.80487775084308,46.755116111988286,0,44.9654062229993,41.59902003798844,29,43.40253303165471,20.0,0,21.184841403207404,18.0,0,17.241032593710027,17.0,0,16.71588441160807
Madurai,15.110833333333334,6,39,rain,41.34622390114707,0,41.67952838031562,38.9700071667711,0,41.265323519850554,28.0,0,28.239683119713675,49.76319964741091,0,50.05870921672425,41.92929403966443,21,44.26504100305505,20.0,0,21.808345196261918,18.0,0,18.538057338807647,17.0,0,17.414528591694953
Ooty,21.656388888888888,39,23,normal,33.753341488930886,13,36.48822415881654,46.373995039336926,37,49.3844847331623,28.0,0,30.174956808146558,46.91917691378848,0,50.13009135483958,36.06306576188319,4,37.82982267050321,20.0,0,21.288923757715263,18.0,0,18.640717098419383,17.0,0,18.081607569079825
Trichy,8.333333333333334,20,0,rain,31.886725557283217,0,33.743058042215864,41.163907526226495,0,45.82019192256546,28.0,0,28.976404297715945,43.72134429055531,0,46.16719421153914,40.05433803692343,23,43.5308941563627,20.0,0,21.899572583061143,18.0,0,18.74201870740634,17.0,0,18.966265406583723
Coimbatore,8.61,36,36,normal,38.58726764809433,20,39.43944727318281,40.285698826583115,40,41.284222800531836,28.0,0,28.18915521337718,43.85765828683595,0,44.84099347789523,42.11676363644483,7,43.00473419451714,20.0,0,20.924558772784206,18.0,0,18.883736515247815,17.0,0,17.425148778867673
Cumbum,3.245277777777778,14,43,normal,40.76674865603148,18,36.73954228200519,49.15408934487722,37,43.26859118622818,28.0,0,24.22685421988118,41.388345997514556,0,37.16224693045352,47.691512153415324,4,42.5545753663792,20.0,0,17.47362864774093,18.0,0,15.265600667072432,17.0,0,14.75485221258055
Madurai,6.8788888888888895,52,44,weekend,33.72574005744715,6,35.52343219733075,35.07288372339271,19,37.3021888856277,28.0,0,30.242226805316747,49.76319964741091,57,52.79458504005649,34.3616909478299,0,35.454886664565265,20.0,0,21.06790535121609,18.0,0,19.915501122933797,17.0,0,17.69330947337354
Salem,19.42138888888889,25,17,normal,30.991852204279624,15,33.59470969768584,46.51115891623186,37,51.72469586413097,28.0,0,30.92308183547467,42.795009738268384,0,46.14225811264525,39.490013090154434,3,43.00002102910093,20.0,0,22.008334026444025,18.0,0,18.897053217955143,17.0,0,19.045113571445782
Dharmapuri,1.0552777777777778,3,19,normal,30.821988115774875,13,26.6576413168043,38.085268435163854,35,32.68378924076407,28.0,0,24.70846512948235,47.03003548747523,0,40.403737528480114,43.79800442850418,5,37.972007879513775,20.0,0,17.36956566710225,18.0,0,15.476093960789473,17.0,0,15.147991269240224
Tenkasi,2.48,28,48,weekend,39.97890079277373,6,35.48142778484818,33.21914342462593,16,28.559935948028464,28.0,0,25.22143671074071,46.84848003316055,60,41.91461584476749,27.704370543179156,1,25.254274583047337,20.0,0,18.356616211457563,18.0,0,16.715226115240586,17.0,0,15.68045636491822
Karur,4.763888888888889,45,50,rain,31.99517790958504,0,28.127052910159325,37.73247184428588,0,34.242219162831155,28.0,0,24.15842153676944,44.75094055807841,0,38.85211535042309,43.03240121394373,28,40.03977546321956,20.0,0,19.135774715822393,18.0,0,16.202235155759624,17.0,0,15.802778241949106
Tenkasi,14.761111111111111,45,40,rain,37.54459048558374,0,37.16920249901927,38.936052625740416,0,40.55209198290899,28.0,0,27.831612107157046,46.84848003316055,0,45.80129085350365,43.719207655035106,20,45.022183125969974,20.0,0,21.052981096438828,18.0,0,17.538876431332806,17.0,0,18.445726070859056
Pudukottai,17.180833333333336,10,51,weekend,37.86154046215629,6,38.22253869004874,38.300311465939544,20,38.24664942682304,28.0,0,29.693354089534424,47.052339145013335,50,49.35864437190108,28.41956323712548,3,28.464474466783223,20.0,0,20.468746439713982,18.0,0,18.43403964535149,17.0,0,18.242731533595034
Tirunelveli,7.715277777777778,42,55,normal,39.624756883282366,19,41.478865884016955,38.380917836502896,36,39.96815715082489,28.0,0,29.377278039303203,42.33256633042416,0,44.00196587940573,44.56365019926856,7,46.68301197241055,20.0,0,20.689662663119403,18.0,0,19.00415989598407,17.0,0,18.064043121163415
Namakkal,8.190555555555555,11,26,normal,46.000408795715074,17,47.666289565161236,47.500537005433976,36,49.53593957763995,28.0,0,28.66942559650182,43.77988940216618,0,46.39578649192602,29.12477557085127,4,30.918632570956312,20.0,0,20.86075230743159,18.0,0,18.268101879105625,17.0,0,18.434878800050058
Coimbatore,20.82,49,12,weekend,43.767768157330956,5,47.95902041606446,39.566282936927436,19,42.672650783282556,28.0,0,32.023464955005345,43.85765828683595,66,49.06219500189446,40.68923477348823,3,44.49322354905155,20.0,0,21.33070551746281,18.0,0,19.68585442829552,17.0,0,19.161911198302164
Salem,19.309166666666666,18,33,weekend,29.93637876614546,8,32.36421395111368,35.6293468389831,15,38.52985509653534,28.0,0,31.887173720618478,42.795009738268384,52,48.455663990005824,32.0154388677313,4,34.33427450083697,20.0,0,21.534376792146055,18.0,0,20.191300006342015,17.0,0,19.503034925545418
Salem,1.4786111111111113,28,43,weekend,29.93637876614546,8,26.25393245266112,35.6293468389831,15,32.212807102573855,28.0,0,26.128935763778934,42.795009738268384,52,38.72115197355505,32.0154388677313,4,27.287610664615812,20.0,0,17.274795769479088,18.0,0,15.937691118319286,17.0,0,16.392880879265814
Chennai,19.81861111111111,49,7,weekend,38.07906527215725,6,41.032890818545475,41.16424113198611,15,44.895341386813755,28.0,0,30.80124498580799,46.755116111988286,55,51.74022753676606,25.222384006616462,2,26.890795127116505,20.0,0,21.84309945979535,18.0,0,20.682453443318618,17.0,0,18.81022286889062
Vellore,18.933333333333334,56,0,weekend,37.727278941779964,13,40.511863887058084,33.16350779832507,14,35.982301475729834,28.0,0,32.04238565616676,48.19899329625811,63,53.923657689317814,47.78174030494075,3,51.75633026521857,20.0,0,21.829861625407034,18.0,0,19.74742491258385,17.0,0,18.355584090240633
Pudukottai,11.194722222222222,11,41,normal,40.17823385325815,17,39.13034685989466,42.63016247598119,46,42.07874004814088,28.0,0,27.491703478198787,47.052339145013335,0,45.75773227719462,26.472202597790183,3,26.099072317603145,20.0,0,19.58749206530518,18.0,0,17.22992515530553,17.0,0,16.60458729983859
Bodi,6.298333333333333,17,54,weekend,26.71685653185835,12,27.891494235599996,41.07058006834765,11,43.48097092179991,28.0,0,31.24936389890442,46.312237496988104,54,51.1007524512932,29.595738987812993,2,30.200426466516145,20.0,0,21.24237263977818,18.0,0,19.78707663251949,17.0,0,18.84343095717339
Nagercoil,16.421111111111113,25,16,weekend,36.76187015471747,8,36.97697532772113,42.983592760115535,16,43.858254320261466,28.0,0,29.444128441847564,43.54560165478784,44,45.564649564231395,22.49218157320404,4,22.500519695628252,20.0,0,20.064643201195327,18.0,0,19.38886709837605,17.0,0,17.75892358657851
Chennai,16.952777777777776,57,10,normal,39.304323934908425,15,39.273738304396986,39.433081213781136,32,39.2981266487825,28.0,0,27.810702787673602,46.755116111988286,0,47.035726432015075,26.618243730497205,4,26.88309974930977,20.0,0,20.35108579242842,18.0,0,18.29974573082653,17.0,0,16.8296308539852
Coimbatore,14.779444444444445,46,46,normal,38.58726764809433,20,38.293141179286714,40.285698826583115,40,39.90239641795604,28.0,0,27.86630086991006,43.85765828683595,0,43.93674878093881,42.11676363644483,7,41.346946314100954,20.0,0,20.449868014671804,18.0,0,17.835889720034643,17.0,0,16.74978530857233
Tirunelveli,22.242222222222225,14,32,weekend,38.840222090008695,8,34.66054852579916,44.39081528207452,12,39.659485052464824,28.0,0,25.863512877584203,42.33256633042416,60,39.185118761948424,26.651075201973363,2,24.530440948066783,20.0,0,17.53503148115119,18.0,0,16.069229189246727,17.0,0,14.930586174716982
Bodi,12.847777777777779,50,52,normal,43.7691805850676,17,43.183191606306735,45.10647409133021,38,44.59491645170231,28.0,0,27.280462158977613,46.312237496988104,0,45.78268908380829,35.005235627037244,7,34.52747743076484,20.0,0,19.326520779206515,18.0,0,17.289960417684814,17.0,0,15.915785780176975
Virudhunagar,2.993333333333333,59,36,rain,44.350793481000736,0,39.322898785463074,39.17951110800057,0,36.235057947645025,28.0,0,24.22569920302239,40.43468399020969,0,36.048890764488014,36.442483195672004,35,34.231872988772885,20.0,0,18.182219838219662,18.0,0,15.678213800884768,17.0,0,15.848024692254844
Karur,10.171111111111111,10,16,weekend,28.9237264257748,7,28.731405833407635,32.608115607663365,14,32.36503209121597,28.0,0,28.600324580662654,44.75094055807841,51,45.707933838273625,44.679762548690945,0,43.15378450443036,20.0,0,20.193275214644856,18.0,0,18.694611456451753,17.0,0,17.38486560920083
Bodi,12.705555555555556,42,20,normal,43.7691805850676,17,42.244375257971534,45.10647409133021,38,43.580951308559506,28.0,0,27.189017709931797,46.312237496988104,0,44.365642047751265,35.005235627037244,7,34.5337847919438,20.0,0,19.847105352151576,18.0,0,17.593084001579207,17.0,0,16.70248937167014
Tirunelveli,19.93861111111111,56,19,rain,39.232489486645534,0,41.71666745500391,41.38586655928871,0,46.76771069137919,28.0,0,30.231655150660004,42.33256633042416,0,45.86287777116274,40.88264477008581,27,46.134339064730625,20.0,0,22.4980894069981,18.0,0,20.013237850937134,17.0,0,19.078711112088865
Karur,16.35388888888889,21,14,rain,31.99517790958504,0,32.663870769273395,37.73247184428588,0,40.48555017079345,28.0,0,28.509158640259805,44.75094055807841,0,45.096988983329155,43.03240121394373,28,45.68835769554079,20.0,0,21.661749725275655,18.0,0,17.863569907316574,17.0,0,17.72291160093801
Theni,0.29,17,24,weekend,48.60570847549609,10,43.4899666990799,45.686464883246686,15,40.15861416073556,28.0,0,24.789444108267233,44.20381477073529,45,40.34910846384101,27.297359059343346,1,24.385433578896905,20.0,0,17.65586071761909,18.0,0,16.635145903870953,17.0,0,15.398818350838626
Dharmapuri,7.166944444444445,10,1,weekend,48.232025320958336,7,50.872569000005456,39.34489323207067,15,41.72932891711022,28.0,0,31.242446730968346,47.03003548747523,42,52.15771758263641,23.21228698834546,2,24.34699822932267,20.0,0,21.00904558076182,18.0,0,20.053515263712274,17.0,0,18.393772052004127
Perambalur,19.5375,32,15,normal,39.13605020386118,20,42.16903334719058,41.89461863201859,28,45.52075976818925,28.0,0,29.99935765315809,42.830884456520046,0,45.410997953055144,31.96351280649583,5,34.38599702639151,20.0,0,21.705726282885124,18.0,0,19.703883418186194,17.0,0,18.232712474268354
Coimbatore,23.940277777777776,56,25,weekend,43.767768157330956,5,38.60450863223553,39.566282936927436,19,34.51464003680559,28.0,0,24.809881358720073,43.85765828683595,66,39.15543689439623,40.68923477348823,3,35.188133433313794,20.0,0,16.816277427681964,18.0,0,16.370613071434736,17.0,0,15.92087305446974
Chennai,4.362777777777778,21,46,normal,39.304323934908425,15,35.600127716359154,39.433081213781136,32,35.22633944577021,28.0,0,25.29306887687254,46.755116111988286,0,42.06226358533721,26.618243730497205,4,24.136913491005046,20.0,0,18.029859127391894,18.0,0,16.247419219105787,17.0,0,15.324334581043457
Ooty,21.473055555555554,28,23,weekend,23.42485009104321,7,25.69544663103021,42.15278264391995,13,44.98017137679835,28.0,0,31.05995384443643,46.91917691378848,45,53.13865239966334,49.23476274080344,2,52.78974874888711,20.0,0,21.463732904510266,18.0,0,19.713886647189337,17.0,0,19.423611091165224
Namakkal,23.47972222222222,28,47,rain,39.038209510948974,0,34.04404032266299,45.37250241583318,0,42.788670864812666,28.0,0,25.003077803835467,43.77988940216618,0,39.608730308869575,36.16769493281081,25,33.32751045428663,20.0,0,18.59834977089618,18.0,0,15.595429597422067,17.0,0,15.824780296159847
Chennai,13.778055555555556,46,41,normal,39.304323934908425,15,38.10952842295263,39.433081213781136,32,38.35174904923795,28.0,0,27.154060614809406,46.755116111988286,0,45.45374279186454,26.618243730497205,4,25.951897619895995,20.0,0,20.205616934743404,18.0,0,17.216533448246192,17.0,0,16.96356516156424
Chennai,1.9469444444444444,56,49,rain,38.69169460353284,0,33.320475350572956,40.29866117288363,0,37.48965092354776,28.0,0,25.523375699678322,46.755116111988286,0,41.15453601766324,41.59902003798844,29,38.6065266808205,20.0,0,18.57034665280214,18.0,0,16.090937482294713,17.0,0,14.903485781870955
Tirunelveli,16.692777777777778,41,34,rain,39.232489486645534,0,38.871458679902126,41.38586655928871,0,42.47922305206363,28.0,0,26.8461431264947,42.33256633042416,0,41.02446427842278,40.88264477008581,27,42.53636941258714,20.0,0,20.30775305696192,18.0,0,17.581325385897053,17.0,0,18.339209519764683
Chennai,4.233888888888889,14,2,weekend,38.07906527215725,6,34.8987343624664,41.16424113198611,15,36.999512005872376,28.0,0,26.821502578203546,46.755116111988286,55,43.42748542664942,25.222384006616462,2,22.606974539403385,20.0,0,18.04381901831295,18.0,0,18.165560908979145,17.0,0,16.188428775651477
Theni,9.705277777777777,42,19,weekend,48.60570847549609,10,49.683174743551085,45.686464883246686,15,46.957506735866254,28.0,0,29.56817666659346,44.20381477073529,45,47.03727886440851,27.297359059343346,1,29.158858120083245,20.0,0,21.254232046164095,18.0,0,18.927958072863056,17.0,0,17.956576680998182
Karur,22.706666666666667,42,24,weekend,28.9237264257748,7,25.344216441379075,32.608115607663365,14,27.487228116702287,28.0,0,26.085282624745748,44.75094055807841,51,39.83328477544312,44.679762548690945,0,39.830617951573025,20.0,0,17.981169050341343,18.0,0,16.497522461296267,17.0,0,14.950883869001435
Vellore,15.646388888888888,38,47,rain,42.35626754079851,0,41.7189780841189,39.03979270045541,0,40.31823761499175,28.0,0,27.00495484402352,48.19899329625811,0,47.61733808611533,43.74006843805889,32,45.197424310757874,20.0,0,20.923059254132014,18.0,0,17.534070833754747,17.0,0,17.523634568866555
Kanyakumari,6.375,22,30,normal,40.91867763801298,14,41.99221096475776,41.22047902430772,46,42.889184547284685,28.0,0,29.293600235209123,46.56479008021971,0,49.32725211616564,40.049794546320875,8,41.74825108570484,20.0,0,19.778467009962466,18.0,0,18.70366856630831,17.0,0,18.937296537012276
Coimbatore,17.461944444444445,27,43,rain,41.177517902712644,0,40.91100799003924,39.925990881755276,0,41.74703964212113,28.0,0,28.041476149632533,43.85765828683595,0,43.235007762879334,48.59837205358705,26,51.22507028152241,20.0,0,21.473975565802263,18.0,0,18.164919428847504,17.0,0,17.16781947765768
Cumbum,3.1330555555555555,7,59,weekend,29.471411633262974,8,25.91048286541798,47.57729861243491,11,42.26923420121124,28.0,0,26.04027475309071,41.388345997514556,43,38.014363058423115,40.83514733104723,2,36.028417697125974,20.0,0,17.21138168303463,18.0,0,16.858614052974243,17.0,0,16.00136171516196
Dharmapuri,13.224166666666667,13,27,rain,39.52700671836661,0,39.34033326604351,38.715080833617264,0,39.72586975941387,28.0,0,26.721217146348053,47.03003548747523,0,45.41221412694447,40.070630429811445,20,40.83167018268848,20.0,0,20.071792142506418,18.0,0,17.641325972075094,17.0,0,17.028313904223012
Kanyakumari,0.6422222222222221,38,32,rain,45.06764523389062,0,39.35454567473831,40.22596629886361,0,37.05894400431804,28.0,0,24.639923023040282,46.56479008021971,0,40.78702390149507,43.677871284269436,33,39.98680208464568,20.0,0,18.202430270436402,18.0,0,15.3562481893376,17.0,0,14.645692466147949
Perambalur,10.867777777777778,52,4,weekend,40.759418109477394,5,39.311838811494525,39.31380979747918,23,38.62122575035621,28.0,0,28.406313639070863,42.830884456520046,43,43.21239600023356,19.036711661493786,3,19.198218234249982,20.0,0,19.729812721694937,18.0,0,18.78726688809236,17.0,0,17.20413227599839
Namakkal,17.480277777777776,28,49,normal,46.000408795715074,17,46.07841875757362,47.500537005433976,36,47.93198678260714,28.0,0,27.863118911129913,43.77988940216618,0,44.04407018544041,29.12477557085127,4,28.60744375871167,20.0,0,20.57968144886006,18.0,0,18.034458023815763,17.0,0,17.598378768927297
Dharmapuri,22.751666666666665,45,6,weekend,48.232025320958336,7,42.014737387917286,39.34489323207067,15,34.834213838186265,28.0,0,25.38466166264727,47.03003548747523,42,42.98277931696118,23.21228698834546,2,21.228514573109322,20.0,0,17.912560445744678,18.0,0,15.589992346345344,17.0,0,15.681880873582513
Pudukottai,5.645277777777777,38,43,weekend,37.86154046215629,6,34.506233742361054,38.300311465939544,20,35.169828850999366,28.0,0,26.578998699484153,47.052339145013335,50,44.68544515599531,28.41956323712548,3,26.69485642084443,20.0,0,18.781256992794575,18.0,0,17.108819573019932,17.0,0,16.221087314854085
Namakkal,14.431111111111111,25,52,normal,46.000408795715074,17,46.57607795866912,47.500537005433976,36,47.604196994338416,28.0,0,28.282302091441533,43.77988940216618,0,45.03983983668595,29.12477557085127,4,29.231095034382292,20.0,0,20.353690398055726,18.0,0,17.458140183653395,17.0,0,17.837640333545437
Chennai,4.305,18,18,weekend,38.07906527215725,6,33.27348927613015,41.16424113198611,15,36.67989131337591,28.0,0,25.848523260591552,46.755116111988286,55,42.53095648955421,25.222384006616462,2,22.342208380682035,20.0,0,17.69856509791318,18.0,0,17.40834154893331,17.0,0,16.079643964888522
Perambalur,1.7069444444444444,42,25,normal,39.13605020386118,20,34.178540964190134,41.89461863201859,28,36.41868962728167,28.0,0,24.658096867767927,42.830884456520046,0,36.40648392944094,31.96351280649583,5,27.93369541011666,20.0,0,16.89272092648911,18.0,0,15.732344287969381,17.0,0,15.479595382512061
Virudhunagar,17.761388888888888,45,41,weekend,48.47349620631729,2,47.282139085620464,33.93939787277466,11,33.2924188295421,28.0,0,28.550533702072258,40.43468399020969,49,42.0720865609385,39.087567533570414,2,38.7145708027382,20.0,0,20.152781936792216,18.0,0,18.57563994423245,17.0,0,17.86696466158477
Nagercoil,13.991944444444444,59,31,rain,38.0797699655937,0,37.315948044825895,42.3424347694493,0,44.01839213677159,28.0,0,27.44294656272631,43.54560165478784,0,42.58024246453258,35.29953219912303,24,36.452548025042645,20.0,0,20.49261999354628,18.0,0,17.443450480550826,17.0,0,17.431382610163237
Ramanadhapuram,21.17361111111111,10,25,rain,38.663502020988375,0,41.225004892933576,46.168240212269,0,53.56406600552331,28.0,0,30.517667858160813,47.605870671869134,0,51.44438201854297,42.24953654856638,22,48.505044497834454,20.0,0,23.07358147879093,18.0,0,20.096389592847174,17.0,0,19.045856936030674
Tenkasi,23.359722222222224,21,35,weekend,39.97890079277373,6,34.8778011022555,33.21914342462593,16,29.626295815099212,28.0,0,25.35843435370566,46.84848003316055,60,42.55345443349995,27.704370543179156,1,24.51830426395004,20.0,0,18.71115949737392,18.0,0,16.85764586985734,17.0,0,15.664070926616688
Dindigul,20.88722222222222,53,14,normal,38.50338188034666,17,41.46770487545154,44.630455786187014,44,48.204048979347576,28.0,0,29.941669765321503,39.642402141494664,0,41.8626634587495,26.31908254034386,12,27.869896790114385,20.0,0,21.420864149209915,18.0,0,19.318305680569573,17.0,0,17.974873850523956
Chennai,19.889722222222222,53,23,weekend,38.07906527215725,6,40.487165534283456,41.16424113198611,15,44.072846240248076,28.0,0,31.222811585560038,46.755116111988286,55,51.41861489275064,25.222384006616462,2,26.990068781625563,20.0,0,22.220398299493556,18.0,0,19.469837646233092,17.0,0,17.929569290095472
Kanyakumari,12.248888888888889,14,56,rain,45.06764523389062,0,45.34301596953996,40.22596629886361,0,42.28101216514244,28.0,0,27.275705980497346,46.56479008021971,0,46.61478056335571,43.677871284269436,33,44.6784407321047,20.0,0,20.79832908646321,18.0,0,18.425165459561985,17.0,0,17.772086602727956
Chennai,7.241944444444444,14,31,rain,38.69169460353284,0,41.216634596396,40.29866117288363,0,43.43529513610868,28.0,0,28.65763265754788,46.755116111988286,0,48.62524792635923,41.59902003798844,29,45.36987843115929,20.0,0,22.29125592996052,18.0,0,18.90210574575198,17.0,0,17.83801462106171
Vellore,3.365277777777778,21,55,weekend,37.727278941779964,13,33.15131884227218,33.16350779832507,14,29.907930835703098,28.0,0,25.33484478122712,48.19899329625811,63,44.2817608848612,47.78174030494075,3,42.84880279909119,20.0,0,17.551360598633167,18.0,0,16.275390277760746,17.0,0,16.17379170142469
Ooty,3.6425,38,33,weekend,23.42485009104321,7,19.686482150645883,42.15278264391995,13,36.81578389094682,28.0,0,24.832481196255667,46.91917691378848,45,42.11266028819429,49.23476274080344,2,43.73208679457526,20.0,0,17.25555357025038,18.0,0,15.924793584810248,17.0,0,15.873318984929238
Virudhunagar,2.431111111111111,25,52,normal,40.22809075568417,9,35.495757340130474,44.41962434322648,37,40.38952007262482,28.0,0,24.53220384463891,40.43468399020969,0,36.058084747427294,29.218368644243697,9,26.42318540429788,20.0,0,18.216087577132313,18.0,0,15.383902783022831,17.0,0,14.774152867577232
Cumbum,15.414166666666667,24,51,rain,35.11908014464723,0,35.05424869108807,48.36569397865607,0,51.565840060236866,28.0,0,28.651146587334413,41.388345997514556,0,42.47991061864149,32.75549403283424,21,34.323185921743594,20.0,0,21.09602660101896,18.0,0,18.505927706497832,17.0,0,18.044076021601423
Vellore,18.18777777777778,11,16,normal,46.98525613981706,17,50.92838881415698,44.916077602585744,39,49.0033726804459,28.0,0,30.72354458711224,48.19899329625811,0,52.48302332349713,35.09685323626527,7,38.41267286095002,20.0,0,22.17306850472077,18.0,0,19.59477174182315,17.0,0,17.191357446163
Ooty,6.071666666666666,4,18,normal,33.753341488930886,13,35.431211307091225,46.373995039336926,37,47.499510488047896,28.0,0,29.7632753599789,46.91917691378848,0,48.746481960240324,36.06306576188319,4,37.827895924827395,20.0,0,21.125199819223006,18.0,0,19.37814958975687,17.0,0,17.671811360832272
Dharmapuri,22.639444444444443,38,22,rain,39.52700671836661,0,34.051418335500266,38.715080833617264,0,35.07990035632665,28.0,0,24.63600592519233,47.03003548747523,0,39.8667524226461,40.070630429811445,20,35.765030291478176,20.0,0,18.14269496717468,18.0,0,16.356615038378823,17.0,0,15.332592708248843
Virudhunagar,8.655000000000001,39,18,normal,40.22809075568417,9,41.18237964669641,44.41962434322648,37,45.834688147492756,28.0,0,29.39889969266355,40.43468399020969,0,41.527207062053755,29.218368644243697,9,30.07534572285903,20.0,0,20.131803347559284,18.0,0,19.372576104196323,17.0,0,17.573868798844984
Trichy,14.716111111111111,42,58,rain,31.886725557283217,0,31.864088959560192,41.163907526226495,0,43.40374765508977,28.0,0,27.877633470800077,43.72134429055531,0,43.762190848615845,40.05433803692343,23,41.87645099529481,20.0,0,22.28080895995563,18.0,0,17.805708378712268,17.0,0,17.875616550349
Tirunelveli,4.482777777777778,28,58,weekend,38.840222090008695,8,35.426851934866825,44.39081528207452,12,39.515442203168796,28.0,0,26.03407100696536,42.33256633042416,60,38.958867337550444,26.651075201973363,2,23.849239643735693,20.0,0,17.058706953665517,18.0,0,16.226318971607043,17.0,0,15.729569095468534
Namakkal,11.127500000000001,7,39,weekend,32.076010226182866,4,31.887071287470988,43.244467826232395,17,43.05924315166985,28.0,0,28.352463166069306,43.77988940216618,40,44.52473367842342,49.65261377539575,3,48.70648000301309,20.0,0,19.596955835389295,18.0,0,17.949612229677072,17.0,0,17.950492289267366
Nagercoil,16.295555555555556,17,44,weekend,36.76187015471747,8,37.54415402430532,42.983592760115535,16,42.99754847597588,28.0,0,29.835705284131134,43.54560165478784,44,45.68188450453403,22.49218157320404,4,22.551875283613924,20.0,0,19.864133242367465,18.0,0,18.639282645641376,17.0,0,18.625780886497708
Nagercoil,1.5274999999999999,31,39,rain,38.0797699655937,0,33.08372453971129,42.3424347694493,0,38.20359745625919,28.0,0,24.398074838850288,43.54560165478784,0,38.74120287053105,35.29953219912303,24,32.67509815909036,20.0,0,19.30359185342921,18.0,0,15.847391539261988,17.0,0,16.737752229892386
Perambalur,4.952777777777778,57,10,normal,39.13605020386118,20,34.36333178816537,41.89461863201859,28,36.2867664462101,28.0,0,24.14340372833357,42.830884456520046,0,37.47234878321393,31.96351280649583,5,28.10379864157818,20.0,0,17.827258580480084,18.0,0,16.100985520199597,17.0,0,15.979838026992772
Dindigul,17.654722222222222,39,17,weekend,40.589860157463335,10,40.179434278620434,40.43167877293759,10,40.07464658123632,28.0,0,29.189640671496313,39.642402141494664,38,40.90285046061205,46.122076154386654,1,45.10979309572736,20.0,0,19.44761073204824,18.0,0,18.651192278793847,17.0,0,18.062056041556467
Cumbum,12.222777777777777,13,22,rain,35.11908014464723,0,34.940002095509406,48.36569397865607,0,50.69329100569401,28.0,0,27.391595964488264,41.388345997514556,0,40.83853796859367,32.75549403283424,21,32.9948965509055,20.0,0,20.817901617454986,18.0,0,17.262429843353377,17.0,0,17.683025548645855
Tirunelveli,4.666111111111111,39,58,normal,39.624756883282366,19,33.90620045292816,38.380917836502896,36,33.321690266327884,28.0,0,24.638154684392052,42.33256633042416,0,37.878404238420096,44.56365019926856,7,39.376276462703366,20.0,0,17.17935866567595,18.0,0,16.492271822747206,17.0,0,14.316253751398616
Viluppuram,10.845,50,42,normal,32.311841906357756,18,30.60873704539065,42.33646153154534,37,41.322832760825236,28.0,0,27.388944687684113,42.84054514959321,0,42.44945205586275,27.330810800132806,3,27.238504378129466,20.0,0,19.751998279670964,18.0,0,18.066419826281475,17.0,0,16.727605111994187
Cumbum,12.731666666666667,43,54,normal,40.76674865603148,18,39.864681479518616,49.15408934487722,37,48.31220064082466,28.0,0,27.44708267268725,41.388345997514556,0,40.92539778759715,47.691512153415324,4,46.92748604919571,20.0,0,19.54804194539417,18.0,0,18.769036868017857,17.0,0,16.754525869227592
Dharmapuri,7.983611111111111,59,1,rain,39.52700671836661,0,41.34170920688097,38.715080833617264,0,42.95413659494453,28.0,0,28.82591409754627,47.03003548747523,0,49.48452707111822,40.070630429811445,20,44.78064798817252,20.0,0,23.338462312579782,18.0,0,18.642773322006683,17.0,0,18.449116561943185
Ramanadhapuram,6.83,49,48,normal,45.10496819414156,16,45.98132219039131,46.28714749547341,32,47.79178366967593,28.0,0,28.068933358746662,47.605870671869134,0,49.01504416970665,37.96343974512072,5,38.959321219501994,20.0,0,21.592650062600278,18.0,0,19.557690166218492,17.0,0,17.074777524821457
Trichy,23.355833333333333,21,21,normal,32.479306100110314,13,28.457829663207292,42.755118180850474,24,38.05258243641826,28.0,0,24.894422298349202,43.72134429055531,0,38.81398480648406,40.05433803692343,0,34.931139982577434,20.0,0,17.65417860615893,18.0,0,15.83075806790637,17.0,0,15.250732022716553
Chennai,16.64388888888889,38,38,weekend,38.07906527215725,6,37.12645054557778,41.16424113198611,15,40.654749310379366,28.0,0,29.210684800803378,46.755116111988286,55,48.459880714893906,25.222384006616462,2,25.029659656536488,20.0,0,20.17054935708426,18.0,0,18.72713008150806,17.0,0,18.01829593076305
Virudhunagar,23.01527777777778,0,55,rain,44.350793481000736,0,39.17138545982816,39.17951110800057,0,36.93884389495311,28.0,0,25.1770250931735,40.43468399020969,0,35.25496721651345,36.442483195672004,35,33.5415304857864,20.0,0,18.789680315179588,18.0,0,16.081322018087842,17.0,0,15.316949468626433
Madurai,12.316111111111113,18,58,weekend,33.72574005744715,6,34.248769178105476,35.07288372339271,19,35.41765383230581,28.0,0,28.414751985375624,49.76319964741091,57,51.38267485577529,34.3616909478299,0,33.77545977240176,20.0,0,19.782150601990182,18.0,0,19.35075373590943,17.0,0,16.953667321424852
Cumbum,6.236666666666666,14,12,weekend,29.471411633262974,8,31.116732822163808,47.57729861243491,11,50.74979036705126,28.0,0,30.682238945938174,41.388345997514556,43,45.47106950033026,40.83514733104723,2,43.10716325108912,20.0,0,21.004616406956753,18.0,0,19.460007790432133,17.0,0,19.6008642005807
Tenkasi,5.654722222222222,39,17,weekend,39.97890079277373,6,36.52289280891772,33.21914342462593,16,30.683387084973468,28.0,0,26.01583064540087,46.84848003316055,60,44.317445420627536,27.704370543179156,1,25.14037368108757,20.0,0,18.416454716954657,18.0,0,17.057842973521574,17.0,0,15.868234225090623
Tenkasi,23.17638888888889,10,35,rain,37.54459048558374,0,33.458107031870576,38.936052625740416,0,35.88033806089553,28.0,0,25.095733097117577,46.84848003316055,0,40.56087550418455,43.719207655035106,20,40.06556122033966,20.0,0,17.614221193418807,18.0,0,15.490326255292418,17.0,0,16.440341981215425
Bodi,21.06638888888889,3,59,normal,43.7691805850676,17,47.946524351698024,45.10647409133021,38,49.24170477198312,28.0,0,29.862793134026347,46.312237496988104,0,50.44056867231435,35.005235627037244,7,38.26668491215683,20.0,0,21.391173346625592,18.0,0,19.701861927267426,17.0,0,17.871960482097315
Chennai,19.580833333333334,34,51,rain,38.69169460353284,0,41.3070578398616,40.29866117288363,0,46.59525907448763,28.0,0,31.0265426007389,46.755116111988286,0,50.97872232502307,41.59902003798844,29,46.7327248997208,20.0,0,23.05217131078861,18.0,0,19.717042697006768,17.0,0,19.46644625351843
Ramanadhapuram,18.30777777777778,18,28,weekend,32.22203584783519,4,34.02841145303874,46.049332929064576,13,49.445307859723826,28.0,0,31.303525739704998,47.605870671869134,51,54.02365339444515,40.10648814684355,0,44.05328965145077,20.0,0,22.173706655112206,18.0,0,20.22112434090265,17.0,0,18.070581194974466
Bodi,3.2491666666666665,14,57,weekend,26.71685653185835,12,24.09234152085605,41.07058006834765,11,37.165564011518065,28.0,0,26.098078036543242,46.312237496988104,54,43.209046179196754,29.595738987812993,2,26.47728134313331,20.0,0,17.876504212531547,18.0,0,16.40767128146514,17.0,0,15.945218570059112
Namakkal,8.823888888888888,49,26,rain,39.038209510948974,0,40.18172775938924,45.37250241583318,0,48.82053437097716,28.0,0,29.557265486744576,43.77988940216618,0,44.75389652808456,36.16769493281081,25,39.83461073508299,20.0,0,21.166893151142716,18.0,0,17.984708064221987,17.0,0,18.618332528120725
Tenkasi,11.824166666666667,49,27,weekend,39.97890079277373,6,39.07791434350097,33.21914342462593,16,31.912549261430776,28.0,0,29.48593501038264,46.84848003316055,60,46.787774494317695,27.704370543179156,1,26.60972847564512,20.0,0,19.04138857039468,18.0,0,17.979351419179032,17.0,0,16.296357130453952
Trichy,8.475555555555555,28,32,rain,31.886725557283217,0,32.895151380872925,41.163907526226495,0,44.99453051792218,28.0,0,28.71694071275087,43.72134429055531,0,44.70475331959634,40.05433803692343,23,44.08951502196014,20.0,0,21.554036890815354,18.0,0,18.657128967132003,17.0,0,18.21886394569838
Kanyakumari,6.882777777777778,52,58,rain,45.06764523389062,0,46.934120025060835,40.22596629886361,0,44.770752716909946,28.0,0,28.612586633867096,46.56479008021971,0,48.44104185827585,43.677871284269436,33,47.735977275937394,20.0,0,21.776818181543533,18.0,0,18.66761672857373,17.0,0,19.14047838945403
Kanyakumari,21.521944444444443,31,19,rain,45.06764523389062,0,48.8264976453964,40.22596629886361,0,45.508374136232476,28.0,0,29.56944477962284,46.56479008021971,0,50.0383620696536,43.677871284269436,33,49.97975853841434,20.0,0,23.35546973652066,18.0,0,19.695094300761127,17.0,0,18.675197196037814
Nagercoil,19.72472222222222,43,29,normal,39.39766977646993,14,41.851816846185066,41.701276778783054,39,45.26817656719458,28.0,0,30.36228522309405,43.54560165478784,0,45.46015925604698,30.462175083948065,3,32.56574145548062,20.0,0,20.933017963903232,18.0,0,19.90497743603457,17.0,0,18.18185242012481
Madurai,21.70138888888889,42,5,normal,48.966707744846985,17,53.16958728446954,42.86713061014949,38,45.72398772052641,28.0,0,29.137137019509645,49.76319964741091,0,53.524266727848584,26.79408785599537,2,29.716284409648676,20.0,0,21.7398702139311,18.0,0,19.20391105249741,17.0,0,17.443560489269196
Tirunelveli,7.840833333333333,50,27,normal,39.624756883282366,19,40.342938926500295,38.380917836502896,36,39.581466379928926,28.0,0,28.218151199437784,42.33256633042416,0,43.43916978356267,44.56365019926856,7,45.47508270240959,20.0,0,20.60197510557745,18.0,0,17.935812731052952,17.0,0,17.391781123870867
Theni,18.88277777777778,52,58,rain,38.19004885214979,0,41.03282614729678,44.333205526315936,0,50.115091273714576,28.0,0,31.141617407515135,44.20381477073529,0,46.838118849482,45.05616956083969,11,51.747486555908544,20.0,0,22.756005040618916,18.0,0,19.12048121087607,17.0,0,19.121992052150993
Bodi,0.0,0,0,rain,35.24301855846298,0,31.3370621553256,43.08852707983893,0,39.78495237717308,28.0,0,25.125543038112905,46.312237496988104,0,41.42255173370967,45.086517299376204,27,41.03193580163713,20.0,0,18.00489922191196,18.0,0,15.992568181425279,17.0,0,15.659938833445388
Salem,19.238055555555558,14,17,weekend,29.93637876614546,8,32.492968696175474,35.6293468389831,15,38.5386442944811,28.0,0,31.70356551771436,42.795009738268384,52,48.543359214574544,32.0154388677313,4,34.6884028630365,20.0,0,22.026130034910025,18.0,0,19.964145408889806,17.0,0,18.828966949039792
Chennai,7.170833333333333,10,15,rain,38.69169460353284,0,40.19677422673314,40.29866117288363,0,44.68900679836232,28.0,0,29.91782007415625,46.755116111988286,0,48.900722119961536,41.59902003798844,29,45.058148514086746,20.0,0,22.021236676271673,18.0,0,18.476029562931817,17.0,0,18.5707155335598
Ramanadhapuram,6.7011111111111115,42,4,weekend,32.22203584783519,4,32.6357667112217,46.049332929064576,13,48.54242699316683,28.0,0,30.768434035976167,47.605870671869134,51,50.752051451266205,40.10648814684355,0,40.82125735521648,20.0,0,20.889757747771245,18.0,0,19.89443058739932,17.0,0,19.028221956112578
Madurai,21.660277777777775,39,37,weekend,33.72574005744715,6,35.4796736233142,35.07288372339271,19,37.63221257968433,28.0,0,31.405819669381675,49.76319964741091,57,55.77385241431449,34.3616909478299,0,36.40549896916044,20.0,0,21.746971855356946,18.0,0,20.57702357520666,17.0,0,18.11601128769358
Tenkasi,2.5344444444444445,32,4,weekend,39.97890079277373,6,34.54022368381117,33.21914342462593,16,29.824986539829258,28.0,0,26.102103496715635,46.84848003316055,60,42.93414771406024,27.704370543179156,1,24.642689755905444,20.0,0,17.995020509436806,18.0,0,16.163219575221216,17.0,0,15.293073025868177
Nagercoil,16.604444444444447,36,16,normal,39.39766977646993,14,39.270499349044236,41.701276778783054,39,41.143706532581064,28.0,0,27.850620453480875,43.54560165478784,0,43.047658648928675,30.462175083948065,3,30.990540963940642,20.0,0,20.116105044053587,18.0,0,18.18439647547913,17.0,0,15.689364407837111
Pudukottai,17.489722222222223,29,23,normal,40.17823385325815,17,40.37542788054116,42.63016247598119,46,42.22954328207214,28.0,0,27.402040540285313,47.052339145013335,0,47.065121027482334,26.472202597790183,3,26.141689585903986,20.0,0,19.99737820143191,18.0,0,17.33397469143408,17.0,0,16.828407607160894
Ramanadhapuram,12.012777777777778,0,46,weekend,32.22203584783519,4,32.38868670235666,46.049332929064576,13,44.896522567652774,28.0,0,28.475266538944982,47.605870671869134,51,48.87435498912755,40.10648814684355,0,38.77203231526246,20.0,0,19.93237515543742,18.0,0,18.61961200402841,17.0,0,17.908463004912793
Tirunelveli,19.009722222222223,0,35,rain,39.232489486645534,0,41.514247539728075,41.38586655928871,0,47.13630127976181,28.0,0,30.10153099209563,42.33256633042416,0,45.45394751735836,40.88264477008581,27,45.24819746511064,20.0,0,22.59535982928436,18.0,0,19.719609542620045,17.0,0,19.07150318762763
Tenkasi,8.887222222222222,53,14,normal,35.11028017839375,17,36.13922076605409,44.652961826854906,45,45.99827502550438,28.0,0,28.678367028013017,46.84848003316055,0,48.240089205174144,38.219946675145756,3,40.48634821912895,20.0,0,20.952476541649794,18.0,0,19.184020210836994,17.0,0,17.795110946114303
Dindigul,17.529166666666665,31,45,weekend,40.589860157463335,10,40.06355242929863,40.43167877293759,10,40.78080869466715,28.0,0,28.871432468799412,39.642402141494664,38,41.430610321575614,46.122076154386654,1,46.56766283519663,20.0,0,20.31267110248973,18.0,0,19.10955409267254,17.0,0,17.1433022776607
Viluppuram,13.527500000000002,31,39,rain,33.60818520372628,0,32.51827973571108,39.0893211634705,0,40.0403716312644,28.0,0,27.61883874749326,42.84054514959321,0,42.292789637700324,34.04026235129214,24,35.27025643340979,20.0,0,20.51972952013626,18.0,0,18.67695577141554,17.0,0,17.248827374971974
Ramanadhapuram,3.526388888888889,31,35,weekend,32.22203584783519,4,27.976806758672684,46.049332929064576,13,40.91231671054455,28.0,0,25.46904422324592,47.605870671869134,51,43.70053954657094,40.10648814684355,0,34.33480854870801,20.0,0,16.76935102054808,18.0,0,17.01762964422586,17.0,0,15.50692464510874
Chennai,1.1302777777777777,7,49,weekend,38.07906527215725,6,33.3086235701064,41.16424113198611,15,36.385003297494954,28.0,0,25.52122304873533,46.755116111988286,55,42.7792744227645,25.222384006616462,2,22.251927500453625,20.0,0,18.40337415477905,18.0,0,17.451125411354663,17.0,0,15.549556455706918
Madurai,9.053611111111111,3,13,weekend,33.72574005744715,6,35.26042137573956,35.07288372339271,19,36.391907158159725,28.0,0,30.185227913101283,49.76319964741091,57,53.506154022775604,34.3616909478299,0,35.96830819330829,20.0,0,21.081874663218002,18.0,0,19.73438810432181,17.0,0,18.472590445916207
Theni,15.18361111111111,11,1,normal,27.774389228803496,7,27.85435986163612,42.97994616938519,36,43.91932524552145,28.0,0,28.532349021427834,44.20381477073529,0,44.62332509471517,31.262434629525817,6,31.671422059779303,20.0,0,21.274522645230146,18.0,0,19.227022737683246,17.0,0,16.783330087347665
Namakkal,17.35138888888889,21,5,weekend,32.076010226182866,4,32.78416978659918,43.244467826232395,17,43.7571529745327,28.0,0,28.38315302093331,43.77988940216618,40,45.6511748026588,49.65261377539575,3,50.28693009925316,20.0,0,20.29531510392869,18.0,0,19.72719355667649,17.0,0,18.17788130526388
Bodi,18.000555555555554,0,2,normal,43.7691805850676,17,46.724008712936595,45.10647409133021,38,49.09487589203008,28.0,0,29.521609702871345,46.312237496988104,0,49.63798444501497,35.005235627037244,7,38.641269541942755,20.0,0,22.12960117094236,18.0,0,19.23032503117144,17.0,0,17.791626184478435
Namakkal,23.775277777777777,46,31,normal,46.000408795715074,17,39.59555525918689,47.500537005433976,36,41.11304684180301,28.0,0,24.309683948952035,43.77988940216618,0,37.63818429642436,29.12477557085127,4,25.417786663960957,20.0,0,17.041698593756745,18.0,0,16.644468254110187,17.0,0,15.199442428861545
Salem,7.519166666666667,31,9,rain,30.46411548521254,0,32.119995808255425,41.07025287760748,0,44.341331720466314,28.0,0,28.555218243558457,42.795009738268384,0,44.385666828095836,42.90399215480497,33,47.943800310865804,20.0,0,22.648952563734273,18.0,0,19.08430279158972,17.0,0,18.770440844201623
Cumbum,0.8294444444444444,49,46,rain,35.11908014464723,0,30.95115923932855,48.36569397865607,0,44.85520848463374,28.0,0,24.929341127780056,41.388345997514556,0,35.395243410384744,32.75549403283424,21,30.444173154144828,20.0,0,18.962869492218328,18.0,0,14.958887025022086,17.0,0,15.570704847370022
Coimbatore,5.123055555555555,7,23,rain,41.177517902712644,0,37.43257662656223,39.925990881755276,0,38.489990950383564,28.0,0,25.702165337056798,43.85765828683595,0,39.759621948944364,48.59837205358705,26,46.60610967743785,20.0,0,18.975175504753025,18.0,0,17.702315921510124,17.0,0,17.268954997561554
Dindigul,20.520555555555553,31,14,rain,39.546621018905,0,42.097851079170596,42.5310672795623,0,48.24990044761858,28.0,0,30.322077014441692,39.642402141494664,0,43.50956692871765,39.436185183781845,30,44.80179861417562,20.0,0,23.29317647197675,18.0,0,19.72018722196837,17.0,0,20.002257565783026
Trichy,23.24361111111111,14,37,weekend,31.29414501445612,6,27.480998225282537,39.572696871602524,8,35.16094316264994,28.0,0,24.988182202156896,43.72134429055531,38,40.88971853166606,40.05433803692343,0,35.671361135289196,20.0,0,17.30644031290652,18.0,0,16.299814823185233,17.0,0,14.876652985507448
Vellore,18.116666666666667,7,0,normal,46.98525613981706,17,52.16313408138533,44.916077602585744,39,48.72484194105062,28.0,0,30.87508140165483,48.19899329625811,0,53.0771664712058,35.09685323626527,7,38.23512849268187,20.0,0,21.955237825660706,18.0,0,19.81169145715217,17.0,0,17.98777437581561
Tenkasi,23.471944444444443,28,19,normal,35.11028017839375,17,30.869826045291767,44.652961826854906,45,39.12347516917216,28.0,0,25.005173584078666,46.84848003316055,0,41.73460938921811,38.219946675145756,3,34.10911527443476,20.0,0,17.06008953197351,18.0,0,16.421406548433414,17.0,0,14.79344813765878
Tirunelveli,22.98777777777778,59,16,rain,39.232489486645534,0,34.676303815238796,41.38586655928871,0,38.512719048918605,28.0,0,24.408131291620684,42.33256633042416,0,36.63697148667322,40.88264477008581,27,38.21563944360907,20.0,0,19.277822783864256,18.0,0,15.522007539257176,17.0,0,15.354128570439599
Ramanadhapuram,9.566944444444443,34,1,rain,38.663502020988375,0,40.24566146748608,46.168240212269,0,50.198829071251716,28.0,0,29.097056685334675,47.605870671869134,0,48.932944040144825,42.24953654856638,22,46.55955485784605,20.0,0,22.06995933591809,18.0,0,18.63042806759259,17.0,0,18.55362601011057
Bodi,3.065833333333333,3,57,rain,35.24301855846298,0,30.873463354999743,43.08852707983893,0,40.388445858584745,28.0,0,24.921272054873313,46.312237496988104,0,41.42470575221561,45.086517299376204,27,41.834874963094435,20.0,0,18.714228216215695,18.0,0,16.261131696054875,17.0,0,15.707246609072387
Kanyakumari,9.986388888888888,59,11,rain,45.06764523389062,0,47.746067728198426,40.22596629886361,0,44.40953050728487,28.0,0,28.991084429234206,46.56479008021971,0,49.61655338447038,43.677871284269436,33,48.04788351881488,20.0,0,21.832107019893666,18.0,0,17.947344807893355,17.0,0,19.218093140964303
Madurai,21.772499999999997,46,21,normal,48.966707744846985,17,52.62436344355545,42.86713061014949,38,45.63144748251079,28.0,0,29.976587158825033,49.76319964741091,0,52.93832478790364,26.79408785599537,2,28.54323063502311,20.0,0,21.758157387634558,18.0,0,18.928935833806054,17.0,0,18.287065419202314
Cumbum,0.9416666666666667,56,30,weekend,29.471411633262974,8,26.089567471439658,47.57729861243491,11,41.744560678743674,28.0,0,26.23064326155415,41.388345997514556,43,37.154653071746154,40.83514733104723,2,35.309159712010846,20.0,0,17.150025504538085,18.0,0,16.605355412318865,17.0,0,15.626212896828171
Ooty,18.115000000000002,6,54,rain,28.58909578998705,0,32.38346283436313,44.26338884162844,0,50.47634728998027,28.0,0,31.238391909065,46.91917691378848,0,51.23003112367003,41.97774609884506,23,48.59248357720402,20.0,0,22.614232316778562,18.0,0,19.930768895820172,17.0,0,19.371504907240457
Dindigul,20.775,46,30,weekend,40.589860157463335,10,43.86786553112414,40.43167877293759,10,43.32333960606378,28.0,0,31.07928672340866,39.642402141494664,38,44.15598694204709,46.122076154386654,1,49.21072150963668,20.0,0,21.400486960570422,18.0,0,19.525573527431572,17.0,0,18.229140824325068
Ooty,0.5222222222222223,31,20,weekend,23.42485009104321,7,20.78032513246418,42.15278264391995,13,37.134038033678564,28.0,0,25.2790448818878,46.91917691378848,45,43.04403657365514,49.23476274080344,2,43.98958016157476,20.0,0,17.741123480771684,18.0,0,16.661871628459718,17.0,0,15.79798037263057
Ooty,0.7766666666666667,46,36,normal,33.753341488930886,13,28.929482206256104,46.373995039336926,37,40.37902186536819,28.0,0,23.672474779306548,46.91917691378848,0,40.686437408723435,36.06306576188319,4,31.837626760498132,20.0,0,17.922203415816192,18.0,0,15.262467943273316,17.0,0,14.747312292129935
Trichy,8.587777777777779,35,16,weekend,31.29414501445612,6,32.66221946075986,39.572696871602524,8,40.9256813357877,28.0,0,31.263196301449494,43.72134429055531,38,46.848615496825474,40.05433803692343,0,41.56779020531199,20.0,0,21.956168696539102,18.0,0,19.446648022114807,17.0,0,18.253356002339817
Tirunelveli,16.81833333333333,49,6,rain,39.232489486645534,0,39.10068679064872,41.38586655928871,0,43.19907007916572,28.0,0,28.0007468535269,42.33256633042416,0,42.45162326145441,40.88264477008581,27,43.26611757262652,20.0,0,20.721720421551055,18.0,0,17.713535165377372,17.0,0,17.567627968789562
Kanyakumari,18.65611111111111,39,22,weekend,49.216612829768266,1,52.22727792127942,39.23145357341949,16,42.111153049024516,28.0,0,31.131473896497386,46.56479008021971,54,51.46843248581272,41.863832915295156,0,44.19453008914923,20.0,0,21.45973296559201,18.0,0,19.427800104241115,17.0,0,19.056249834775194
Ramanadhapuram,6.463333333333334,27,48,rain,38.663502020988375,0,40.567001750937386,46.168240212269,0,50.884245737018496,28.0,0,29.029079179114312,47.605870671869134,0,50.60276487393997,42.24953654856638,22,46.55481248998828,20.0,0,22.18723056439142,18.0,0,19.604161862891434,17.0,0,18.45381409463265
Perambalur,7.5808333333333335,34,51,rain,39.947734156669284,0,41.27850953873145,40.604214214748886,0,44.79887144054642,28.0,0,29.044080015249573,42.830884456520046,0,44.20686680106643,47.42780520358114,28,52.17916770831268,20.0,0,22.792115657281588,18.0,0,18.803967597700154,17.0,0,19.1089260995484
Kanyakumari,21.8175,49,3,normal,40.91867763801298,14,43.66121941934916,41.22047902430772,46,45.10978428364697,28.0,0,30.297447371505932,46.56479008021971,0,50.2303080543161,40.049794546320875,8,43.843362251877586,20.0,0,22.515326596118282,18.0,0,19.449254496347727,17.0,0,18.245216166089925
Nagercoil,19.232499999999998,13,57,rain,38.0797699655937,0,42.023860736213265,42.3424347694493,0,48.69357138478897,28.0,0,30.947647823150824,43.54560165478784,0,47.901539435341384,35.29953219912303,24,40.678094921022115,20.0,0,23.094518724490925,18.0,0,19.945533224355326,17.0,0,19.44528153284078
Viluppuram,4.166666666666667,10,0,rain,33.60818520372628,0,29.91631494663414,39.0893211634705,0,36.68581769429558,28.0,0,24.5836595461856,42.84054514959321,0,37.97980243033608,34.04026235129214,24,32.54997535456738,20.0,0,18.238981978026136,18.0,0,16.39741188801157,17.0,0,15.960274331455606
Ooty,0.4811111111111111,28,52,rain,28.58909578998705,0,25.373243349028606,44.26338884162844,0,41.68874889755087,28.0,0,25.670328329365276,46.91917691378848,0,41.88253083006986,41.97774609884506,23,39.64626223702443,20.0,0,18.937817969954583,18.0,0,16.70611426954119,17.0,0,16.63673824310182
Nagercoil,19.286944444444448,17,13,rain,38.0797699655937,0,41.836600045946916,42.3424347694493,0,48.77269049123426,28.0,0,31.027984680941252,43.54560165478784,0,48.031360884912324,35.29953219912303,24,40.76349765645219,20.0,0,22.27583082367861,18.0,0,19.275982853117288,17.0,0,19.367166909179414
Karur,16.482777777777777,28,58,weekend,28.9237264257748,7,29.173517717219955,32.608115607663365,14,32.97835916913625,28.0,0,29.338895928844074,44.75094055807841,51,46.887778447679324,44.679762548690945,0,45.31129249498527,20.0,0,19.91526773349993,18.0,0,18.442556179296627,17.0,0,19.181438071217983
Madurai,12.499444444444444,29,58,normal,48.966707744846985,17,48.5018188872953,42.86713061014949,38,42.08698748614093,28.0,0,27.24929540863761,49.76319964741091,0,49.56731619444064,26.79408785599537,2,26.614294022539756,20.0,0,19.956303845633897,18.0,0,18.43802599491032,17.0,0,16.300613229074234
Salem,16.372222222222224,22,20,normal,30.991852204279624,15,31.10944122843386,46.51115891623186,37,47.01183135448461,28.0,0,28.49974546153666,42.795009738268384,0,43.032397443518505,39.490013090154434,3,40.09425574366361,20.0,0,20.417236759046297,18.0,0,18.58019237374169,17.0,0,17.517891811435067
Tirunelveli,7.531944444444444,31,55,weekend,38.840222090008695,8,40.45155786537105,44.39081528207452,12,46.001145618172316,28.0,0,29.791172892422583,42.33256633042416,60,46.486392732943315,26.651075201973363,2,28.19140542636365,20.0,0,21.494827745392033,18.0,0,19.728074827997155,17.0,0,17.274476860569234
Pudukottai,11.685833333333333,41,9,rain,39.01988715770722,0,38.612806359835695,40.46523697096036,0,41.69483298729682,28.0,0,26.98395627939928,47.052339145013335,0,45.77612239240405,38.27290797059502,23,39.3151056790291,20.0,0,21.258799598765673,18.0,0,17.449485404612844,17.0,0,17.464237251908834
Dindigul,17.400277777777777,24,1,rain,39.546621018905,0,39.663520833919414,42.5310672795623,0,45.35782655024723,28.0,0,28.0580971290474,39.642402141494664,0,41.14820500212138,39.436185183781845,30,41.85954496442705,20.0,0,21.94483568234328,18.0,0,18.125810991776394,17.0,0,18.178738470658566
Madurai,18.231111111111108,13,52,rain,41.34622390114707,0,45.62980698143557,38.9700071667711,0,45.20497573000499,28.0,0,30.800121711115263,49.76319964741091,0,54.99697685522487,41.92929403966443,21,48.29030204610954,20.0,0,23.08400029840703,18.0,0,19.763520951324143,17.0,0,18.63651151172446
Theni,15.69138888888889,41,29,rain,38.19004885214979,0,37.73936999492963,44.333205526315936,0,46.20491722163657,28.0,0,27.43188634412829,44.20381477073529,0,43.12250211060619,45.05616956083969,11,47.4765206709591,20.0,0,20.64177853020216,18.0,0,17.813081302295693,17.0,0,16.88392571058314
Dharmapuri,19.83138888888889,49,53,normal,30.821988115774875,13,33.103260420979574,38.085268435163854,35,40.99483104192155,28.0,0,29.94452599926636,47.03003548747523,0,50.15242852401706,43.79800442850418,5,46.88860619694404,20.0,0,21.997877705170215,18.0,0,18.995764836253937,17.0,0,19.650179068527798
Perambalur,10.01,0,36,weekend,40.759418109477394,5,40.235632617515115,39.31380979747918,23,38.144099009655406,28.0,0,28.38753788128053,42.830884456520046,43,43.69417016061122,19.036711661493786,3,18.296068008739958,20.0,0,19.76041654253405,18.0,0,17.335655222171198,17.0,0,17.44016421247856
Nagercoil,7.118055555555555,7,5,normal,39.39766977646993,14,41.4852724236837,41.701276778783054,39,43.58968555099582,28.0,0,29.66013671377191,43.54560165478784,0,46.33647675766769,30.462175083948065,3,32.02272433064677,20.0,0,20.95679028569109,18.0,0,19.111232258355564,17.0,0,16.977973744300556
Nagercoil,7.751388888888889,45,5,rain,38.0797699655937,0,39.920079462136215,42.3424347694493,0,46.08049723482919,28.0,0,28.955659699576362,43.54560165478784,0,45.04058414801585,35.29953219912303,24,39.095644154908236,20.0,0,22.650392721337433,18.0,0,18.79476520345882,17.0,0,19.362557748250186
Pudukottai,23.546944444444446,32,49,weekend,37.86154046215629,6,33.51148761778971,38.300311465939544,20,33.61982555690436,28.0,0,25.466517404218795,47.052339145013335,50,42.99670506731247,28.41956323712548,3,25.344138609928535,20.0,0,17.98459697364141,18.0,0,16.026659632230928,17.0,0,15.906996505516966
Perambalur,19.354166666666668,21,15,weekend,40.759418109477394,5,44.43633811380159,39.31380979747918,23,42.58754257359303,28.0,0,31.44377842747525,42.830884456520046,43,48.71245437906148,19.036711661493786,3,21.36377966807132,20.0,0,21.757620615236085,18.0,0,20.630492996255395,17.0,0,18.598861237455132
Theni,12.571111111111112,34,16,rain,38.19004885214979,0,37.15385226355363,44.333205526315936,0,44.954733491674716,28.0,0,27.774835325930106,44.20381477073529,0,43.445098489599225,45.05616956083969,11,45.6767306367953,20.0,0,19.901090518159428,18.0,0,17.128867374876698,17.0,0,17.656296008525885
Tenkasi,2.663333333333333,39,48,normal,35.11028017839375,17,30.896770793225016,44.652961826854906,45,38.92791092968893,28.0,0,24.724772901521767,46.84848003316055,0,41.167734856412444,38.219946675145756,3,33.149588637842314,20.0,0,17.7747613475869,18.0,0,15.5169257960507,17.0,0,14.671687180125168
Tenkasi,14.127777777777778,7,40,normal,35.11028017839375,17,35.066393905947,44.652961826854906,45,44.306170200489625,28.0,0,27.739972520055183,46.84848003316055,0,46.91200572987472,38.219946675145756,3,38.65825418462407,20.0,0,20.639964515915402,18.0,0,17.45586093468658,17.0,0,16.793605690203268
Trichy,2.418333333333333,25,6,weekend,31.29414501445612,6,27.19921216111917,39.572696871602524,8,36.02476573762269,28.0,0,25.61123295306426,43.72134429055531,38,40.302177352264074,40.05433803692343,0,35.3295099186932,20.0,0,17.737154601385257,18.0,0,17.224997198899686,17.0,0,16.82494878209742
Trichy,14.757222222222222,45,26,weekend,31.29414501445612,6,30.844024761266876,39.572696871602524,8,39.90974486207128,28.0,0,28.512386833636103,43.72134429055531,38,44.564023108221974,40.05433803692343,0,40.32909245315657,20.0,0,20.416544230463895,18.0,0,18.049660855856942,17.0,0,17.2895921109179
Ooty,3.459166666666667,27,33,rain,28.58909578998705,0,25.644495105300546,44.26338884162844,0,41.25926513882751,28.0,0,24.514302237278436,46.91917691378848,0,41.57421236509091,41.97774609884506,23,39.075909491846005,20.0,0,18.39201025416789,18.0,0,15.486394316653719,17.0,0,15.380772913001293
Chennai,22.826666666666668,49,36,rain,38.69169460353284,0,33.391503859933636,40.29866117288363,0,35.84512240420039,28.0,0,24.15667218420676,46.755116111988286,0,40.44193304088969,41.59902003798844,29,38.195024527481706,20.0,0,17.90349078605758,18.0,0,15.8799103542183,17.0,0,15.724976926981759
Namakkal,5.578055555555555,34,41,rain,39.038209510948974,0,35.867844090073014,45.37250241583318,0,43.483067029436015,28.0,0,24.725230609984752,43.77988940216618,0,39.36078008227005,36.16769493281081,25,34.19470118751388,20.0,0,18.797123983041676,18.0,0,16.638885933230785,17.0,0,16.413814620856257
Theni,6.347222222222222,20,50,rain,38.19004885214979,0,40.22693382819816,44.333205526315936,0,48.52723271698785,28.0,0,29.96470260575228,44.20381477073529,0,46.32597706017599,45.05616956083969,11,50.55238603688769,20.0,0,21.139355967647607,18.0,0,18.999424337320523,17.0,0,19.42416995087201
Madurai,6.695555555555556,41,44,rain,41.34622390114707,0,42.582920977082985,38.9700071667711,0,42.941894006167864,28.0,0,29.173469698611907,49.76319964741091,0,51.386970665281,41.92929403966443,21,45.76391887284958,20.0,0,21.562359840286803,18.0,0,18.571457106874995,17.0,0,18.786685641705127
Theni,9.77638888888889,46,35,weekend,48.60570847549609,10,50.27850444885018,45.686464883246686,15,46.28749734563577,28.0,0,29.927540146452923,44.20381477073529,45,46.92583124333747,27.297359059343346,1,28.196091173253272,20.0,0,21.07997968158551,18.0,0,19.612928398536386,17.0,0,18.739042411910233
Bodi,3.4324999999999997,25,57,normal,43.7691805850676,17,39.41466070423001,45.10647409133021,38,39.739256446378036,28.0,0,25.054388884024135,46.312237496988104,0,41.18062789516598,35.005235627037244,7,31.276549526707267,20.0,0,17.413917763284143,18.0,0,15.294734981376198,17.0,0,14.187751120871086
Chennai,16.898333333333333,53,54,normal,39.304323934908425,15,38.940872050314134,39.433081213781136,32,39.33224046692909,28.0,0,27.46526568885015,46.755116111988286,0,46.87245947589964,26.618243730497205,4,27.484467456767838,20.0,0,20.127422094619586,18.0,0,17.877747116756577,17.0,0,16.46663773217203
Ooty,3.825833333333333,49,33,normal,33.753341488930886,13,29.317716430046612,46.373995039336926,37,40.40590825921659,28.0,0,24.0954779226502,46.91917691378848,0,41.05609657079889,36.06306576188319,4,31.645833279335303,20.0,0,17.868079509474892,18.0,0,15.69307857604844,17.0,0,14.908128688627583
Trichy,2.1094444444444447,6,34,rain,31.886725557283217,0,27.463566250565684,41.163907526226495,0,37.8607697878044,28.0,0,24.693198048456374,43.72134429055531,0,38.352301972671995,40.05433803692343,23,37.50697974087077,20.0,0,18.3479093348287,18.0,0,15.740227859143646,17.0,0,16.080306224149084
Namakkal,8.007222222222222,0,26,weekend,32.076010226182866,4,33.11242743716095,43.244467826232395,17,44.563139903889144,28.0,0,30.498857638018734,43.77988940216618,40,47.22112001725977,49.65261377539575,3,51.06451494713995,20.0,0,20.70296483039321,18.0,0,19.534512257360777,17.0,0,19.059621500420526
Karur,7.009722222222222,0,35,rain,31.99517790958504,0,33.366349079695404,37.73247184428588,0,41.25748632705242,28.0,0,28.642629818766224,44.75094055807841,0,46.37189223774512,43.03240121394373,28,47.7366892756152,20.0,0,21.71859696292305,18.0,0,18.310793900882828,17.0,0,18.3893455512119
Vellore,12.455,27,18,rain,42.35626754079851,0,41.17437463433677,39.03979270045541,0,40.372184758067924,28.0,0,27.34382670062864,48.19899329625811,0,46.88596844762347,43.74006843805889,32,45.52028411801167,20.0,0,20.649874696285327,18.0,0,17.559058640112063,17.0,0,18.117547787794717
Dharmapuri,13.661944444444444,39,43,normal,30.821988115774875,13,30.173965070147627,38.085268435163854,35,36.76671554767193,28.0,0,27.393525635557857,47.03003548747523,0,45.20464235673584,43.79800442850418,5,43.19871494119125,20.0,0,19.119698969160382,18.0,0,17.700950500726343,17.0,0,16.984292986316966
Dindigul,11.430833333333332,25,51,weekend,40.589860157463335,10,40.18727644693155,40.43167877293759,10,40.39783257425944,28.0,0,29.33860723757784,39.642402141494664,38,40.44948024437812,46.122076154386654,1,46.00765554180033,20.0,0,19.41460513133626,18.0,0,19.324145343048535,17.0,0,16.964245779004905
Pudukottai,14.877222222222223,52,38,rain,39.01988715770722,0,38.82715815729172,40.46523697096036,0,41.75203437933966,28.0,0,28.178037429197737,47.052339145013335,0,46.231176244980254,38.27290797059502,23,40.19864653515392,20.0,0,20.385970612225936,18.0,0,17.329528315449274,17.0,0,17.66934132888251
Ooty,6.888333333333333,53,18,weekend,23.42485009104321,7,24.69811136514351,42.15278264391995,13,43.52544871414668,28.0,0,30.837118923098153,46.91917691378848,45,50.6974700851708,49.23476274080344,2,51.37029255408953,20.0,0,20.941907639956405,18.0,0,19.36442940519829,17.0,0,17.667244538247175
Namakkal,23.591944444444444,35,31,weekend,32.076010226182866,4,27.59977768373232,43.244467826232395,17,37.58740670369309,28.0,0,25.57466807835959,43.77988940216618,40,39.51630276236739,49.65261377539575,3,42.97589086106428,20.0,0,17.113080436716917,18.0,0,16.445956219962138,17.0,0,15.227108752697514
Viluppuram,13.639722222222222,38,23,weekend,34.90452850109481,5,34.09488477306243,35.84218079539566,16,35.129854397984545,28.0,0,28.322733093863352,42.84054514959321,47,44.22352084361985,33.81871210393652,3,31.973229029522862,20.0,0,18.99952171159438,18.0,0,18.012895391685042,17.0,0,18.13848582086621
Kanyakumari,15.410277777777779,24,37,weekend,49.216612829768266,1,49.141562914253406,39.23145357341949,16,38.94915683021937,28.0,0,29.06126237492309,46.56479008021971,54,48.63033105495116,41.863832915295156,0,42.36445210792143,20.0,0,18.846539492075166,18.0,0,18.371780219505663,17.0,0,17.776217570913207
Tenkasi,8.649444444444445,38,58,weekend,39.97890079277373,6,41.85339769735216,33.21914342462593,16,34.83772775514689,28.0,0,30.33285831273639,46.84848003316055,60,51.05531444615379,27.704370543179156,1,29.33852565657822,20.0,0,20.893986032730073,18.0,0,19.385954100255283,17.0,0,18.76022384836788
Salem,4.836666666666666,50,12,normal,30.991852204279624,15,27.162790190196922,46.51115891623186,37,40.85512915773248,28.0,0,24.710137808075253,42.795009738268384,0,37.40124941938291,39.490013090154434,3,34.50721194334976,20.0,0,17.422870301789924,18.0,0,15.231467400666078,17.0,0,15.095709445067468
Madurai,21.47694444444444,28,37,rain,41.34622390114707,0,44.19501232666054,38.9700071667711,0,44.624836785937575,28.0,0,30.56564044037213,49.76319964741091,0,53.88655688140848,41.92929403966443,21,47.85076670754415,20.0,0,21.73604154204822,18.0,0,20.002783397597067,17.0,0,19.408372375656686
Coimbatore,14.650555555555556,39,2,weekend,43.767768157330956,5,43.91870326660422,39.566282936927436,19,39.75366655090211,28.0,0,29.184987711810038,43.85765828683595,66,46.171606933190795,40.68923477348823,3,41.14863573662753,20.0,0,18.664449978372435,18.0,0,18.534681376612934,17.0,0,17.565795279101227
Bodi,18.81722222222222,49,2,weekend,26.71685653185835,12,28.730807831430123,41.07058006834765,11,43.95619609277936,28.0,0,31.194676266547813,46.312237496988104,54,52.4302162125051,29.595738987812993,2,32.43804134310059,20.0,0,22.523107090256612,18.0,0,20.68030919982365,17.0,0,19.22859208586957
Madurai,12.357222222222221,21,26,normal,48.966707744846985,17,47.66271924209168,42.86713061014949,38,42.2196171742241,28.0,0,27.966137495343197,49.76319964741091,0,49.08682726433777,26.79408785599537,2,26.400577480393217,20.0,0,19.29163429031295,18.0,0,18.075470527210946,17.0,0,15.293368280711183
Chennai,7.116388888888888,6,59,rain,38.69169460353284,0,40.67412781759557,40.29866117288363,0,45.036541950186646,28.0,0,28.439615253106663,46.755116111988286,0,48.52950496778964,41.59902003798844,29,45.550496031858145,20.0,0,22.75699095266717,18.0,0,19.06955882457913,17.0,0,19.12983415145412
Virudhunagar,14.52888888888889,31,44,rain,44.350793481000736,0,43.760301219453545,39.17951110800057,0,40.29781499605991,28.0,0,27.30559423945759,40.43468399020969,0,39.93453889276787,36.442483195672004,35,38.09315465970207,20.0,0,20.42095843621131,18.0,0,18.053476219770957,17.0,0,17.70925688988742
Ooty,21.289722222222224,17,23,rain,28.58909578998705,0,30.381892424785804,44.26338884162844,0,50.05888657935248,28.0,0,30.07600263711677,46.91917691378848,0,50.8466919555417,41.97774609884506,23,47.51159346517192,20.0,0,23.117895881518677,18.0,0,18.820313678108057,17.0,0,18.66889500820382
Salem,1.2952777777777778,17,43,rain,30.46411548521254,0,26.75377409792629,41.07025287760748,0,38.29120644334969,28.0,0,24.791688571051925,42.795009738268384,0,37.911376732870714,42.90399215480497,33,39.79545416084175,20.0,0,18.050256091040676,18.0,0,16.008629808760816,17.0,0,15.480639025336753
Ramanadhapuram,6.517777777777778,31,4,rain,38.663502020988375,0,40.03674110956293,46.168240212269,0,49.92971622188939,28.0,0,29.882622959559587,47.605870671869134,0,49.89491452368673,42.24953654856638,22,46.32740803923971,20.0,0,20.951150729656028,18.0,0,17.98219255666357,17.0,0,18.64518969639343
Salem,10.568333333333333,34,6,rain,30.46411548521254,0,29.185158508951776,41.07025287760748,0,42.93650359581928,28.0,0,27.072844338971144,42.795009738268384,0,42.03031448041928,42.90399215480497,33,45.33793363865836,20.0,0,20.1627186502432,18.0,0,17.3277870463969,17.0,0,17.498535811508706
Virudhunagar,17.07027777777778,4,13,normal,40.22809075568417,9,40.98198242138233,44.41962434322648,37,45.21202754413745,28.0,0,27.387448773140157,40.43468399020969,0,40.85619675482569,29.218368644243697,9,29.293216817817225,20.0,0,20.123096871089736,18.0,0,18.20778274530669,17.0,0,17.629866530770013
Kanyakumari,15.593611111111112,35,37,normal,40.91867763801298,14,40.39533050669445,41.22047902430772,46,40.52085058798322,28.0,0,28.006628952846093,46.56479008021971,0,45.819923286288216,40.049794546320875,8,40.127108858213425,20.0,0,19.70069415969001,18.0,0,17.537819987736526,17.0,0,16.275590863606975
Dharmapuri,10.612777777777778,36,46,normal,30.821988115774875,13,30.141726352855084,38.085268435163854,35,37.048155448508595,28.0,0,27.475959596410625,47.03003548747523,0,44.559580652541165,43.79800442850418,5,42.83253231508203,20.0,0,19.446005085022996,18.0,0,17.524530294770173,17.0,0,16.890401857247294
Bodi,12.664444444444445,39,52,weekend,26.71685653185835,12,26.115685506328454,41.07058006834765,11,40.18653300122238,28.0,0,29.553234663362367,46.312237496988104,54,47.852115344734294,29.595738987812993,2,28.50072085993079,20.0,0,19.390163302187553,18.0,0,17.61168982190541,17.0,0,16.989407304074494
Ramanadhapuram,9.004722222222222,0,17,normal,45.10496819414156,16,46.677001292387054,46.28714749547341,32,48.03206908482159,28.0,0,28.629496531218102,47.605870671869134,0,48.6149681617676,37.96343974512072,5,39.6670589241202,20.0,0,21.207911761555838,18.0,0,17.890168628013175,17.0,0,17.82396150025485
Vellore,0.42833333333333334,25,42,normal,46.98525613981706,17,41.71509989177728,44.916077602585744,39,40.56379064336863,28.0,0,25.086543721296067,48.19899329625811,0,43.05332369816513,35.09685323626527,7,30.81227179892256,20.0,0,17.702304058918735,18.0,0,16.081601261882504,17.0,0,14.71012289561858
Perambalur,16.050555555555555,3,2,rain,39.947734156669284,0,40.49261139710451,40.604214214748886,0,42.95794709643193,28.0,0,27.88784128586724,42.830884456520046,0,43.0561520948139,47.42780520358114,28,50.02475478917747,20.0,0,20.53236226670557,18.0,0,17.868416658103232,17.0,0,18.130043209612158
Coimbatore,5.306388888888889,18,23,weekend,43.767768157330956,5,39.886705485738226,39.566282936927436,19,36.74200560476012,28.0,0,27.785430542179157,43.85765828683595,66,42.38299226396957,40.68923477348823,3,37.452318781864975,20.0,0,18.263973556980275,18.0,0,17.124019005444612,17.0,0,16.232795899803417
Ooty,12.366666666666667,22,0,normal,33.753341488930886,13,33.422824581135096,46.373995039336926,37,46.178968418607816,28.0,0,27.83180473047031,46.91917691378848,0,46.63250136777982,36.06306576188319,4,35.89181825513106,20.0,0,19.594658468652778,18.0,0,17.627890015740107,17.0,0,16.831146360520908
Kanyakumari,15.664722222222222,39,53,normal,40.91867763801298,14,40.123213550235604,41.22047902430772,46,40.72931478789623,28.0,0,27.421994094312023,46.56479008021971,0,46.73388287902451,40.049794546320875,8,40.061006325352174,20.0,0,20.421285317233977,18.0,0,18.112406335862442,17.0,0,17.031546953869018
Perambalur,16.996111111111112,59,46,rain,39.947734156669284,0,39.556656139655786,40.604214214748886,0,42.61859821135222,28.0,0,28.12710547017462,42.830884456520046,0,42.05381338428803,47.42780520358114,28,50.19093034898548,20.0,0,21.06474261708016,18.0,0,18.455092759331272,17.0,0,17.01250131854792
Ramanadhapuram,18.99888888888889,59,56,rain,38.663502020988375,0,42.219661481848924,46.168240212269,0,52.0685526956421,28.0,0,30.509009619887188,47.605870671869134,0,51.70357768306376,42.24953654856638,22,48.575345910578946,20.0,0,23.205565389747644,18.0,0,19.59736081932206,17.0,0,18.144028141482966
Pudukottai,14.186111111111112,11,10,weekend,37.86154046215629,6,38.580222019270636,38.300311465939544,20,38.62663862071167,28.0,0,29.56135177033814,47.052339145013335,50,49.65311141728827,28.41956323712548,3,28.065890963299307,20.0,0,20.356970638753026,18.0,0,18.92709582757529,17.0,0,17.95352421287414
Krishnagiri,17.284166666666668,17,3,rain,28.037994978054734,0,28.796095323538424,36.90394139758206,0,39.50594667973018,28.0,0,28.920827383370234,43.91159023305815,0,44.597731000285926,39.092342191470394,32,42.04175931493635,20.0,0,21.105982768140635,18.0,0,17.464120602477614,17.0,0,18.24821536731323
Nagercoil,4.885555555555555,53,8,weekend,36.76187015471747,8,32.3642925027323,42.983592760115535,16,37.88791670308988,28.0,0,25.945143728805817,43.54560165478784,44,40.01822667596995,22.49218157320404,4,18.593387303137916,20.0,0,17.97330359229716,18.0,0,15.977499756698286,17.0,0,14.876561696713479
Madurai,12.061666666666667,3,42,rain,41.34622390114707,0,40.78837469470564,38.9700071667711,0,39.59084304684285,28.0,0,26.804398451071023,49.76319964741091,0,48.93555813070582,41.92929403966443,21,43.43376657179161,20.0,0,21.011840060385634,18.0,0,17.88541447909026,17.0,0,17.753736004743118
Cumbum,9.1025,6,9,rain,35.11908014464723,0,36.590804561743774,48.36569397865607,0,53.04223910951585,28.0,0,28.915451811745054,41.388345997514556,0,42.626803149268504,32.75549403283424,21,36.434555758209015,20.0,0,22.859859954563625,18.0,0,19.537839519384242,17.0,0,18.00723312915049
Nagercoil,22.40722222222222,24,26,rain,38.0797699655937,0,33.873236860408824,42.3424347694493,0,39.129059273429576,28.0,0,25.16056875645941,43.54560165478784,0,38.92594832529044,35.29953219912303,24,33.16827876267437,20.0,0,19.02922665757112,18.0,0,15.379124231664997,17.0,0,15.93090936777684
Tenkasi,5.529166666666667,31,45,weekend,39.97890079277373,6,36.79063548507659,33.21914342462593,16,30.2613716798303,28.0,0,26.674003391673967,46.84848003316055,60,45.95594924393398,27.704370543179156,1,25.543364028558596,20.0,0,18.58337702042565,18.0,0,16.88693139787853,17.0,0,16.70763085567218
Vellore,6.231111111111111,13,52,rain,42.35626754079851,0,44.378574909184,39.03979270045541,0,42.87673372759537,28.0,0,29.819709472890427,48.19899329625811,0,50.42719834603269,43.74006843805889,32,48.795140250103806,20.0,0,22.300399678152754,18.0,0,18.58588385399722,17.0,0,18.788693547005956
Ooty,6.946111111111112,56,46,normal,33.753341488930886,13,34.69804648873342,46.373995039336926,37,47.77906750402049,28.0,0,29.570725635426516,46.91917691378848,0,48.913931620862634,36.06306576188319,4,37.289896492780166,20.0,0,21.01706332084693,18.0,0,17.587352559846703,17.0,0,17.360859166720818
Pudukottai,17.41861111111111,25,7,normal,40.17823385325815,17,40.3166321707056,42.63016247598119,46,42.83645202556795,28.0,0,28.262180312620874,47.052339145013335,0,47.29973989507601,26.472202597790183,3,27.421172005562802,20.0,0,20.043721003486237,18.0,0,18.14672762108463,17.0,0,18.27511793887876
Chennai,13.594722222222222,35,41,weekend,38.07906527215725,6,36.728203795527776,41.16424113198611,15,40.415259237218294,28.0,0,27.721637668009222,46.755116111988286,55,47.11571417262642,25.222384006616462,2,24.271132752174047,20.0,0,19.433442660267715,18.0,0,18.33481381636877,17.0,0,16.744143900487053
Theni,12.825555555555555,49,32,weekend,48.60570847549609,10,46.34678574833367,45.686464883246686,15,44.42059792116808,28.0,0,27.99855808062135,44.20381477073529,45,43.494050134587106,27.297359059343346,1,26.66032607431206,20.0,0,19.697575940710877,18.0,0,18.504733412911243,17.0,0,17.034348096590563
Karur,7.234166666666667,14,3,normal,35.06662939339528,11,37.29628501296275,42.8568280809084,38,45.507133406058465,28.0,0,28.365124775552513,44.75094055807841,0,47.83133191226488,46.32712388343816,6,48.99853386715952,20.0,0,20.75814922513865,18.0,0,19.461789560449795,17.0,0,17.65282989453976
Ooty,18.42388888888889,25,26,weekend,23.42485009104321,7,25.559250609133176,42.15278264391995,13,45.57652752800229,28.0,0,30.692999821308785,46.91917691378848,45,52.83097150175153,49.23476274080344,2,53.12106646284873,20.0,0,21.821398958472447,18.0,0,20.031126134044115,17.0,0,18.72402134727558
Perambalur,22.291111111111114,17,28,rain,39.947734156669284,0,35.243525143354454,40.604214214748886,0,37.65284292366081,28.0,0,25.339973972166646,42.830884456520046,0,37.82763766663418,47.42780520358114,28,44.48073012393564,20.0,0,18.974201440675074,18.0,0,16.201236611593668,17.0,0,14.964578761829493
Pudukottai,14.060555555555556,3,38,weekend,37.86154046215629,6,37.730285974619896,38.300311465939544,20,38.41370584913822,28.0,0,29.175742825082423,47.052339145013335,50,49.59317687978498,28.41956323712548,3,28.594746750861876,20.0,0,20.57875740181874,18.0,0,18.540455223722294,17.0,0,17.33019705030958
Salem,4.415555555555556,24,56,rain,30.46411548521254,0,26.65465757281942,41.07025287760748,0,38.27288783551116,28.0,0,25.250994645800557,42.795009738268384,0,38.17212818097164,42.90399215480497,33,39.85586507221862,20.0,0,18.43340629965177,18.0,0,16.30655484714978,17.0,0,14.808404125587204
Salem,7.773611111111111,46,25,weekend,29.93637876614546,8,30.292653294978287,35.6293468389831,15,36.096741767670096,28.0,0,30.034947083968014,42.795009738268384,52,45.45923329870929,32.0154388677313,4,34.0580908788396,20.0,0,21.253657618917224,18.0,0,19.764287908873353,17.0,0,18.411853407964244
Tenkasi,14.69,41,24,rain,37.54459048558374,0,36.9626469489497,38.936052625740416,0,40.01074426689258,28.0,0,27.600201125830175,46.84848003316055,0,45.727494008694805,43.719207655035106,20,45.14133799314125,20.0,0,21.464433218205098,18.0,0,17.312640255920787,17.0,0,17.601227195118792
Ooty,0.33888888888888885,20,20,rain,28.58909578998705,0,25.13549670985716,44.26338884162844,0,41.151763721581816,28.0,0,25.310380537500755,46.91917691378848,0,40.49609844143554,41.97774609884506,23,39.2711841430207,20.0,0,18.433873198438405,18.0,0,15.518703732638446,17.0,0,15.947948065539371
Trichy,20.94,56,24,rain,31.886725557283217,0,34.487945889575094,41.163907526226495,0,46.551944820479285,28.0,0,29.189322885839935,43.72134429055531,0,46.44208291731172,40.05433803692343,23,46.09266676022347,20.0,0,24.57094859476726,18.0,0,19.80456207555524,17.0,0,19.573017080340176
Namakkal,17.534722222222225,32,5,normal,46.000408795715074,17,45.92855375938805,47.500537005433976,36,48.359065264491164,28.0,0,28.031543365881237,43.77988940216618,0,44.191090614491095,29.12477557085127,4,29.51719947605938,20.0,0,19.85852648934267,18.0,0,18.547270074003883,17.0,0,16.711262757007987
Nagercoil,4.647777777777777,38,52,rain,38.0797699655937,0,33.47458921611665,42.3424347694493,0,38.99968357141651,28.0,0,23.979352693696736,43.54560165478784,0,38.687812352694344,35.29953219912303,24,32.278397744989135,20.0,0,18.12513723721213,18.0,0,16.361961189361207,17.0,0,16.17506257466233
Madurai,0.8216666666666667,49,18,normal,48.966707744846985,17,42.821399328721846,42.86713061014949,38,37.60672782681451,28.0,0,23.567855056097144,49.76319964741091,0,43.821646600120054,26.79408785599537,2,23.897839914491463,20.0,0,18.09049290807457,18.0,0,15.928780014627415,17.0,0,15.090006846528484
Kanyakumari,0.5711111111111111,34,16,rain,45.06764523389062,0,39.179687513376365,40.22596629886361,0,36.93713340507454,28.0,0,24.447237033965493,46.56479008021971,0,40.203915735659734,43.677871284269436,33,40.0503766603431,20.0,0,18.99466284964582,18.0,0,15.87248108407973,17.0,0,15.02857068203082
Cumbum,3.3708333333333336,22,15,normal,40.76674865603148,18,36.55139720253808,49.15408934487722,37,43.884295997530344,28.0,0,25.043333657519913,41.388345997514556,0,36.575766620556486,47.691512153415324,4,42.30863189565083,20.0,0,17.779183870308156,18.0,0,16.054508301474186,17.0,0,15.418817379303661
Chennai,10.362222222222222,21,44,rain,38.69169460353284,0,38.43258396344009,40.29866117288363,0,41.516690037800196,28.0,0,28.218146716372498,46.755116111988286,0,45.87932163596438,41.59902003798844,29,42.838154152513006,20.0,0,20.976993326423745,18.0,0,18.11487471839023,17.0,0,17.82510620009874
Kanyakumari,18.401666666666664,24,6,rain,45.06764523389062,0,49.662016857059164,40.22596629886361,0,45.5707894277405,28.0,0,30.982482263333665,46.56479008021971,0,50.71739280875736,43.677871284269436,33,49.968484542996194,20.0,0,23.10843587549865,18.0,0,19.91072331682727,17.0,0,19.11358622309493
Dindigul,14.48,28,48,weekend,40.589860157463335,10,40.72645990341945,40.43167877293759,10,40.83686143955563,28.0,0,29.48430602293476,39.642402141494664,38,41.694892839536976,46.122076154386654,1,46.01347503260717,20.0,0,20.231939674959186,18.0,0,18.399475262109185,17.0,0,17.4707681218827
Coimbatore,2.131666666666667,7,54,weekend,43.767768157330956,5,38.957608099797575,39.566282936927436,19,35.45239162366542,28.0,0,25.73380839995552,43.85765828683595,66,41.60662759693353,40.68923477348823,3,35.51552187909047,20.0,0,18.371192629890288,18.0,0,17.279887853717018,17.0,0,15.35506195482514
Pudukottai,20.355555555555558,21,20,weekend,37.86154046215629,6,41.62255669362111,38.300311465939544,20,41.53060452725858,28.0,0,30.909837616826568,47.052339145013335,50,53.79335663215911,28.41956323712548,3,31.356587605671013,20.0,0,21.695320829327688,18.0,0,19.76868741259617,17.0,0,18.92734000569047
Trichy,14.011666666666667,0,42,normal,32.479306100110314,13,32.58321426658939,42.755118180850474,24,41.870492522089464,28.0,0,27.9239643764078,43.72134429055531,0,43.1352616208928,40.05433803692343,0,40.08565228430269,20.0,0,19.954187607110086,18.0,0,18.301201885700813,17.0,0,17.44855058515814
Vellore,0.3572222222222222,21,26,normal,46.98525613981706,17,42.18329090534838,44.916077602585744,39,39.314395936907495,28.0,0,24.790089990904313,48.19899329625811,0,42.364456955961735,35.09685323626527,7,31.229020078118484,20.0,0,17.293421581748408,18.0,0,16.74795150517196,17.0,0,14.237590128053082
Salem,7.702500000000001,42,9,weekend,29.93637876614546,8,31.67662071269812,35.6293468389831,15,36.88393980779155,28.0,0,29.897580350188047,42.795009738268384,52,44.73527750322844,32.0154388677313,4,33.71213773515303,20.0,0,20.92704226064446,18.0,0,19.396615092141776,17.0,0,18.095285858744887
Krishnagiri,17.22972222222222,13,47,rain,28.037994978054734,0,28.428193935853677,36.90394139758206,0,40.46283633385885,28.0,0,28.444658285326444,43.91159023305815,0,45.11928712856591,39.092342191470394,32,42.04271777929792,20.0,0,21.397468629704807,18.0,0,17.753602571293857,17.0,0,18.523973621158138
Bodi,15.896944444444443,53,49,normal,43.7691805850676,17,43.19921631093013,45.10647409133021,38,45.21350838868644,28.0,0,28.368897109563413,46.312237496988104,0,46.27955231860275,35.005235627037244,7,35.075607409664606,20.0,0,20.318086751502044,18.0,0,17.78428724058017,17.0,0,17.348453537836704
Ooty,12.945555555555556,56,44,rain,28.58909578998705,0,28.138063020702997,44.26338884162844,0,45.57280036377053,28.0,0,28.1974035141294,46.91917691378848,0,45.052722185114746,41.97774609884506,23,44.146688190648966,20.0,0,20.436511477226762,18.0,0,17.356079105113583,17.0,0,16.86102110992473
Tenkasi,11.0075,0,27,normal,35.11028017839375,17,34.07257660782281,44.652961826854906,45,43.334533005807856,28.0,0,27.536141992994484,46.84848003316055,0,46.018715318678375,38.219946675145756,3,37.69037039370167,20.0,0,19.37046342356461,18.0,0,17.618182813697334,17.0,0,16.82775057479603
Viluppuram,7.470277777777778,28,13,weekend,34.90452850109481,5,36.07577469201569,35.84218079539566,16,37.82858467055627,28.0,0,30.025702964158686,42.84054514959321,47,45.9970200522084,33.81871210393652,3,35.79783790027296,20.0,0,20.788750323943553,18.0,0,19.467246277508416,17.0,0,18.760023165295806
Cumbum,21.004722222222224,0,17,normal,40.76674865603148,18,43.47831856688248,49.15408934487722,37,53.12562703496258,28.0,0,30.27019118988095,41.388345997514556,0,44.90432938035286,47.691512153415324,4,52.4262185839935,20.0,0,21.6978349339149,18.0,0,19.634035975561876,17.0,0,17.85219385014922
Bodi,12.593333333333334,35,36,weekend,26.71685653185835,12,25.793672614791177,41.07058006834765,11,39.8069562040596,28.0,0,28.14369038163622,46.312237496988104,54,46.80610346182324,29.595738987812993,2,29.380892892346868,20.0,0,18.252339005035115,18.0,0,18.058683225003772,17.0,0,17.235514997871114
Madurai,3.6463888888888887,38,47,rain,41.34622390114707,0,35.82618946756914,38.9700071667711,0,35.76633962744011,28.0,0,24.76620269676712,49.76319964741091,0,43.699201065015146,41.92929403966443,21,38.157849813388964,20.0,0,18.0012659097992,18.0,0,16.18662692326017,17.0,0,16.14691431637434
Vellore,15.758611111111112,45,31,weekend,37.727278941779964,13,37.37502274145969,33.16350779832507,14,32.59411579082556,28.0,0,28.357535793727266,48.19899329625811,63,48.72503048811194,47.78174030494075,3,47.82203110044139,20.0,0,20.184378687083395,18.0,0,18.21246689919425,17.0,0,17.944756398490117
Tenkasi,8.466111111111111,27,58,rain,37.54459048558374,0,39.400149184430134,38.936052625740416,0,42.77594566429066,28.0,0,29.67556460625438,46.84848003316055,0,49.64352747258976,43.719207655035106,20,48.13067585311381,20.0,0,21.927743239605057,18.0,0,19.12327694182864,17.0,0,18.615304681626043
Perambalur,16.179444444444446,10,46,weekend,40.759418109477394,5,41.43012940789876,39.31380979747918,23,39.21282980194747,28.0,0,29.60081911980653,42.830884456520046,43,45.58483177052686,19.036711661493786,3,19.221160192694377,20.0,0,20.633951749763128,18.0,0,18.963171225722895,17.0,0,18.558640896618368
Theni,18.249444444444446,14,58,normal,27.774389228803496,7,30.260373966436884,42.97994616938519,36,47.85536259755795,28.0,0,31.041447943119888,44.20381477073529,0,48.08466860725689,31.262434629525817,6,34.17915674236519,20.0,0,21.837046276481743,18.0,0,19.50646898671876,17.0,0,17.88182311393084
Nagercoil,16.112222222222222,6,44,rain,38.0797699655937,0,39.052719338925094,42.3424347694493,0,44.58496439277466,28.0,0,28.170591303287274,43.54560165478784,0,43.38466527595412,35.29953219912303,24,37.581470093472696,20.0,0,21.72519253226859,18.0,0,18.825469946547994,17.0,0,18.03517290268163
Coimbatore,23.86916666666667,52,9,weekend,43.767768157330956,5,37.40362096927742,39.566282936927436,19,35.13264404870141,28.0,0,25.77477927056113,43.85765828683595,66,40.119972708687776,40.68923477348823,3,36.46409672089263,20.0,0,17.181950872670555,18.0,0,17.312783103039774,17.0,0,15.06549829149504
Ooty,9.191944444444445,11,31,normal,33.753341488930886,13,34.25714387007966,46.373995039336926,37,48.4048381048461,28.0,0,29.30099225511412,46.91917691378848,0,48.48246793851526,36.06306576188319,4,37.68874449104755,20.0,0,20.70230896790274,18.0,0,18.174051259999484,17.0,0,18.037220376754313
Kanyakumari,6.191666666666667,11,30,weekend,49.216612829768266,1,51.958291537875006,39.23145357341949,16,40.94964736783862,28.0,0,31.021386010823406,46.56479008021971,54,50.63514439073091,41.863832915295156,0,44.05646710486056,20.0,0,21.18766922119827,18.0,0,19.809257379842563,17.0,0,18.600414892537554
Madurai,18.540000000000003,32,24,weekend,33.72574005744715,6,36.031189793423316,35.07288372339271,19,37.94564772419587,28.0,0,30.63632899472657,49.76319964741091,57,55.5092949389061,34.3616909478299,0,36.96002650579515,20.0,0,21.970548431688854,18.0,0,19.364266414892942,17.0,0,18.976045697736787
Nagercoil,10.055000000000001,3,18,weekend,36.76187015471747,8,35.70537718311594,42.983592760115535,16,41.18446536391049,28.0,0,28.73566714679028,43.54560165478784,44,43.94071612279425,22.49218157320404,4,21.58660740911618,20.0,0,19.00648323662321,18.0,0,18.71798107598522,17.0,0,17.667875979972294
Vellore,18.878888888888888,52,44,weekend,37.727278941779964,13,40.42679713589352,33.16350779832507,14,35.87676544540998,28.0,0,31.32959488562421,48.19899329625811,63,53.62138010672547,47.78174030494075,3,51.270849349708655,20.0,0,21.57480338031623,18.0,0,20.43369109474441,17.0,0,18.711953699290223
Nagercoil,10.942777777777778,56,34,rain,38.0797699655937,0,36.112001255399335,42.3424347694493,0,43.383746848725,28.0,0,27.6130010483233,43.54560165478784,0,43.40591622660773,35.29953219912303,24,36.16092416157164,20.0,0,20.345366948147067,18.0,0,16.97271581346852,17.0,0,17.420244507775614
Dindigul,17.838055555555556,50,17,normal,38.50338188034666,17,38.321316888247196,44.630455786187014,44,44.16133632652757,28.0,0,27.52426417775236,39.642402141494664,0,39.31825778628809,26.31908254034386,12,26.566804896608442,20.0,0,20.927891819086515,18.0,0,18.244594615870135,17.0,0,17.270947824252474
Ramanadhapuram,21.102500000000003,6,9,rain,38.663502020988375,0,42.00451886803525,46.168240212269,0,53.3037812396093,28.0,0,31.263148141091655,47.605870671869134,0,52.657841502139036,42.24953654856638,22,47.749131712272515,20.0,0,22.73638927249818,18.0,0,18.91847603999334,17.0,0,20.14364909241013
Namakkal,14.247777777777777,14,52,weekend,32.076010226182866,4,32.92258037687114,43.244467826232395,17,43.712332332471306,28.0,0,29.816447768046437,43.77988940216618,40,46.2688216266242,49.65261377539575,3,50.67166950852423,20.0,0,19.675060404296847,18.0,0,18.916531215912,17.0,0,17.901401433579302
Krishnagiri,8.052222222222223,3,8,weekend,22.021440552288443,5,23.73837009860025,33.98704088769471,17,36.251561361129376,28.0,0,30.807980750747355,43.91159023305815,59,47.422723242446786,48.179345098962024,2,51.24228797153976,20.0,0,21.18937673136287,18.0,0,19.433739008734292,17.0,0,18.217346818404945
Chennai,7.299722222222222,17,59,weekend,38.07906527215725,6,40.47823123841022,41.16424113198611,15,43.20754471635943,28.0,0,31.20784338363146,46.755116111988286,55,51.890576063025065,25.222384006616462,2,27.29225232747224,20.0,0,21.36702110763005,18.0,0,20.390085750098937,17.0,0,17.831486713202025
Dindigul,8.422777777777776,25,22,normal,38.50338188034666,17,39.97109414558042,44.630455786187014,44,46.68006787154188,28.0,0,28.66257421378738,39.642402141494664,0,40.53527021834666,26.31908254034386,12,27.241587166264395,20.0,0,21.163926445303854,18.0,0,19.49746633431423,17.0,0,18.04902142599647
Viluppuram,10.773888888888889,46,26,normal,32.311841906357756,18,30.84815121636648,42.33646153154534,37,40.86042936757731,28.0,0,27.380330088178027,42.84054514959321,0,41.63629586677675,27.330810800132806,3,27.131536011126684,20.0,0,19.272333847265934,18.0,0,17.407002053954663,17.0,0,16.965677685028478
Perambalur,16.233888888888888,14,2,weekend,40.759418109477394,5,40.49200089298611,39.31380979747918,23,40.13155561574593,28.0,0,29.722349600241916,42.830884456520046,43,45.12377839424155,19.036711661493786,3,19.575265768231784,20.0,0,20.418125309455508,18.0,0,18.773388257433854,17.0,0,17.089340091259732
Krishnagiri,20.65888888888889,39,32,weekend,22.021440552288443,5,22.96291868064773,33.98704088769471,17,35.83014579609731,28.0,0,30.285569958166434,43.91159023305815,59,48.30499193004045,48.179345098962024,2,50.403200557987205,20.0,0,20.84141504855393,18.0,0,20.476530515857018,17.0,0,19.010381448862955
Viluppuram,7.599166666666666,35,57,normal,32.311841906357756,18,32.895884543948235,42.33646153154534,37,43.67461603434882,28.0,0,29.45405607223135,42.84054514959321,0,44.38005205275568,27.330810800132806,3,28.830663170475802,20.0,0,20.907299437519143,18.0,0,19.44333044908728,17.0,0,18.161205886142056
Chennai,4.996111111111111,59,46,rain,38.69169460353284,0,33.56864754893173,40.29866117288363,0,37.21493154810505,28.0,0,24.53487101490338,46.755116111988286,0,40.58012120318161,41.59902003798844,29,38.10204697175824,20.0,0,18.965570818308954,18.0,0,15.67543812030914,17.0,0,15.24139584313004
Namakkal,11.310833333333335,18,39,normal,46.000408795715074,17,45.18397381978202,47.500537005433976,36,46.330174271305445,28.0,0,26.810323472941768,43.77988940216618,0,42.86890125302339,29.12477557085127,4,28.057528393809125,20.0,0,19.4363567511036,18.0,0,18.079947444948957,17.0,0,16.590202134619187
Theni,0.10666666666666667,6,24,rain,38.19004885214979,0,33.86532984860018,44.333205526315936,0,40.637615789075554,28.0,0,23.958274690415216,44.20381477073529,0,38.02782134240119,45.05616956083969,11,41.704768497544364,20.0,0,18.632509516244838,18.0,0,15.323962556817605,17.0,0,16.19434744751963
Viluppuram,4.478888888888889,28,44,normal,32.311841906357756,18,27.77886736394382,42.33646153154534,37,36.90105200743365,28.0,0,24.50256883012285,42.84054514959321,0,37.598892926552594,27.330810800132806,3,24.028001254824797,20.0,0,18.090204157866058,18.0,0,16.425142669069608,17.0,0,15.884159734246499
Nagercoil,13.246388888888887,14,47,weekend,36.76187015471747,8,35.82893007125756,42.983592760115535,16,42.820309600163256,28.0,0,28.89742204642103,43.54560165478784,44,44.58928811021254,22.49218157320404,4,22.67392733151093,20.0,0,18.828604325021097,18.0,0,18.707170536248185,17.0,0,18.2492897871513
Kanyakumari,12.473333333333333,28,24,normal,40.91867763801298,14,39.62595863810169,41.22047902430772,46,40.00365988190543,28.0,0,26.8577901856975,46.56479008021971,0,45.704367254427986,40.049794546320875,8,39.6779702581121,20.0,0,19.13678439030242,18.0,0,17.718419882450565,17.0,0,16.148250599334585
Bodi,9.289722222222222,17,23,rain,35.24301855846298,0,37.062564841788294,43.08852707983893,0,47.5020013117744,28.0,0,29.57314756747488,46.312237496988104,0,48.37466977272806,45.086517299376204,27,49.303901096307364,20.0,0,21.91942000641997,18.0,0,18.05952224871418,17.0,0,18.010798608538277
Dindigul,17.58361111111111,35,1,weekend,40.589860157463335,10,40.21493582095041,40.43167877293759,10,40.13714810370767,28.0,0,29.626188321217057,39.642402141494664,38,41.576616412415234,46.122076154386654,1,46.6048055952393,20.0,0,20.036436794017906,18.0,0,19.08710964028064,17.0,0,16.90399115615822
Cumbum,15.709722222222222,42,35,normal,40.76674865603148,18,40.45329185051548,49.15408934487722,37,48.842400132277206,28.0,0,27.646685760628657,41.388345997514556,0,39.403003685362705,47.691512153415324,4,46.887268459266764,20.0,0,20.752707676713438,18.0,0,17.49022660682721,17.0,0,15.857961462521377
Pudukottai,20.53888888888889,32,20,normal,40.17823385325815,17,43.08472557102773,42.63016247598119,46,46.057287769263546,28.0,0,30.37743536720648,47.052339145013335,0,50.887870898958184,26.472202597790183,3,28.57521455601745,20.0,0,21.577654159043746,18.0,0,19.386533651829815,17.0,0,18.007664675319962
Salem,13.943055555555556,56,35,weekend,29.93637876614546,8,29.155788355772117,35.6293468389831,15,33.982321903932075,28.0,0,28.378567775810193,42.795009738268384,52,42.51956991992073,32.0154388677313,4,30.93352344267953,20.0,0,18.704626629403194,18.0,0,18.097240287763594,17.0,0,17.89059792047899
Madurai,15.294166666666667,17,39,weekend,33.72574005744715,6,34.24080449465661,35.07288372339271,19,35.57918252687167,28.0,0,28.93840384277401,49.76319964741091,57,52.457639356934656,34.3616909478299,0,34.50326038998503,20.0,0,19.489926290484032,18.0,0,19.041284643973853,17.0,0,17.887607159742167
Viluppuram,16.014444444444443,0,52,normal,32.311841906357756,18,32.39534116114154,42.33646153154534,37,43.214164442006904,28.0,0,28.56689394243565,42.84054514959321,0,43.14303189363143,27.330810800132806,3,27.097122309926863,20.0,0,19.709485281408984,18.0,0,18.960481071362942,17.0,0,16.61380287561612
Viluppuram,22.12611111111111,7,34,weekend,34.90452850109481,5,31.287548010367168,35.84218079539566,16,31.855910411598213,28.0,0,25.071820398748038,42.84054514959321,47,38.96991391334237,33.81871210393652,3,29.782258732441754,20.0,0,17.082393593946893,18.0,0,15.591064657137599,17.0,0,15.505010874553264
Madurai,12.173888888888888,10,26,weekend,33.72574005744715,6,32.4612427189408,35.07288372339271,19,34.20008143596821,28.0,0,28.443677836521235,49.76319964741091,57,50.695996264506476,34.3616909478299,0,33.81365064617304,20.0,0,20.302871254287115,18.0,0,18.768492763678136,17.0,0,16.936274829928706
Namakkal,20.654999999999998,39,18,normal,46.000408795715074,17,49.537221286128606,47.500537005433976,36,50.615610175872,28.0,0,30.097039894326056,43.77988940216618,0,46.60490508313115,29.12477557085127,4,31.164923963899803,20.0,0,20.901915560982726,18.0,0,19.358375597179574,17.0,0,18.197583093464228
Coimbatore,23.756944444444443,45,25,rain,41.177517902712644,0,35.51872247513208,39.925990881755276,0,36.50079544922004,28.0,0,23.986226826095265,43.85765828683595,0,38.020763085145795,48.59837205358705,26,44.397208686115775,20.0,0,19.11116834482928,18.0,0,15.763780183822416,17.0,0,15.372001941719693
Ooty,9.008611111111112,0,31,weekend,23.42485009104321,7,24.175941282388795,42.15278264391995,13,43.67683542867018,28.0,0,29.916848315248973,46.91917691378848,45,50.596917727820546,49.23476274080344,2,50.908199711847274,20.0,0,21.024045018452487,18.0,0,19.651027684220306,17.0,0,18.35270014144609
Theni,6.7138888888888895,42,50,normal,27.774389228803496,7,29.481885858211527,42.97994616938519,36,44.66240210329976,28.0,0,29.436378803782468,44.20381477073529,0,45.127255156084495,31.262434629525817,6,32.56625994809807,20.0,0,21.419962552245874,18.0,0,18.198108009130024,17.0,0,17.998738950580666
Cumbum,6.182222222222222,10,56,weekend,29.471411633262974,8,30.86337773398304,47.57729861243491,11,49.367871626041456,28.0,0,30.443287192640568,41.388345997514556,43,44.90901158872465,40.83514733104723,2,42.419987296648166,20.0,0,21.870193090659143,18.0,0,19.86783085839999,17.0,0,18.81895531849311
Dharmapuri,1.8719444444444444,52,19,weekend,48.232025320958336,7,42.580737358754966,39.34489323207067,15,34.18261700928396,28.0,0,25.821127861368318,47.03003548747523,42,42.30721323961942,23.21228698834546,2,19.759294908261946,20.0,0,17.66436611383283,18.0,0,15.52085903191685,17.0,0,15.297194736214312
Viluppuram,10.590555555555556,35,26,weekend,34.90452850109481,5,33.548434384152195,35.84218079539566,16,34.54747267029516,28.0,0,28.37684361410871,42.84054514959321,47,42.513015653398575,33.81871210393652,3,32.89536686130434,20.0,0,19.05503406227871,18.0,0,18.538780215504882,17.0,0,17.39127062659919
Pudukottai,11.011388888888888,0,41,weekend,37.86154046215629,6,37.43088724688872,38.300311465939544,20,37.07957133013782,28.0,0,28.194731085482562,47.052339145013335,50,48.04329136708027,28.41956323712548,3,27.99903166486145,20.0,0,18.456787086490458,18.0,0,19.20776189714698,17.0,0,17.52196537696122
Karur,16.299444444444447,17,58,rain,31.99517790958504,0,32.207232269416735,37.73247184428588,0,40.571110799924206,28.0,0,27.989824351948485,44.75094055807841,0,45.61439863661494,43.03240121394373,28,46.229842461807124,20.0,0,21.29015267485298,18.0,0,18.737268487147684,17.0,0,17.993444082091738
Pudukottai,11.828055555555554,49,41,rain,39.01988715770722,0,37.911320370639615,40.46523697096036,0,41.57275753453489,28.0,0,26.88330291191255,47.052339145013335,0,45.22074446663273,38.27290797059502,23,39.92941130659872,20.0,0,19.86031815116534,18.0,0,17.999352166341627,17.0,0,17.885120341850662
Nagercoil,10.380555555555556,22,50,normal,39.39766977646993,14,39.4423190160673,41.701276778783054,39,41.09141306844664,28.0,0,27.495281219253457,43.54560165478784,0,42.815920739916145,30.462175083948065,3,29.237768418665826,20.0,0,20.384084871927058,18.0,0,17.535669421843743,17.0,0,16.473511900818465
Trichy,14.940555555555555,56,26,normal,32.479306100110314,13,32.004043432654676,42.755118180850474,24,42.05164742543665,28.0,0,27.545579133738887,43.72134429055531,0,42.74130998082791,40.05433803692343,0,39.86023522575303,20.0,0,19.90266908590636,18.0,0,18.157321265642167,17.0,0,16.663412387063104
Nagercoil,13.175277777777778,10,31,weekend,36.76187015471747,8,36.93721040009295,42.983592760115535,16,41.926620979050334,28.0,0,28.711449240406964,43.54560165478784,44,43.91870816223136,22.49218157320404,4,21.949794022312755,20.0,0,19.418291946548127,18.0,0,18.603061388796018,17.0,0,17.829826559259985
Salem,1.7330555555555556,43,59,normal,30.991852204279624,15,27.12341130503355,46.51115891623186,37,41.192069528149666,28.0,0,23.31915693583476,42.795009738268384,0,37.599260860945684,39.490013090154434,3,35.50391678738328,20.0,0,18.548680500515886,18.0,0,16.108038844391622,17.0,0,15.660261588829469
Vellore,9.589166666666667,35,21,weekend,37.727278941779964,13,38.70762497489003,33.16350779832507,14,34.466524797467585,28.0,0,30.56014693639397,48.19899329625811,63,51.86765274659117,47.78174030494075,3,50.077610361235074,20.0,0,20.305529171096595,18.0,0,18.476049875442442,17.0,0,18.552324432119317
Virudhunagar,23.310833333333335,18,39,normal,40.22809075568417,9,35.600537408362364,44.41962434322648,37,39.29660063012617,28.0,0,24.916096665485664,40.43468399020969,0,35.36102281007725,29.218368644243697,9,25.22386005767771,20.0,0,17.08435655672222,18.0,0,16.533173143300985,17.0,0,14.606807988474996
Karur,10.987777777777778,59,16,rain,31.99517790958504,0,31.26050012968446,37.73247184428588,0,38.988445663680714,28.0,0,27.871809259068232,44.75094055807841,0,44.055777469590694,43.03240121394373,28,44.681521579958236,20.0,0,20.415262663778726,18.0,0,17.128601302686995,17.0,0,17.233860515645436
Bodi,18.579444444444444,34,46,rain,35.24301855846298,0,38.642011704212486,43.08852707983893,0,48.76616510936449,28.0,0,30.082504096534446,46.312237496988104,0,49.97364165830656,45.086517299376204,27,51.53979027305898,20.0,0,22.70064063307666,18.0,0,19.18815575252161,17.0,0,19.709460650870433
Dharmapuri,16.711111111111112,42,40,normal,30.821988115774875,13,30.791056699473845,38.085268435163854,35,38.04907966257116,28.0,0,27.580694432621467,47.03003548747523,0,47.086918569015566,43.79800442850418,5,44.29964066132801,20.0,0,20.057392436337494,18.0,0,17.405472100391304,17.0,0,17.496724923299126
Trichy,23.989166666666666,59,21,rain,31.886725557283217,0,27.951304415140367,41.163907526226495,0,37.95257360685452,28.0,0,24.60849509798803,43.72134429055531,0,38.266530258827984,40.05433803692343,23,36.744636831210734,20.0,0,18.25086235553956,18.0,0,15.590034266578817,17.0,0,16.565578847915322
Dharmapuri,16.836666666666666,50,12,normal,30.821988115774875,13,30.690779274304738,38.085268435163854,35,38.59503834981445,28.0,0,27.028402972540494,47.03003548747523,0,46.79002775936648,43.79800442850418,5,43.670777012603814,20.0,0,19.895371703861287,18.0,0,17.470036860372087,17.0,0,16.807724623819013
Dindigul,2.0566666666666666,3,24,normal,38.50338188034666,17,33.58046595069125,44.630455786187014,44,39.18794412500313,28.0,0,23.884577263285653,39.642402141494664,0,35.1401409378366,26.31908254034386,12,23.992981282448657,20.0,0,17.893242214163905,18.0,0,16.469631342159886,17.0,0,14.5526412156636
Kanyakumari,9.169722222222221,10,11,weekend,49.216612829768266,1,52.57574575627351,39.23145357341949,16,40.91371650215234,28.0,0,30.473395555806942,46.56479008021971,54,50.9438011566308,41.863832915295156,0,44.82416394566309,20.0,0,20.809542591365453,18.0,0,19.47073045597673,17.0,0,19.2886254195199
Cumbum,6.124444444444444,7,28,rain,35.11908014464723,0,35.93669656260524,48.36569397865607,0,52.7714001736423,28.0,0,28.773916058578322,41.388345997514556,0,43.12769734295898,32.75549403283424,21,35.62212704250917,20.0,0,22.521931144132505,18.0,0,18.96262298643753,17.0,0,17.988226971060072
Ooty,9.883055555555556,52,59,weekend,23.42485009104321,7,24.05230619660939,42.15278264391995,13,44.24580759465264,28.0,0,31.03817460850573,46.91917691378848,45,50.28829608431419,49.23476274080344,2,51.55122670139898,20.0,0,21.151187416552204,18.0,0,19.05362258602708,17.0,0,18.481092668768515
Tenkasi,2.3511111111111114,21,4,rain,37.54459048558374,0,33.760276947303346,38.936052625740416,0,36.64374055980138,28.0,0,24.852467396140845,46.84848003316055,0,41.30511469120925,43.719207655035106,20,40.74854281709395,20.0,0,18.137012972536972,18.0,0,15.675349580736098,17.0,0,15.961893875740804
Tirunelveli,10.523333333333333,31,24,rain,39.232489486645534,0,38.720639950848245,41.38586655928871,0,42.457414044564324,28.0,0,26.647046577157244,42.33256633042416,0,40.98833956654185,40.88264477008581,27,41.89498757217824,20.0,0,20.964551063259815,18.0,0,18.120055223003277,17.0,0,18.188499191990246
Pudukottai,23.363611111111112,21,49,rain,39.01988715770722,0,34.90545198425609,40.46523697096036,0,37.603260747967866,28.0,0,25.44671201896982,47.052339145013335,0,43.65452698052284,38.27290797059502,23,36.04834765464522,20.0,0,18.719822651183282,18.0,0,15.423078941156847,17.0,0,15.586857981926407
Virudhunagar,23.198611111111113,11,55,weekend,48.47349620631729,2,43.94322494821285,33.93939787277466,11,30.482375299384582,28.0,0,26.004376762631775,40.43468399020969,49,38.05451773343655,39.087567533570414,2,35.90089069421718,20.0,0,18.26485358073434,18.0,0,16.803267906975385,17.0,0,15.976754166757104
Chennai,16.460555555555555,27,38,rain,38.69169460353284,0,38.70000537905942,40.29866117288363,0,42.692822746858916,28.0,0,28.782680973467723,46.755116111988286,0,46.94363953781667,41.59902003798844,29,43.47077045444132,20.0,0,20.578413799066023,18.0,0,17.988286720205405,17.0,0,17.698605075213965
Pudukottai,14.002777777777778,0,10,rain,39.01988715770722,0,39.28480977286598,40.46523697096036,0,42.54390969932142,28.0,0,28.27554871568654,47.052339145013335,0,46.7051210356005,38.27290797059502,23,40.592441089467705,20.0,0,21.683499014822793,18.0,0,18.78797049475858,17.0,0,18.222385824349416
Pudukottai,8.003333333333334,0,12,normal,40.17823385325815,17,42.31713150071298,42.63016247598119,46,45.13621306828111,28.0,0,28.971652508454728,47.052339145013335,0,49.12072707631488,26.472202597790183,3,27.038322492947913,20.0,0,20.43559891118258,18.0,0,18.810583143268214,17.0,0,17.726913577174223
Ramanadhapuram,3.4141666666666666,24,51,rain,38.663502020988375,0,34.70026044776255,46.168240212269,0,43.73189864790187,28.0,0,24.62173847099201,47.605870671869134,0,42.53711480660336,42.24953654856638,22,39.60100439978189,20.0,0,18.65782343948315,18.0,0,15.302328569451161,17.0,0,15.270333702719972
Trichy,8.658888888888889,39,32,weekend,31.29414501445612,6,31.27350829360742,39.572696871602524,8,40.71451912060962,28.0,0,29.168804341176383,43.72134429055531,38,45.89977030041866,40.05433803692343,0,41.16379927258836,20.0,0,20.009303866622346,18.0,0,19.19475713537026,17.0,0,18.193700616972176
Madurai,9.379166666666666,22,45,normal,48.966707744846985,17,51.24787558226383,42.86713061014949,38,45.001292721033614,28.0,0,29.725464076257662,49.76319964741091,0,51.98371228972576,26.79408785599537,2,27.369218391673446,20.0,0,21.234113025453105,18.0,0,19.365274895656423,17.0,0,17.77422184735908
Vellore,6.468888888888889,28,8,weekend,37.727278941779964,13,39.902270441109394,33.16350779832507,14,35.19894954005375,28.0,0,30.851524705958848,48.19899329625811,63,52.34594304353962,47.78174030494075,3,49.90418213655299,20.0,0,20.63529017787809,18.0,0,19.663081566484436,17.0,0,18.261849002548267
Perambalur,1.7780555555555555,46,41,normal,39.13605020386118,20,33.64491456362507,41.89461863201859,28,37.128031373768295,28.0,0,24.36949364616196,42.830884456520046,0,37.43264666558959,31.96351280649583,5,27.937570813017185,20.0,0,17.8526884462159,18.0,0,16.354652659023905,17.0,0,14.715995258267052
Coimbatore,5.051944444444445,3,7,rain,41.177517902712644,0,37.76441743362128,39.925990881755276,0,39.290272673469495,28.0,0,26.282739585664505,43.85765828683595,0,40.39470681313471,48.59837205358705,26,47.55286481093729,20.0,0,19.72089812660696,18.0,0,16.43794157927571,17.0,0,16.040950795439098
Ramanadhapuram,0.2227777777777778,13,22,rain,38.663502020988375,0,34.674536196374696,46.168240212269,0,43.061547194321456,28.0,0,24.855866362181573,47.605870671869134,0,42.754390022203374,42.24953654856638,22,39.80725847783586,20.0,0,19.10696286945611,18.0,0,16.13622829915418,17.0,0,15.640813607785354
Trichy,23.498055555555556,29,53,normal,32.479306100110314,13,27.809041539092348,42.755118180850474,24,37.675311331726036,28.0,0,24.885355382564327,43.72134429055531,0,38.730381692845256,40.05433803692343,0,35.257009893193604,20.0,0,17.65846645208353,18.0,0,15.574430622799122,17.0,0,15.04727929675628
Virudhunagar,14.824444444444444,49,28,normal,40.22809075568417,9,38.637939239690326,44.41962434322648,37,43.752192660243686,28.0,0,27.808284286642827,40.43468399020969,0,39.79600788553295,29.218368644243697,9,29.38595937174758,20.0,0,19.776386416162623,18.0,0,17.418609102090084,17.0,0,16.501536783936448
Nagercoil,1.8230555555555557,49,23,normal,39.39766977646993,14,34.23525009942568,41.701276778783054,39,36.44736419001108,28.0,0,25.098445622699113,43.54560165478784,0,38.67754609233601,30.462175083948065,3,26.67993549201306,20.0,0,17.295501356694707,18.0,0,15.211320088622207,17.0,0,15.196872165264661
Krishnagiri,20.475555555555555,28,32,rain,28.037994978054734,0,30.849693072871098,36.90394139758206,0,41.41386645294881,28.0,0,30.521443961583188,43.91159023305815,0,47.235668651503524,39.092342191470394,32,44.1431348308268,20.0,0,22.217850172376046,18.0,0,19.339637494523796,17.0,0,18.860412349900177
Madurai,6.187777777777778,11,16,normal,48.966707744846985,17,51.14016683338161,42.86713061014949,38,45.51384189600037,28.0,0,29.548636307520162,49.76319964741091,0,50.218664949891995,26.79408785599537,2,28.406092725853973,20.0,0,21.840027107161294,18.0,0,17.9810094028666,17.0,0,18.514049614182074
Salem,4.782222222222222,46,56,normal,30.991852204279624,15,26.952444572948256,46.51115891623186,37,41.17544071858681,28.0,0,24.500956484261092,42.795009738268384,0,38.26292538074766,39.490013090154434,3,34.70126432264641,20.0,0,18.32888681533597,18.0,0,16.035340403484383,17.0,0,14.877796377276033
Trichy,2.235,14,6,rain,31.886725557283217,0,28.520771937565037,41.163907526226495,0,38.30084011727156,28.0,0,24.63223041086433,43.72134429055531,0,39.71554362925529,40.05433803692343,23,38.380964180806046,20.0,0,19.208651848641868,18.0,0,16.668874812928884,17.0,0,16.48870299484851
Tenkasi,5.583611111111111,35,1,weekend,39.97890079277373,6,36.11684751645194,33.21914342462593,16,30.6445235225715,28.0,0,27.62208687241423,46.84848003316055,60,44.9257768245228,27.704370543179156,1,25.2578198027115,20.0,0,17.62611444416079,18.0,0,17.859680059206884,17.0,0,16.249307966725134
Kanyakumari,3.183611111111111,11,1,normal,40.91867763801298,14,35.93856445341642,41.22047902430772,46,37.81385396481588,28.0,0,24.72704768229799,46.56479008021971,0,41.74257862756781,40.049794546320875,8,36.0670559525252,20.0,0,18.164901690351364,18.0,0,15.39504703498118,17.0,0,15.082773336202548
Karur,4.1850000000000005,11,6,normal,35.06662939339528,11,32.095230214836526,42.8568280809084,38,38.83357163949333,28.0,0,24.680537874439477,44.75094055807841,0,40.16416207411419,46.32712388343816,6,41.455964328576954,20.0,0,17.614515514195645,18.0,0,16.403470889128528,17.0,0,15.345134584518622
Ramanadhapuram,6.884444444444444,53,4,normal,45.10496819414156,16,47.11850588832818,46.28714749547341,32,48.747770223197605,28.0,0,29.125317384323804,47.605870671869134,0,49.08207611295116,37.96343974512072,5,39.62096481085293,20.0,0,21.268439025690437,18.0,0,18.23709747265181,17.0,0,17.577828195329836
Ramanadhapuram,12.941666666666666,56,30,weekend,32.22203584783519,4,30.65271501366055,46.049332929064576,13,45.063302557597886,28.0,0,28.4800668468702,47.605870671869134,51,47.28056435815109,40.10648814684355,0,38.36856623610751,20.0,0,20.06428470016125,18.0,0,18.08031114663278,17.0,0,16.57405967757578
Namakkal,14.064444444444446,3,52,rain,39.038209510948974,0,38.80765057043817,45.37250241583318,0,47.688445303387546,28.0,0,28.99043599077415,43.77988940216618,0,44.12430283469406,36.16769493281081,25,37.795330612861235,20.0,0,21.007817181395176,18.0,0,17.40927004949642,17.0,0,17.520673013566437
Karur,7.938611111111111,56,19,rain,31.99517790958504,0,33.306424120498455,37.73247184428588,0,41.30409255934073,28.0,0,29.1271080647152,44.75094055807841,0,46.13971365789713,43.03240121394373,28,47.407122374653845,20.0,0,21.99198986740875,18.0,0,18.24820432808014,17.0,0,19.276059268178525
Krishnagiri,11.426944444444445,25,37,normal,34.05454940382103,17,33.25789757813173,39.82084190746941,37,39.20581899903156,28.0,0,26.50064010601526,43.91159023305815,0,43.45659513089419,32.33806041486693,7,31.403096159318313,20.0,0,20.159152682016153,18.0,0,17.433978063397557,17.0,0,16.6466642058812
Viluppuram,7.4158333333333335,24,57,weekend,34.90452850109481,5,36.74033401207896,35.84218079539566,16,37.38009772280415,28.0,0,30.67379002684587,42.84054514959321,47,46.90460741518825,33.81871210393652,3,35.21099147606588,20.0,0,21.297237345390403,18.0,0,19.351112886740808,17.0,0,19.630406042235414
Vellore,18.004444444444445,0,16,weekend,37.727278941779964,13,39.85233250933898,33.16350779832507,14,36.202845765003,28.0,0,31.50130074260283,48.19899329625811,63,54.31587988964637,47.78174030494075,3,51.372822424461766,20.0,0,20.963470351936454,18.0,0,19.67131586591829,17.0,0,18.959939545521816
Ramanadhapuram,9.93361111111111,56,1,normal,45.10496819414156,16,47.11268620927828,46.28714749547341,32,48.037880040443305,28.0,0,29.035422376924256,47.605870671869134,0,50.41452262349585,37.96343974512072,5,39.741575972725315,20.0,0,20.91868352901278,18.0,0,18.33097108550747,17.0,0,18.228943961500235
Nagercoil,4.943333333333333,56,36,normal,39.39766977646993,14,33.74402804743418,41.701276778783054,39,36.25679754649122,28.0,0,24.466871893283866,43.54560165478784,0,37.75266307165734,30.462175083948065,3,26.959688077453368,20.0,0,18.77179392988739,18.0,0,15.644277310571857,17.0,0,14.630897661872819
Chennai,13.523611111111112,31,25,weekend,38.07906527215725,6,36.980250729361835,41.16424113198611,15,40.123460859589244,28.0,0,28.362346872868244,46.755116111988286,55,47.55739695407592,25.222384006616462,2,25.08818352819948,20.0,0,20.21910158921821,18.0,0,18.370525772576844,17.0,0,17.483648571338314
Nagercoil,22.33611111111111,20,10,rain,38.0797699655937,0,33.79268205028009,42.3424347694493,0,40.54784780542974,28.0,0,26.147694871451833,43.54560165478784,0,38.225982359763066,35.29953219912303,24,32.43117291638589,20.0,0,18.26524284658955,18.0,0,15.97863017246398,17.0,0,16.294668606204503
Ramanadhapuram,18.124444444444446,7,28,rain,38.663502020988375,0,41.583907254467505,46.168240212269,0,52.27480266036028,28.0,0,30.218628671847014,47.605870671869134,0,52.11599473573403,42.24953654856638,22,47.96202724513636,20.0,0,22.14170872948463,18.0,0,18.91707911850195,17.0,0,19.35575102947048
Namakkal,5.8325,49,57,weekend,32.076010226182866,4,29.655925925117824,43.244467826232395,17,39.53810773523389,28.0,0,26.441986789911535,43.77988940216618,40,41.27301164830811,49.65261377539575,3,45.709673342466004,20.0,0,18.52814707680593,18.0,0,16.8086158430968,17.0,0,16.2522011661188
Chennai,22.86777777777778,52,4,weekend,38.07906527215725,6,33.6577511117811,41.16424113198611,15,35.81008154910321,28.0,0,25.254135835701597,46.755116111988286,55,43.32183413949735,25.222384006616462,2,22.155209828155357,20.0,0,18.74992373679878,18.0,0,16.439938622565222,17.0,0,15.711040916285892
Madurai,9.94138888888889,56,29,rain,41.34622390114707,0,42.7158272852541,38.9700071667711,0,41.73509413652211,28.0,0,28.784825574580506,49.76319964741091,0,51.877508196035876,41.92929403966443,21,46.5510280317733,20.0,0,22.50283849747519,18.0,0,18.885945083100815,17.0,0,17.813123047697207
Viluppuram,1.4297222222222223,25,47,normal,32.311841906357756,18,28.135718005087362,42.33646153154534,37,37.48139969220931,28.0,0,24.817533405748154,42.84054514959321,0,38.21230703551252,27.330810800132806,3,24.514947098848793,20.0,0,17.748702890546568,18.0,0,16.43176749079397,17.0,0,14.884839363473544
Krishnagiri,17.65083333333333,39,3,normal,34.05454940382103,17,33.52897514625667,39.82084190746941,37,39.63533851838913,28.0,0,27.976829778572828,43.91159023305815,0,43.705516786591694,32.33806041486693,7,32.579102748620436,20.0,0,20.53852934293896,18.0,0,17.517132818461597,17.0,0,16.628413110090115
Dindigul,8.056111111111111,3,22,rain,39.546621018905,0,40.95739170385235,42.5310672795623,0,45.26816374144115,28.0,0,28.135037682013557,39.642402141494664,0,40.731313746973534,39.436185183781845,30,43.26301254734192,20.0,0,21.870745286333516,18.0,0,18.785424002740804,17.0,0,19.424529726849833
Cumbum,15.835277777777778,50,7,normal,40.76674865603148,18,40.270130945108725,49.15408934487722,37,48.877985691945625,28.0,0,27.457074037821563,41.388345997514556,0,41.63431561967561,47.691512153415324,4,47.80022336040189,20.0,0,20.171665113584183,18.0,0,17.895101096091782,17.0,0,17.257091583185254
Madurai,6.821111111111111,49,16,rain,41.34622390114707,0,42.96251556531657,38.9700071667711,0,41.825597166061975,28.0,0,29.190754196055412,49.76319964741091,0,51.61877509412107,41.92929403966443,21,46.26818292232223,20.0,0,21.906421935945566,18.0,0,19.99591749403059,17.0,0,18.85741314859005
Ooty,9.06638888888889,3,59,normal,33.753341488930886,13,35.85452764339964,46.373995039336926,37,48.61035281754045,28.0,0,29.43734627245494,46.91917691378848,0,47.88143176749334,36.06306576188319,4,37.6694652617217,20.0,0,21.140997908654548,18.0,0,19.09927831106832,17.0,0,18.27351916684292
Namakkal,5.886944444444444,53,13,weekend,32.076010226182866,4,29.612558407816245,43.244467826232395,17,38.97392114341514,28.0,0,25.922983796567706,43.77988940216618,40,41.8805456366826,49.65261377539575,3,45.00859285334816,20.0,0,18.281617796075466,18.0,0,17.20144163523002,17.0,0,16.363966656660747
Ooty,18.240555555555556,14,26,rain,28.58909578998705,0,30.671706810327265,44.26338884162844,0,50.508367066738714,28.0,0,29.74268826013092,46.91917691378848,0,51.26201511088473,41.97774609884506,23,47.86466259603541,20.0,0,22.865432334913713,18.0,0,20.174203942312378,17.0,0,19.165997089569494
Bodi,18.762777777777778,45,46,weekend,26.71685653185835,12,28.67461633932308,41.07058006834765,11,44.32017828464229,28.0,0,31.15977275245109,46.312237496988104,54,52.128056239776754,29.595738987812993,2,32.36580356384088,20.0,0,21.990204564251133,18.0,0,20.27732951467007,17.0,0,19.962755590392508
Viluppuram,7.2325,13,57,rain,33.60818520372628,0,35.61863954861112,39.0893211634705,0,43.70211104165549,28.0,0,28.74610035401171,42.84054514959321,0,45.12493901453563,34.04026235129214,24,38.4905484279263,20.0,0,22.427846370476807,18.0,0,18.169271065052815,17.0,0,19.14880473369831
Perambalur,10.193333333333333,11,36,normal,39.13605020386118,20,37.63641044537673,41.89461863201859,28,42.01189526010875,28.0,0,27.31436073362089,42.830884456520046,0,41.41518339279811,31.96351280649583,5,31.86114092807988,20.0,0,19.355168897227546,18.0,0,18.205315539494,17.0,0,16.40056110570957
Ooty,0.41000000000000003,24,36,rain,28.58909578998705,0,25.033192448480367,44.26338884162844,0,40.861031353519884,28.0,0,24.009932449953485,46.91917691378848,0,41.05693017278049,41.97774609884506,23,38.645569666767166,20.0,0,18.32140756839476,18.0,0,15.924110934241373,17.0,0,15.425922399880914
Nagercoil,1.9652777777777777,57,55,normal,39.39766977646993,14,35.19676559644575,41.701276778783054,39,36.12066382312346,28.0,0,24.794628039601243,43.54560165478784,0,38.429904197746865,30.462175083948065,3,27.9028366340325,20.0,0,17.709589228519658,18.0,0,15.79588415041231,17.0,0,15.375997174178474
Salem,1.5908333333333335,35,27,normal,30.991852204279624,15,27.30707372634058,46.51115891623186,37,40.7829052522842,28.0,0,23.82366841971467,42.795009738268384,0,38.022202076419276,39.490013090154434,3,34.01876546081114,20.0,0,18.19396468456403,18.0,0,16.58085130636436,17.0,0,15.03095544082556
Virudhunagar,20.065,3,54,normal,40.22809075568417,9,43.280775543493625,44.41962434322648,37,48.49210905374364,28.0,0,30.66261819057754,40.43468399020969,0,43.627804033119745,29.218368644243697,9,32.411617562451156,20.0,0,22.638141837652586,18.0,0,19.312193850152067,17.0,0,19.175417534996622
Bodi,12.481111111111112,28,52,rain,35.24301855846298,0,34.51840935732932,43.08852707983893,0,44.24245867406058,28.0,0,27.88463641844299,46.312237496988104,0,46.17098685093467,45.086517299376204,27,46.6258577877631,20.0,0,20.327513844079878,18.0,0,17.376627103264386,17.0,0,17.89251337442718
Perambalur,22.586666666666666,35,12,normal,39.13605020386118,20,33.91242598082969,41.89461863201859,28,37.211208113368976,28.0,0,24.987484833412296,42.830884456520046,0,37.984127075517314,31.96351280649583,5,28.1358299819875,20.0,0,17.603849819231122,18.0,0,16.027112093834624,17.0,0,15.049492512570756
Trichy,8.842222222222222,50,32,normal,32.479306100110314,13,33.08110000142884,42.755118180850474,24,44.214540909327845,28.0,0,28.787032420369297,43.72134429055531,0,45.51412514667319,40.05433803692343,0,41.80185981294282,20.0,0,20.93962375247263,18.0,0,19.296158029564396,17.0,0,17.380307897765302
Cumbum,0.8705555555555556,52,14,weekend,29.471411633262974,8,25.632398923623896,47.57729861243491,11,41.56043308796343,28.0,0,26.081513708804813,41.388345997514556,43,37.14942189511333,40.83514733104723,2,35.687984432212296,20.0,0,17.750088227219944,18.0,0,16.537136994065374,17.0,0,15.675818180392174
Theni,12.008888888888889,0,32,normal,27.774389228803496,7,27.981795235913847,42.97994616938519,36,41.37349293455907,28.0,0,27.603157569832018,44.20381477073529,0,41.770467317693104,31.262434629525817,6,30.758254274697716,20.0,0,18.643400264709918,18.0,0,17.30023755138367,17.0,0,15.971363268041236
Vellore,3.4775,28,39,normal,46.98525613981706,17,42.058834605153066,44.916077602585744,39,39.509135439000495,28.0,0,24.852741659246618,48.19899329625811,0,42.95393941021724,35.09685323626527,7,31.22624276289758,20.0,0,17.245881184393486,18.0,0,16.086994255378496,17.0,0,15.778597579000884
Kanyakumari,15.298055555555555,17,53,rain,45.06764523389062,0,45.591510959415174,40.22596629886361,0,42.54850309277555,28.0,0,29.122418382094054,46.56479008021971,0,47.701948435464594,43.677871284269436,33,46.17446329481061,20.0,0,21.555763082395156,18.0,0,17.922905782422404,17.0,0,17.571860583497898
Perambalur,19.483055555555556,28,59,normal,39.13605020386118,20,42.872111921577144,41.89461863201859,28,46.12795293857441,28.0,0,31.185570926063665,42.830884456520046,0,46.28234984524088,31.96351280649583,5,35.47332062290786,20.0,0,21.11458939503241,18.0,0,19.93240539682683,17.0,0,18.28595492769599
Pudukottai,5.828611111111111,49,43,normal,40.17823385325815,17,36.52080316069223,42.63016247598119,46,37.22483624900085,28.0,0,25.518551351667604,47.052339145013335,0,42.84720069013465,26.472202597790183,3,24.81020805866709,20.0,0,18.98033294081248,18.0,0,16.303778860173768,17.0,0,15.845092380786681
Namakkal,2.641111111111111,38,28,weekend,32.076010226182866,4,27.722492303394358,43.244467826232395,17,37.34105887548789,28.0,0,25.139566876417042,43.77988940216618,40,39.96354905211054,49.65261377539575,3,42.76166862346572,20.0,0,18.147442086003146,18.0,0,15.65893727022278,17.0,0,16.0790902776471
Vellore,0.245,14,42,weekend,37.727278941779964,13,33.550804577141406,33.16350779832507,14,29.525682628244752,28.0,0,24.739466566410798,48.19899329625811,63,44.758754930773826,47.78174030494075,3,42.45484484850632,20.0,0,17.995901114018135,18.0,0,16.027506442729113,17.0,0,15.541900017375061
Dharmapuri,4.880000000000001,52,48,rain,39.52700671836661,0,34.13104354110679,38.715080833617264,0,35.61883742595419,28.0,0,24.393056109868724,47.03003548747523,0,40.72392930037117,40.070630429811445,20,36.74403627709039,20.0,0,18.684829234922315,18.0,0,16.199429278443894,17.0,0,15.561793317829437
Theni,12.08,4,48,normal,27.774389228803496,7,27.392275751061778,42.97994616938519,36,42.12007395537791,28.0,0,27.369661370903682,44.20381477073529,0,43.3231294407112,31.262434629525817,6,30.60562267998157,20.0,0,19.14720818536828,18.0,0,17.628159437114263,17.0,0,16.597134290510215
Dharmapuri,7.309166666666666,18,33,weekend,48.232025320958336,7,50.897385337499685,39.34489323207067,15,41.48587288083288,28.0,0,31.08313185773428,47.03003548747523,42,51.21989618415167,23.21228698834546,2,24.63867204487764,20.0,0,20.739791892662662,18.0,0,19.27114976951443,17.0,0,19.22419662097586
Coimbatore,17.5875,35,15,rain,41.177517902712644,0,40.85613596081919,39.925990881755276,0,42.258797184044006,28.0,0,28.730207068334682,43.85765828683595,0,44.52058806575413,48.59837205358705,26,50.22054925661495,20.0,0,20.47806009997928,18.0,0,18.578213454030234,17.0,0,17.284523527123064
Ramanadhapuram,3.7097222222222226,42,35,normal,45.10496819414156,16,38.762605965905536,46.28714749547341,32,39.73523883655049,28.0,0,24.534195040406768,47.605870671869134,0,40.99876026557897,37.96343974512072,5,33.1264799803816,20.0,0,17.909834109851342,18.0,0,15.362982398320877,17.0,0,13.856285215186837
Salem,7.885833333333333,53,9,normal,30.991852204279624,15,32.37286502262517,46.51115891623186,37,48.57604317723905,28.0,0,29.187339430147464,42.795009738268384,0,44.27182185081518,39.490013090154434,3,41.03234769429043,20.0,0,20.790240440498646,18.0,0,17.902901789659538,17.0,0,18.00250949994613
Karur,1.9391666666666667,56,21,normal,35.06662939339528,11,30.732765825488123,42.8568280809084,38,37.29642970134022,28.0,0,24.793938632057166,44.75094055807841,0,39.47324771540582,46.32712388343816,6,40.70160027318039,20.0,0,17.789900947490757,18.0,0,16.251174289184174,17.0,0,15.697313733566803
Bodi,6.607222222222222,36,26,normal,43.7691805850676,17,44.92352244967627,45.10647409133021,38,46.467928780548064,28.0,0,29.1593982775568,46.312237496988104,0,47.44198607848174,35.005235627037244,7,36.22760922112207,20.0,0,20.444772874794477,18.0,0,18.4550663227431,17.0,0,17.85302385039377
Theni,12.754444444444445,45,16,weekend,48.60570847549609,10,47.19513919226052,45.686464883246686,15,43.63814810023588,28.0,0,27.64405574176217,44.20381477073529,45,44.03516699242962,27.297359059343346,1,26.63048630289704,20.0,0,19.503641857379066,18.0,0,18.26446912085129,17.0,0,17.440825429689124
Nagercoil,4.702222222222223,42,8,rain,38.0797699655937,0,33.07168755748151,42.3424347694493,0,38.64747141107892,28.0,0,25.355119091203754,43.54560165478784,0,38.31798899206516,35.29953219912303,24,33.01820819667885,20.0,0,18.959039467543967,18.0,0,16.09930830166444,17.0,0,15.435173008662984
Namakkal,14.176666666666666,10,36,weekend,32.076010226182866,4,31.873221831116183,43.244467826232395,17,43.288097649733636,28.0,0,29.04133772753849,43.77988940216618,40,46.067760781332765,49.65261377539575,3,49.7888554315712,20.0,0,19.665374039918845,18.0,0,18.712980897402254,17.0,0,17.978202447730087
Ramanadhapuram,0.4772222222222222,28,38,weekend,32.22203584783519,4,28.554469402908662,46.049332929064576,13,40.72052795892288,28.0,0,25.97809445791017,47.605870671869134,51,43.624624194939706,40.10648814684355,0,34.69927314495315,20.0,0,17.876438427368573,18.0,0,16.44095360594553,17.0,0,15.310922403655654
Salem,10.639444444444443,38,22,rain,30.46411548521254,0,28.675973934809427,41.07025287760748,0,41.8493597498576,28.0,0,26.87958440393036,42.795009738268384,0,41.09281485103638,42.90399215480497,33,43.71385588297269,20.0,0,20.133051061210747,18.0,0,17.829799566081782,17.0,0,16.422113335216796
Kanyakumari,0.8255555555555555,49,32,weekend,49.216612829768266,1,42.46323946662075,39.23145357341949,16,34.34924844731529,28.0,0,25.378850422533326,46.56479008021971,54,42.24459859880959,41.863832915295156,0,36.62300896544148,20.0,0,18.03662168952435,18.0,0,16.643422371183725,17.0,0,15.526554088291144
Perambalur,22.474444444444444,28,28,weekend,40.759418109477394,5,35.842403364568696,39.31380979747918,23,34.437661387921665,28.0,0,26.081324628464166,42.830884456520046,43,38.8065863507972,19.036711661493786,3,16.579877555225337,20.0,0,18.00955182420865,18.0,0,16.36955264732537,17.0,0,15.00026879599575
Madurai,0.5972222222222222,35,50,rain,41.34622390114707,0,36.76621353159049,38.9700071667711,0,36.10995272515534,28.0,0,24.61236657110607,49.76319964741091,0,43.579486438543874,41.92929403966443,21,38.82981618684803,20.0,0,18.30247624099295,18.0,0,16.1986266450293,17.0,0,14.96244288995151
Dindigul,2.9444444444444446,56,40,weekend,40.589860157463335,10,35.505887207299125,40.43167877293759,10,34.79758798590871,28.0,0,25.392695601420296,39.642402141494664,38,36.50110872006131,46.122076154386654,1,40.11828592712063,20.0,0,17.557686807559126,18.0,0,16.818516575057014,17.0,0,15.26041215560161
Karur,4.818333333333333,49,6,rain,31.99517790958504,0,27.835371765420067,37.73247184428588,0,35.227148979540296,28.0,0,25.55785723527318,44.75094055807841,0,39.238202817189034,43.03240121394373,28,39.641430045529674,20.0,0,18.050827386193536,18.0,0,16.019860662252455,17.0,0,14.845974727351056
Dharmapuri,4.1177777777777775,7,4,weekend,48.232025320958336,7,43.1239245544789,39.34489323207067,15,35.242190610928645,28.0,0,26.536139981833507,47.03003548747523,42,44.32447051304932,23.21228698834546,2,21.186314643246664,20.0,0,17.39119097901747,18.0,0,16.76533557836626,17.0,0,15.946138748549599
Bodi,9.21861111111111,13,7,rain,35.24301855846298,0,36.422678211353414,43.08852707983893,0,47.74455530691329,28.0,0,29.511746746361997,46.312237496988104,0,49.6482784571286,45.086517299376204,27,49.99636368865793,20.0,0,22.594194450633058,18.0,0,18.762712698376824,17.0,0,18.29594272518412
Madurai,21.589166666666664,35,21,weekend,33.72574005744715,6,36.32701866552929,35.07288372339271,19,37.382488694650874,28.0,0,31.30312650688158,49.76319964741091,57,54.94088273557957,34.3616909478299,0,36.39811655500199,20.0,0,21.702138101604614,18.0,0,20.44457739944576,17.0,0,18.4883789858384
Bodi,9.473055555555556,28,23,weekend,26.71685653185835,12,27.93521506490486,41.07058006834765,11,41.82629629314833,28.0,0,30.629796246442115,46.312237496988104,54,50.17613594504597,29.595738987812993,2,30.206341655861102,20.0,0,20.538122167513546,18.0,0,19.540961339651034,17.0,0,18.366882623745877
Ooty,6.817222222222222,49,2,weekend,23.42485009104321,7,23.577246716814297,42.15278264391995,13,43.74466570569244,28.0,0,30.145956157634966,46.91917691378848,45,50.18540441695247,49.23476274080344,2,51.83732024758734,20.0,0,20.908753632618982,18.0,0,19.663758393264793,17.0,0,18.243841258827853
Namakkal,20.471666666666664,28,18,weekend,32.076010226182866,4,34.686441116421456,43.244467826232395,17,46.69977824220766,28.0,0,31.95343791699617,43.77988940216618,40,48.91889730249633,49.65261377539575,3,53.57355484130176,20.0,0,21.114610902956862,18.0,0,20.860579047282766,17.0,0,19.27524744005561
Vellore,15.829722222222221,49,47,weekend,37.727278941779964,13,37.98713213892895,33.16350779832507,14,33.20614444612677,28.0,0,28.159993699516136,48.19899329625811,63,50.00458809192382,47.78174030494075,3,47.928626706064314,20.0,0,19.99641061668881,18.0,0,18.561908805978078,17.0,0,17.632387542952543
Dindigul,2.8733333333333335,52,24,weekend,40.589860157463335,10,34.990180176707916,40.43167877293759,10,35.88397819329971,28.0,0,24.91724562583688,39.642402141494664,38,35.68446311873565,46.122076154386654,1,40.53950669222596,20.0,0,17.066771245864796,18.0,0,16.420540800041127,17.0,0,16.093177448582818
Ooty,12.312222222222223,18,44,normal,33.753341488930886,13,33.11824839697474,46.373995039336926,37,45.66709273220685,28.0,0,27.475436187899113,46.91917691378848,0,46.94495000211395,36.06306576188319,4,35.637136555988675,20.0,0,19.809592540087262,18.0,0,17.5983115892836,17.0,0,17.016188047730108
Karur,10.242222222222221,14,32,weekend,28.9237264257748,7,28.341502612329045,32.608115607663365,14,31.78757726597297,28.0,0,29.407169358877933,44.75094055807841,51,45.7087323475574,44.679762548690945,0,43.762582183268044,20.0,0,20.172016198399735,18.0,0,18.09424983550296,17.0,0,17.128389581350916
Nagercoil,4.8311111111111105,49,52,weekend,36.76187015471747,8,32.922884911606126,42.983592760115535,16,37.78966976667111,28.0,0,25.783236573252136,43.54560165478784,44,39.971073045843795,22.49218157320404,4,19.36909325735444,20.0,0,17.25082355358556,18.0,0,15.900886584764441,17.0,0,14.87869432974313
Pudukottai,8.074444444444444,4,28,normal,40.17823385325815,17,42.1521772895695,42.63016247598119,46,45.158351770344794,28.0,0,29.736421211922533,47.052339145013335,0,49.2074683660559,26.472202597790183,3,27.496653482515697,20.0,0,20.856405397715985,18.0,0,18.3467504039234,17.0,0,16.99605171876514
Salem,13.871944444444445,52,19,weekend,29.93637876614546,8,29.262059078800085,35.6293468389831,15,34.559519984655005,28.0,0,28.0731068674892,42.795009738268384,52,43.149634053477314,32.0154388677313,4,32.09417941698033,20.0,0,19.401577233161344,18.0,0,17.952418543486313,17.0,0,16.38732039228381
Cumbum,18.772222222222222,46,20,weekend,29.471411633262974,8,31.49198351690052,47.57729861243491,11,50.43162459746327,28.0,0,30.92151422928636,41.388345997514556,43,45.780729219891114,40.83514733104723,2,43.63721457467513,20.0,0,21.752530238820242,18.0,0,20.063756715335025,17.0,0,18.807912229813248
Ramanadhapuram,12.870555555555557,52,14,weekend,32.22203584783519,4,31.180485143808703,46.049332929064576,13,45.077404960409034,28.0,0,28.06085222595633,47.605870671869134,51,47.93131572061722,40.10648814684355,0,39.61245086146138,20.0,0,19.744591441183772,18.0,0,19.17990833016535,17.0,0,17.40590757957693
Nagercoil,10.238333333333333,14,18,normal,39.39766977646993,14,39.16296802656401,41.701276778783054,39,42.593007996019566,28.0,0,27.606309972125075,43.54560165478784,0,42.96558236484498,30.462175083948065,3,30.42854782252417,20.0,0,20.498624180422443,18.0,0,18.22113756175538,17.0,0,15.824467712410756
Kanyakumari,9.424166666666666,25,27,normal,40.91867763801298,14,42.31006490110403,41.22047902430772,46,42.24360437403613,28.0,0,28.09198408807356,46.56479008021971,0,48.281944891700356,40.049794546320875,8,41.47881320649139,20.0,0,20.49163143063813,18.0,0,18.80586208303948,17.0,0,17.844835398642132
Coimbatore,8.172222222222222,10,20,rain,41.177517902712644,0,42.53304647369432,39.925990881755276,0,43.883759242969326,28.0,0,29.431224478744475,43.85765828683595,0,45.51231826790585,48.59837205358705,26,53.38039331383867,20.0,0,22.219794194604283,18.0,0,19.103659417321065,17.0,0,19.366940703145787
Perambalur,16.305,18,18,weekend,40.759418109477394,5,41.18621906044026,39.31380979747918,23,39.259789316002674,28.0,0,29.4535269872006,42.830884456520046,43,44.67283336252787,19.036711661493786,3,18.66992840637762,20.0,0,20.48664505665168,18.0,0,19.231111380020266,17.0,0,18.242057474507448
Namakkal,2.8955555555555557,53,44,normal,46.000408795715074,17,40.30716739193971,47.500537005433976,36,42.0221830111602,28.0,0,23.56911252009401,43.77988940216618,0,37.09355461706779,29.12477557085127,4,25.517081355708047,20.0,0,17.02562748962743,18.0,0,15.617669314813638,17.0,0,14.943123855704458
Theni,15.7625,45,45,rain,38.19004885214979,0,38.431356485568664,44.333205526315936,0,45.89948602606077,28.0,0,27.91057759466753,44.20381477073529,0,43.78203147199905,45.05616956083969,11,46.78350092972019,20.0,0,20.914434010843085,18.0,0,18.084377965607654,17.0,0,17.446936835245115
Krishnagiri,11.498055555555554,29,53,normal,34.05454940382103,17,33.441228161174706,39.82084190746941,37,39.10463473217344,28.0,0,27.277664905760435,43.91159023305815,0,43.463238529709585,32.33806041486693,7,31.971471475596577,20.0,0,18.9921803974844,18.0,0,16.99398878767736,17.0,0,16.942884851392378
Madurai,0.7094444444444444,42,34,weekend,33.72574005744715,6,29.537037309518993,35.07288372339271,19,30.163305422024475,28.0,0,25.25018835034386,49.76319964741091,57,45.50050199934073,34.3616909478299,0,30.447771466990577,20.0,0,17.868574146851927,18.0,0,17.086444889125886,17.0,0,15.009216345024495
Karur,10.354444444444445,21,16,normal,35.06662939339528,11,34.311787167236076,42.8568280809084,38,42.47418077195049,28.0,0,28.446112775407972,44.75094055807841,0,44.913610162985506,46.32712388343816,6,45.90104572252327,20.0,0,19.95424888130332,18.0,0,18.12773232077678,17.0,0,16.218606380681365
Viluppuram,4.533333333333333,32,0,normal,32.311841906357756,18,27.895743150282343,42.33646153154534,37,37.80338078942772,28.0,0,24.79317398221396,42.84054514959321,0,38.070644658275505,27.330810800132806,3,23.576111971206863,20.0,0,18.47464622754554,18.0,0,16.22163527505215,17.0,0,14.888871188570379
Bodi,3.9947222222222223,59,41,rain,35.24301855846298,0,31.046911538779394,43.08852707983893,0,40.05227840161319,28.0,0,25.4527039975982,46.312237496988104,0,41.92405198842418,45.086517299376204,27,42.116466594553,20.0,0,18.154495481460856,18.0,0,14.825406021316057,17.0,0,15.773756781969496
Chennai,22.193333333333335,11,36,normal,39.304323934908425,15,34.757831869168804,39.433081213781136,32,34.7249076338519,28.0,0,24.59282549617002,46.755116111988286,0,41.597697655397994,26.618243730497205,4,23.676246305877267,20.0,0,17.81679288579585,18.0,0,16.091537015403237,17.0,0,15.300646243006037
Theni,0.6155555555555555,36,56,normal,27.774389228803496,7,24.7319459021749,42.97994616938519,36,37.96305836053056,28.0,0,24.91839215327572,44.20381477073529,0,39.19246201029741,31.262434629525817,6,28.172121362523285,20.0,0,17.577130342379387,18.0,0,15.906988488472944,17.0,0,15.373015247606238
Tenkasi,14.19888888888889,11,56,normal,35.11028017839375,17,35.99121948853164,44.652961826854906,45,45.7636420621594,28.0,0,28.530726765340823,46.84848003316055,0,47.169076208687514,38.219946675145756,3,38.86839967472208,20.0,0,20.83651882422966,18.0,0,18.502453169648465,17.0,0,17.586046025360925
Virudhunagar,2.1766666666666663,10,36,weekend,48.47349620631729,2,42.56721161200554,33.93939787277466,11,30.137106478295845,28.0,0,25.466229067773035,40.43468399020969,49,36.73359676358936,39.087567533570414,2,34.80222361926063,20.0,0,18.282475935546877,18.0,0,16.037383094600912,17.0,0,15.726635734833879
Ooty,9.120833333333334,7,15,normal,33.753341488930886,13,35.23571141283019,46.373995039336926,37,48.45587720971224,28.0,0,29.182610728708582,46.91917691378848,0,48.553764942508174,36.06306576188319,4,37.85299083205144,20.0,0,20.872024277791645,18.0,0,19.09239697191524,17.0,0,17.888482066420377
Perambalur,1.523611111111111,31,25,weekend,40.759418109477394,5,35.649618578306985,39.31380979747918,23,33.30669215783006,28.0,0,25.380045573465132,42.830884456520046,43,38.61551032703525,19.036711661493786,3,17.06097102162633,20.0,0,17.938010151763727,18.0,0,16.630376643553966,17.0,0,15.639334122477589
Virudhunagar,14.712222222222222,42,44,weekend,48.47349620631729,2,48.11165741361931,33.93939787277466,11,33.566772148877405,28.0,0,28.9873641612076,40.43468399020969,49,41.44186141646247,39.087567533570414,2,38.812100528471,20.0,0,19.88648973264381,18.0,0,18.321441813005276,17.0,0,18.4821085877597
Coimbatore,20.765555555555554,45,56,weekend,43.767768157330956,5,46.4823958187587,39.566282936927436,19,41.29879674795758,28.0,0,31.20040750521727,43.85765828683595,66,48.95085213517817,40.68923477348823,3,43.989817908602916,20.0,0,22.20171921932473,18.0,0,20.66446792450046,17.0,0,18.930396207665034
Ramanadhapuram,0.6605555555555556,39,38,normal,45.10496819414156,16,39.42803923138675,46.28714749547341,32,40.104508476996834,28.0,0,24.762532767277232,47.605870671869134,0,40.99453381160969,37.96343974512072,5,32.41027697951532,20.0,0,15.949645461867949,18.0,0,15.617208594646558,17.0,0,14.409699901660217
Perambalur,13.313611111111111,18,49,normal,39.13605020386118,20,38.56917547398295,41.89461863201859,28,41.703521766455886,28.0,0,28.035520626450353,42.830884456520046,0,42.82269249577976,31.96351280649583,5,31.65894161999448,20.0,0,20.072571742652066,18.0,0,18.186757669272794,17.0,0,16.949746197614708
Virudhunagar,11.846388888888889,50,47,normal,40.22809075568417,9,39.58951205614395,44.41962434322648,37,43.38760714889121,28.0,0,27.06389563820862,40.43468399020969,0,38.46567395266693,29.218368644243697,9,29.43757015295374,20.0,0,19.176946680607013,18.0,0,18.13129483014311,17.0,0,16.7778864687284
Tirunelveli,22.354444444444447,21,16,normal,39.624756883282366,19,34.327440255944005,38.380917836502896,36,33.52488324844687,28.0,0,24.265995213413913,42.33256633042416,0,36.60975127520986,44.56365019926856,7,39.013704118612694,20.0,0,17.317673231589037,18.0,0,15.749926956122835,17.0,0,15.833380081986926
Krishnagiri,2.8994444444444443,53,58,weekend,22.021440552288443,5,19.030268501908445,33.98704088769471,17,29.893871438700188,28.0,0,25.458914513387597,43.91159023305815,59,40.06272244810185,48.179345098962024,2,43.701610317594465,20.0,0,16.967782474683133,18.0,0,16.35380028048779,17.0,0,16.090280475465917
Coimbatore,14.596111111111112,35,46,weekend,43.767768157330956,5,43.27716023246635,39.566282936927436,19,39.555408519621466,28.0,0,28.36676345354775,43.85765828683595,66,46.05978572123147,40.68923477348823,3,40.44636765619517,20.0,0,20.04299887693175,18.0,0,19.684682840156007,17.0,0,18.285030982751746
Dharmapuri,19.519166666666667,31,9,rain,39.52700671836661,0,41.72745194528005,38.715080833617264,0,43.99066837681331,28.0,0,29.909461558458446,47.03003548747523,0,51.627343722643026,40.070630429811445,20,44.78643329388198,20.0,0,22.087587293837057,18.0,0,19.987653614012462,17.0,0,19.93630930151856
Kanyakumari,6.249444444444444,14,58,normal,40.91867763801298,14,42.95276004435855,41.22047902430772,46,43.08411547073785,28.0,0,28.87853907868747,46.56479008021971,0,49.294775140283924,40.049794546320875,8,42.41847114808917,20.0,0,21.895504157029805,18.0,0,18.71638040840374,17.0,0,18.093870568706976
Trichy,20.052222222222223,3,8,weekend,31.29414501445612,6,34.10854583960418,39.572696871602524,8,43.741228178788084,28.0,0,31.30461220140928,43.72134429055531,38,50.110546212202735,40.05433803692343,0,43.99265667644735,20.0,0,21.560500590704912,18.0,0,19.862558766555644,17.0,0,18.580584435742193
Viluppuram,13.823055555555555,49,23,normal,32.311841906357756,18,31.82348907679779,42.33646153154534,37,40.643732050077,28.0,0,26.24092898688019,42.84054514959321,0,41.868020325902364,27.330810800132806,3,26.11003222045906,20.0,0,19.43959417808486,18.0,0,17.493670045435945,17.0,0,16.60765660015552
Tirunelveli,1.600277777777778,36,1,normal,39.624756883282366,19,35.03846457541057,38.380917836502896,36,34.09020029855631,28.0,0,24.23472243578159,42.33256633042416,0,37.10075470570809,44.56365019926856,7,39.45987524228582,20.0,0,17.505807088912114,18.0,0,15.71157118405548,17.0,0,15.817371329650669
Karur,22.523333333333333,31,24,rain,31.99517790958504,0,28.612090235073296,37.73247184428588,0,34.75004582207072,28.0,0,24.0406464819316,44.75094055807841,0,39.286102508378356,43.03240121394373,28,39.461818107848615,20.0,0,19.925393982669892,18.0,0,15.874939815741172,17.0,0,15.444130955231143
Pudukottai,5.899722222222222,53,59,normal,40.17823385325815,17,36.79825997626834,42.63016247598119,46,39.613931379281496,28.0,0,26.351316614822778,47.052339145013335,0,42.78932442061843,26.472202597790183,3,24.420572532190775,20.0,0,18.98158525336686,18.0,0,16.489049574045183,17.0,0,15.4060259745944
Kanyakumari,18.530555555555555,31,50,weekend,49.216612829768266,1,53.21318759795096,39.23145357341949,16,42.634177533591924,28.0,0,31.63136952382237,46.56479008021971,54,52.26645235661653,41.863832915295156,0,45.06409225688916,20.0,0,21.531678447109012,18.0,0,20.773990311390865,17.0,0,18.80226067005358
Coimbatore,17.533055555555556,31,59,rain,41.177517902712644,0,41.728453113062464,39.925990881755276,0,42.11102181243113,28.0,0,28.920478681755593,43.85765828683595,0,43.85624078826556,48.59837205358705,26,51.72882715052472,20.0,0,21.147063832995983,18.0,0,18.44658107338346,17.0,0,17.736522681791758
Tenkasi,2.2255555555555557,13,32,rain,37.54459048558374,0,33.294111547303025,38.936052625740416,0,36.07217678412784,28.0,0,23.775284371373257,46.84848003316055,0,41.2129536257943,43.719207655035106,20,41.07843805109106,20.0,0,18.348160749124506,18.0,0,15.826601666138608,17.0,0,16.23790337768507
Salem,1.4075,24,27,weekend,29.93637876614546,8,26.403103014663454,35.6293468389831,15,31.2760887493056,28.0,0,26.201189598289762,42.795009738268384,52,39.17386742211017,32.0154388677313,4,27.61283701582199,20.0,0,17.486283821495864,18.0,0,15.53488562280762,17.0,0,15.015633604033757
Bodi,0.8744444444444445,52,28,rain,35.24301855846298,0,30.314826146485863,43.08852707983893,0,38.869039480705275,28.0,0,24.137940019126763,46.312237496988104,0,39.59498568845445,45.086517299376204,27,41.80456242194536,20.0,0,18.3173657674448,18.0,0,14.968150729968212,17.0,0,15.042752862930229
Pudukottai,14.243888888888888,14,38,normal,40.17823385325815,17,39.6036739400953,42.63016247598119,46,42.89555390341272,28.0,0,28.90272001465584,47.052339145013335,0,48.08254658912718,26.472202597790183,3,25.815478897305635,20.0,0,20.25209446899786,18.0,0,17.660992050066334,17.0,0,16.563227409954724
Virudhunagar,11.520833333333334,31,15,weekend,48.47349620631729,2,47.11135149965917,33.93939787277466,11,33.88733015579129,28.0,0,28.755126454064495,40.43468399020969,49,41.60649414080366,39.087567533570414,2,38.224430029189136,20.0,0,19.49534407322256,18.0,0,18.74749521681407,17.0,0,17.737900608065726
Karur,13.29138888888889,17,29,weekend,28.9237264257748,7,28.389964003633725,32.608115607663365,14,32.407244048155036,28.0,0,27.94516704441909,44.75094055807841,51,45.516022737222904,44.679762548690945,0,43.439290859085645,20.0,0,20.470796331861496,18.0,0,18.808550646172925,17.0,0,16.400265876281424
Madurai,15.181944444444444,10,55,rain,41.34622390114707,0,41.4779009019593,38.9700071667711,0,41.440092821867225,28.0,0,27.711036827359912,49.76319964741091,0,49.55346200425703,41.92929403966443,21,44.97106792807884,20.0,0,20.95302355846564,18.0,0,18.642849642254294,17.0,0,18.596896515366858
Tirunelveli,13.826944444444445,49,37,weekend,38.840222090008695,8,37.57599331618998,44.39081528207452,12,42.549656376540966,28.0,0,27.975886144695878,42.33256633042416,60,43.079108830664424,26.651075201973363,2,26.260929106944218,20.0,0,20.036211113445916,18.0,0,18.245624736746294,17.0,0,17.269829695777354
Pudukottai,23.2925,17,33,rain,39.01988715770722,0,34.14443558300639,40.46523697096036,0,38.03389460118708,28.0,0,24.896415824364425,47.052339145013335,0,41.11410643048516,38.27290797059502,23,35.41914749200194,20.0,0,17.76979218769784,18.0,0,15.919582813027334,17.0,0,15.681864512096858
Trichy,2.6016666666666666,36,6,normal,32.479306100110314,13,28.577852141376233,42.755118180850474,24,37.36772447329467,28.0,0,24.734536405535774,43.72134429055531,0,38.551950339193695,40.05433803692343,0,35.13593235862732,20.0,0,18.670950998690984,18.0,0,15.760015775117783,17.0,0,14.818602447089768
Perambalur,10.684444444444445,41,4,rain,39.947734156669284,0,39.469997459872715,40.604214214748886,0,41.562563132325614,28.0,0,27.350340603468293,42.830884456520046,0,41.24163826504971,47.42780520358114,28,49.01643227743881,20.0,0,20.427018414750822,18.0,0,17.393358247862814,17.0,0,17.090748690065762
Viluppuram,16.83111111111111,49,52,weekend,34.90452850109481,5,34.89058763660956,35.84218079539566,16,35.49811307133334,28.0,0,28.560883536510612,42.84054514959321,47,43.836471357206335,33.81871210393652,3,34.070810305288774,20.0,0,19.941187034884408,18.0,0,19.31944568145525,17.0,0,17.50567441668213
Cumbum,12.589444444444444,35,22,normal,40.76674865603148,18,39.80698714232148,49.15408934487722,37,48.09293827812891,28.0,0,27.466988446677586,41.388345997514556,0,40.09932471853848,47.691512153415324,4,45.48643837357529,20.0,0,19.21873712750407,18.0,0,17.668698987202394,17.0,0,16.019446872417713
Namakkal,2.5833333333333335,35,0,rain,39.038209510948974,0,33.58860387149571,45.37250241583318,0,42.482912542683344,28.0,0,24.80946413757155,43.77988940216618,0,38.53777358939026,36.16769493281081,25,33.27570255346172,20.0,0,18.095286305684354,18.0,0,16.18283561041474,17.0,0,15.196246266433466
Tirunelveli,16.947222222222223,56,50,weekend,38.840222090008695,8,37.99677885843837,44.39081528207452,12,44.20000610763276,28.0,0,28.98735394507306,42.33256633042416,60,44.52898921013665,26.651075201973363,2,26.660723377734126,20.0,0,20.29737949476824,18.0,0,18.80138128150559,17.0,0,18.181867050515034
Cumbum,6.053333333333333,3,12,rain,35.11908014464723,0,36.686768599101136,48.36569397865607,0,53.54126226221575,28.0,0,29.127151997487395,41.388345997514556,0,43.07260508511341,32.75549403283424,21,35.98761539859719,20.0,0,21.08369586392684,18.0,0,19.02732983346305,17.0,0,18.655638432287386
Bodi,6.423888888888889,25,26,weekend,26.71685653185835,12,27.37622830895155,41.07058006834765,11,42.54132030682291,28.0,0,30.681550898962247,46.312237496988104,54,49.46895894769967,29.595738987812993,2,30.777695795470937,20.0,0,20.571543229520522,18.0,0,19.311443735688428,17.0,0,18.829087836863312
Vellore,0.3161111111111111,18,58,weekend,37.727278941779964,13,33.39018268533667,33.16350779832507,14,30.042501384733246,28.0,0,26.04844357647667,48.19899329625811,63,44.95789847702344,47.78174030494075,3,42.75687343605162,20.0,0,18.858062477412787,18.0,0,16.53414049348584,17.0,0,16.52098258033562
Kanyakumari,21.593055555555555,35,35,rain,45.06764523389062,0,48.62960784006005,40.22596629886361,0,45.63801277818178,28.0,0,29.828302950023712,46.56479008021971,0,50.04612622062213,43.677871284269436,33,48.917382634725186,20.0,0,23.044301659073067,18.0,0,19.528421365137742,17.0,0,18.54622174111733
Virudhunagar,20.698333333333334,41,54,rain,44.350793481000736,0,47.42989688845176,39.17951110800057,0,44.64155407725904,28.0,0,30.292876632803956,40.43468399020969,0,42.697313617417116,36.442483195672004,35,41.679456865586175,20.0,0,22.90249460034862,18.0,0,19.51946656848658,17.0,0,19.4535971958586
Tirunelveli,7.3486111111111105,20,55,rain,39.232489486645534,0,41.632501766634846,41.38586655928871,0,46.191489645970805,28.0,0,29.80519753621338,42.33256633042416,0,44.58336152104247,40.88264477008581,27,45.61854837511009,20.0,0,22.710999344386014,18.0,0,19.37630650177191,17.0,0,18.80765983471014
Cumbum,18.517777777777777,31,4,rain,35.11908014464723,0,37.59384267155039,48.36569397865607,0,55.55170776238093,28.0,0,30.634368755976656,41.388345997514556,0,44.937026943552105,32.75549403283424,21,37.408104211880186,20.0,0,22.664060609811298,18.0,0,20.191349748703548,17.0,0,18.95809504306369
Bodi,15.71361111111111,42,49,weekend,26.71685653185835,12,26.660541677306885,41.07058006834765,11,40.61189029912695,28.0,0,28.122916698054468,46.312237496988104,54,47.97067545378339,29.595738987812993,2,30.456971557816562,20.0,0,19.366476595240712,18.0,0,18.9759349991305,17.0,0,17.406753131840667
Nagercoil,1.7819444444444443,46,55,weekend,36.76187015471747,8,32.30449744975641,42.983592760115535,16,37.5026967087523,28.0,0,25.06779465238011,43.54560165478784,44,39.000175039115796,22.49218157320404,4,19.99583079429152,20.0,0,18.416710417342372,18.0,0,16.48593938798449,17.0,0,14.861465391073086
Pudukottai,5.716388888888889,42,59,weekend,37.86154046215629,6,34.33649042902387,38.300311465939544,20,34.97512739661702,28.0,0,27.08705800608004,47.052339145013335,50,44.6261238840462,28.41956323712548,3,26.41932167637552,20.0,0,18.511353947002387,18.0,0,16.904430479509184,17.0,0,15.970254101958659
Kanyakumari,21.705277777777777,42,19,weekend,49.216612829768266,1,52.43985268398872,39.23145357341949,16,42.205589923912335,28.0,0,30.972136955679023,46.56479008021971,54,51.454204703242134,41.863832915295156,0,45.03091204355479,20.0,0,20.983448822135493,18.0,0,20.155113232151695,17.0,0,18.062619321049223
Trichy,23.314722222222223,18,53,weekend,31.29414501445612,6,27.379540801462785,39.572696871602524,8,35.12967068553262,28.0,0,25.697519308939317,43.72134429055531,38,40.13075095957964,40.05433803692343,0,35.75765304653716,20.0,0,16.690995276152265,18.0,0,16.562455638460424,17.0,0,15.735771330009467
Virudhunagar,23.05638888888889,3,23,weekend,48.47349620631729,2,42.66424652467268,33.93939787277466,11,30.651530172343204,28.0,0,25.66787646981288,40.43468399020969,49,36.72316123686953,39.087567533570414,2,33.490456673025385,20.0,0,16.930396574658197,18.0,0,16.2406639630377,17.0,0,15.488121279609585
Madurai,6.933333333333334,56,0,weekend,33.72574005744715,6,34.871386882882604,35.07288372339271,19,36.99361266016692,28.0,0,30.668058721765185,49.76319964741091,57,53.580739435668825,34.3616909478299,0,35.940533971960306,20.0,0,20.046674648424684,18.0,0,19.015153947505276,17.0,0,18.088175692893543
Viluppuram,10.478333333333333,28,42,rain,33.60818520372628,0,32.57058845370318,39.0893211634705,0,40.96280458569231,28.0,0,28.376561759625886,42.84054514959321,0,42.06719000506582,34.04026235129214,24,36.20098525376973,20.0,0,20.27846940658007,18.0,0,17.080915605201234,17.0,0,17.17753806336297
Krishnagiri,5.131944444444444,7,55,normal,34.05454940382103,17,31.70846989359209,39.82084190746941,37,37.4298573778151,28.0,0,26.80803846520515,43.91159023305815,0,41.14377387139122,32.33806041486693,7,30.467205359396466,20.0,0,18.529434658652654,18.0,0,16.43892304951242,17.0,0,16.120757443114236
Trichy,5.413055555555556,24,47,weekend,31.29414501445612,6,29.268581789790765,39.572696871602524,8,36.575681964447625,28.0,0,27.446063484729038,43.72134429055531,38,41.9992757847346,40.05433803692343,0,37.224049967495304,20.0,0,18.391223610370297,18.0,0,17.553032451639947,17.0,0,16.212196512825038
Salem,22.470555555555553,28,14,normal,30.991852204279624,15,26.500056009286578,46.51115891623186,37,41.65161157671984,28.0,0,23.97088039589649,42.795009738268384,0,37.40013481572575,39.490013090154434,3,34.84386293262961,20.0,0,17.847906565538597,18.0,0,15.765467671194733,17.0,0,15.684093225601167
Salem,10.710555555555555,42,38,rain,30.46411548521254,0,30.510650306420438,41.07025287760748,0,40.999208577549474,28.0,0,26.156788493141942,42.795009738268384,0,41.34695906295279,42.90399215480497,33,43.477794940538246,20.0,0,20.48801841739041,18.0,0,17.368909297294113,17.0,0,17.1689706107685
Tirunelveli,19.234166666666667,14,3,normal,39.624756883282366,19,43.18531258339412,38.380917836502896,36,42.94909843970427,28.0,0,30.975791598989513,42.33256633042416,0,46.02366189621574,44.56365019926856,7,48.33415060218376,20.0,0,22.46047595520922,18.0,0,19.75292419759568,17.0,0,17.951325741425993
Theni,6.472777777777778,28,22,rain,38.19004885214979,0,38.933759557509745,44.333205526315936,0,47.8385348052564,28.0,0,28.941863461127905,44.20381477073529,0,45.23312869196352,45.05616956083969,11,48.9226000438504,20.0,0,21.62895910288518,18.0,0,19.272965763145788,17.0,0,18.592051491350723
Vellore,6.652222222222223,39,8,normal,46.98525613981706,17,48.77886825512713,44.916077602585744,39,46.631615548029615,28.0,0,29.109148975043972,48.19899329625811,0,50.10864375021801,35.09685323626527,7,36.46637516665842,20.0,0,20.173867743446042,18.0,0,18.52913179100098,17.0,0,17.791802258952533
Namakkal,11.944166666666668,56,39,rain,39.038209510948974,0,38.45514293145046,45.37250241583318,0,45.903593349029144,28.0,0,27.24284694522525,43.77988940216618,0,41.95737788888591,36.16769493281081,25,37.222262236264726,20.0,0,21.00486442860378,18.0,0,17.310562176157838,17.0,0,17.248342103921313
Coimbatore,2.877222222222222,52,38,rain,41.177517902712644,0,36.35965711457484,39.925990881755276,0,35.49366933914406,28.0,0,23.452353829053955,43.85765828683595,0,38.51225385087466,48.59837205358705,26,44.86337693297569,20.0,0,18.564416082650418,18.0,0,15.062286037127368,17.0,0,15.518216078041212
Perambalur,1.3402777777777777,20,25,rain,39.947734156669284,0,35.211140368967385,40.604214214748886,0,36.79882906094467,28.0,0,23.37346913494679,42.830884456520046,0,37.13182456080021,47.42780520358114,28,43.96426111146411,20.0,0,18.51353088083375,18.0,0,16.17909876520297,17.0,0,15.51443801826815
Salem,22.358333333333334,21,30,weekend,29.93637876614546,8,26.564385969439417,35.6293468389831,15,30.89194930564761,28.0,0,26.005975729945224,42.795009738268384,52,39.239529060855276,32.0154388677313,4,27.40854706366933,20.0,0,17.68520727556636,18.0,0,15.748916997178794,17.0,0,15.902177383797564
Namakkal,2.7666666666666666,46,0,weekend,32.076010226182866,4,27.946719417475208,43.244467826232395,17,37.53313236651308,28.0,0,25.20563623994539,43.77988940216618,40,40.47033686268882,49.65261377539575,3,44.6238730975628,20.0,0,17.18814908794461,18.0,0,16.201400088948102,17.0,0,15.461802262852833
Trichy,20.86888888888889,52,8,rain,31.886725557283217,0,33.68010136241458,41.163907526226495,0,46.59200983372159,28.0,0,29.5750352302831,43.72134429055531,0,47.290596396955536,40.05433803692343,23,45.53258234763734,20.0,0,22.545648659586146,18.0,0,19.03177565336816,17.0,0,19.329963594689087
Ooty,3.5302777777777776,31,49,rain,28.58909578998705,0,25.85846582883573,44.26338884162844,0,41.176019199571925,28.0,0,24.311112192676216,46.91917691378848,0,41.388904095877976,41.97774609884506,23,38.89725906476466,20.0,0,19.05235962124761,18.0,0,15.591886442179305,17.0,0,16.075177128039325
Ooty,15.486944444444443,29,13,normal,33.753341488930886,13,33.8106326983864,46.373995039336926,37,46.515299403480796,28.0,0,28.210006483629456,46.91917691378848,0,46.21016947470831,36.06306576188319,4,35.81708673653873,20.0,0,19.91991365298782,18.0,0,17.656041223137425,17.0,0,17.77213810522624
Coimbatore,2.9483333333333337,56,54,rain,41.177517902712644,0,35.44923024048684,39.925990881755276,0,35.90750845325489,28.0,0,24.12098714750374,43.85765828683595,0,39.22057120920644,48.59837205358705,26,45.368734578231575,20.0,0,19.25986944764248,18.0,0,16.03709131485118,17.0,0,16.072199383857225
Vellore,18.06222222222222,3,44,normal,46.98525613981706,17,50.73983860820525,44.916077602585744,39,49.63437827582455,28.0,0,30.084345082030154,48.19899329625811,0,51.72774515264533,35.09685323626527,7,37.923024146728245,20.0,0,21.541071002380118,18.0,0,19.12436903842392,17.0,0,19.576073416964554
Karur,22.594444444444445,35,40,rain,31.99517790958504,0,27.858801020029404,37.73247184428588,0,35.22356994786673,28.0,0,23.89614036567101,44.75094055807841,0,38.69529162495343,43.03240121394373,28,38.26895153174765,20.0,0,18.116024700221637,18.0,0,15.535478000643298,17.0,0,15.353081890649584
Ramanadhapuram,12.196111111111112,11,46,normal,45.10496819414156,16,44.302702958209736,46.28714749547341,32,45.682558688287294,28.0,0,27.58064671493449,47.605870671869134,0,47.952843030104674,37.96343974512072,5,37.39021117941609,20.0,0,19.946327352271872,18.0,0,17.552716444572646,17.0,0,16.557422692609048
Tenkasi,23.430833333333336,25,51,weekend,39.97890079277373,6,35.56135966479075,33.21914342462593,16,29.88722730693696,28.0,0,25.182032191934553,46.84848003316055,60,43.113689776405394,27.704370543179156,1,24.96127487859443,20.0,0,17.779900540009464,18.0,0,17.274656338401822,17.0,0,14.982170827173569
Trichy,20.011111111111113,0,40,rain,31.886725557283217,0,34.32983897766623,41.163907526226495,0,46.35450374262497,28.0,0,30.504462470074817,43.72134429055531,0,46.720002706578484,40.05433803692343,23,45.77359751665734,20.0,0,23.09923889883617,18.0,0,19.947455505510487,17.0,0,19.389646343105774
Chennai,22.01,0,36,weekend,38.07906527215725,6,32.509088214801984,41.16424113198611,15,36.061794099147484,28.0,0,25.515123499768386,46.755116111988286,55,42.5296489874681,25.222384006616462,2,22.63434316789629,20.0,0,16.311792310497683,18.0,0,16.57180570934266,17.0,0,16.185525130779908
Krishnagiri,14.180555555555555,10,50,rain,28.037994978054734,0,28.27790160074383,36.90394139758206,0,38.935153356243816,28.0,0,28.8254362528483,43.91159023305815,0,44.55663588093131,39.092342191470394,32,41.64603666129531,20.0,0,20.91100674739961,18.0,0,18.155889439298253,17.0,0,18.221049787813396
Vellore,18.75,45,0,rain,42.35626754079851,0,45.35555275527356,39.03979270045541,0,44.29016674387682,28.0,0,29.879390584617827,48.19899329625811,0,51.36576607368163,43.74006843805889,32,49.932450049684434,20.0,0,23.29416583931908,18.0,0,19.41888338810585,17.0,0,18.925312122792622
Ramanadhapuram,12.125,7,30,normal,45.10496819414156,16,44.71908420364403,46.28714749547341,32,45.65910196837449,28.0,0,27.270366201350324,47.605870671869134,0,46.259558867308215,37.96343974512072,5,37.26483688792644,20.0,0,19.72426597773435,18.0,0,17.694599811148084,17.0,0,16.58978771251236
Bodi,15.951388888888888,57,5,normal,43.7691805850676,17,43.46099467684614,45.10647409133021,38,45.265639467740286,28.0,0,28.42013117229806,46.312237496988104,0,47.183373046421295,35.005235627037244,7,34.80719621877086,20.0,0,20.4189888555123,18.0,0,17.56937388610762,17.0,0,17.249142423052035
Coimbatore,23.828055555555554,49,41,rain,41.177517902712644,0,36.8442925282803,39.925990881755276,0,36.599265321578805,28.0,0,24.75436136106166,43.85765828683595,0,37.92874702029003,48.59837205358705,26,44.74626379765397,20.0,0,18.128055446717337,18.0,0,14.463722540658914,17.0,0,14.90641218936291
Dindigul,14.408888888888889,24,32,weekend,40.589860157463335,10,40.70361083733249,40.43167877293759,10,40.16425610788345,28.0,0,28.707697254969126,39.642402141494664,38,41.19880968558211,46.122076154386654,1,46.39791205920334,20.0,0,19.345748513446342,18.0,0,18.51752715815582,17.0,0,18.358990445392692
Virudhunagar,5.113611111111111,6,49,rain,44.350793481000736,0,40.97880504816148,39.17951110800057,0,38.01229594444331,28.0,0,25.99117447172921,40.43468399020969,0,37.03027249747579,36.442483195672004,35,34.492031130278335,20.0,0,19.588596844807057,18.0,0,15.802983157180863,17.0,0,16.111970816828872
Coimbatore,23.12361111111111,7,25,normal,38.58726764809433,20,34.18119890178299,40.285698826583115,40,34.71127059920776,28.0,0,25.014292286038586,43.85765828683595,0,38.70898217173459,42.11676363644483,7,38.19100618193663,20.0,0,17.13064176969023,18.0,0,15.816934551011263,17.0,0,15.791076818951616
Viluppuram,19.880277777777778,52,49,weekend,34.90452850109481,5,37.457886689447186,35.84218079539566,16,38.86412679279754,28.0,0,30.54347619968109,42.84054514959321,47,47.90115746005717,33.81871210393652,3,36.211073565095454,20.0,0,21.574233358466024,18.0,0,19.852437408573174,17.0,0,18.711661678426594
Ramanadhapuram,21.285833333333336,17,9,weekend,32.22203584783519,4,35.29077308440395,46.049332929064576,13,50.74217218856078,28.0,0,30.964101136143775,47.605870671869134,51,53.91570865331998,40.10648814684355,0,44.10049110400698,20.0,0,21.97556329332361,18.0,0,19.518043627724644,17.0,0,19.442382607199843
Vellore,21.0125,0,45,rain,42.35626754079851,0,45.393703881197595,39.03979270045541,0,44.31113119861338,28.0,0,30.671221681802397,48.19899329625811,0,51.705661329369995,43.74006843805889,32,49.5942031572053,20.0,0,22.662901978610552,18.0,0,18.849917144230417,17.0,0,19.35382445764453
Bodi,0.9455555555555556,56,44,rain,35.24301855846298,0,31.188391704050556,43.08852707983893,0,39.98399947896621,28.0,0,24.367463175623204,46.312237496988104,0,40.35548987379307,45.086517299376204,27,42.26520799618265,20.0,0,18.491138068340536,18.0,0,15.191620091870433,17.0,0,15.124319033259496
Pudukottai,8.707777777777777,42,28,rain,39.01988715770722,0,39.72675313849009,40.46523697096036,0,43.13645356768187,28.0,0,29.001001930131306,47.052339145013335,0,47.9738342889166,38.27290797059502,23,41.809039678028135,20.0,0,21.22020309935114,18.0,0,17.824591706341952,17.0,0,18.619403172863358
Vellore,12.709444444444443,42,34,weekend,37.727278941779964,13,36.073046427280836,33.16350779832507,14,31.891532076268827,28.0,0,27.314848162073506,48.19899329625811,63,47.98586496045402,47.78174030494075,3,45.91180019440028,20.0,0,19.304817073730295,18.0,0,17.89397392237068,17.0,0,17.1080308301137
Pudukottai,2.833888888888889,50,2,normal,40.17823385325815,17,35.15450381428863,42.63016247598119,46,37.638106280560145,28.0,0,24.65738179708736,47.052339145013335,0,41.80136177084277,26.472202597790183,3,23.49977359311612,20.0,0,18.300243951781024,18.0,0,15.742034593082758,17.0,0,14.759919222384942
Kanyakumari,18.34722222222222,20,50,rain,45.06764523389062,0,49.77807874979523,40.22596629886361,0,45.8337230744293,28.0,0,30.750083097525895,46.56479008021971,0,50.75818050896538,43.677871284269436,33,50.257256779846614,20.0,0,22.662634046718086,18.0,0,19.269639084271745,17.0,0,19.976720933184275
Cumbum,18.70111111111111,42,4,weekend,29.471411633262974,8,31.09915301793015,47.57729861243491,11,50.76731806992048,28.0,0,31.57555991796458,41.388345997514556,43,45.12680580598535,40.83514733104723,2,44.45361473394054,20.0,0,21.511822312523954,18.0,0,20.723794407203222,17.0,0,18.794406993648725
Theni,15.000277777777777,0,1,weekend,48.60570847549609,10,48.33535314433613,45.686464883246686,15,45.7733715546357,28.0,0,29.989921823733717,44.20381477073529,45,46.376984112307696,27.297359059343346,1,27.198982438030495,20.0,0,20.062486472436795,18.0,0,19.32051130646254,17.0,0,18.205940398541102
Ooty,12.12888888888889,7,44,weekend,23.42485009104321,7,22.480221380456896,42.15278264391995,13,42.365886636411176,28.0,0,28.646685157069573,46.91917691378848,45,48.073412626806515,49.23476274080344,2,48.3883255549391,20.0,0,19.498989553140415,18.0,0,19.15159933287447,17.0,0,18.055116865932735
Viluppuram,22.309444444444445,18,34,normal,32.311841906357756,18,28.78307192743104,42.33646153154534,37,37.59025663390278,28.0,0,23.523945936843916,42.84054514959321,0,37.714243251348464,27.330810800132806,3,24.50709261244916,20.0,0,17.73658725456314,18.0,0,15.968818366435992,17.0,0,14.85525119071202
Ooty,12.874444444444444,52,28,rain,28.58909578998705,0,27.703154853945183,44.26338884162844,0,45.46082364499798,28.0,0,26.107724436755635,46.91917691378848,0,46.279458388236584,41.97774609884506,23,42.85732181503666,20.0,0,20.573741400968938,18.0,0,17.663303618805674,17.0,0,17.58785828034762
Viluppuram,4.295555555555556,17,44,weekend,34.90452850109481,5,31.317975651347147,35.84218079539566,16,31.427360628142612,28.0,0,25.94929037876678,42.84054514959321,47,39.70157506019375,33.81871210393652,3,29.434438428269893,20.0,0,17.974570715886447,18.0,0,16.06233487617477,17.0,0,15.50816766296503
Krishnagiri,5.8775,52,39,weekend,22.021440552288443,5,19.39079817256702,33.98704088769471,17,31.115030290770108,28.0,0,26.673010629610403,43.91159023305815,59,41.67934442614964,48.179345098962024,2,44.05628357262594,20.0,0,18.75310431201641,18.0,0,16.33196020047509,17.0,0,16.05816229974903
Dharmapuri,7.421388888888889,25,17,normal,30.821988115774875,13,31.862445191909252,38.085268435163854,35,39.02943314038833,28.0,0,28.989008251169924,47.03003548747523,0,49.494580000065405,43.79800442850418,5,45.47666619018235,20.0,0,20.565603388354933,18.0,0,17.970522941815695,17.0,0,18.53492585102516
Trichy,5.4675,28,3,weekend,31.29414501445612,6,29.006265510334277,39.572696871602524,8,36.38723036856377,28.0,0,26.70558823183723,43.72134429055531,38,42.02536805050122,40.05433803692343,0,37.24900613886424,20.0,0,18.54767221384214,18.0,0,17.451354787580875,17.0,0,15.70625549818743
Cumbum,21.75027777777778,45,1,weekend,29.471411633262974,8,32.09073284700777,47.57729861243491,11,51.06702253109222,28.0,0,30.507226434763574,41.388345997514556,43,46.99171050834484,40.83514733104723,2,44.47618121804752,20.0,0,20.95519849566271,18.0,0,19.813639890730062,17.0,0,19.36359883690721
Theni,21.311944444444446,18,43,weekend,48.60570847549609,10,52.401228333640994,45.686464883246686,15,50.05045619189016,28.0,0,32.184717211992215,44.20381477073529,45,49.734725750874674,27.297359059343346,1,29.55631776387951,20.0,0,21.841959535049327,18.0,0,19.71775185003996,17.0,0,19.04715585742362
Tirunelveli,13.939166666666667,56,21,normal,39.624756883282366,19,38.708008058727906,38.380917836502896,36,37.31076093853015,28.0,0,28.061024502721015,42.33256633042416,0,41.52626467103053,44.56365019926856,7,43.506798707353035,20.0,0,19.97402869394322,18.0,0,17.644833126398044,17.0,0,17.122963475490746
Coimbatore,20.70777777777778,42,28,rain,41.177517902712644,0,43.19510745901617,39.925990881755276,0,44.363492303601134,28.0,0,29.965715316568563,43.85765828683595,0,46.59436901532708,48.59837205358705,26,54.51596690206991,20.0,0,22.25238896493251,18.0,0,18.82155686928178,17.0,0,18.586811644135413
Kanyakumari,6.066111111111111,3,58,weekend,49.216612829768266,1,51.236883397959055,39.23145357341949,16,41.37394263461238,28.0,0,30.52464730118893,46.56479008021971,54,49.96801577545982,41.863832915295156,0,44.09803733213658,20.0,0,20.153135269417618,18.0,0,19.218209695625223,17.0,0,19.160522031534835
Krishnagiri,8.235555555555555,14,8,normal,34.05454940382103,17,35.98962152869442,39.82084190746941,37,41.56324859232887,28.0,0,29.380046645448687,43.91159023305815,0,46.270099761411075,32.33806041486693,7,33.872716613348146,20.0,0,21.757979571822677,18.0,0,19.198006265456844,17.0,0,18.545447484186802
Virudhunagar,20.190555555555555,11,26,normal,40.22809075568417,9,44.042930140342506,44.41962434322648,37,47.808710626500506,28.0,0,30.32261283781001,40.43468399020969,0,43.625013524304705,29.218368644243697,9,30.912738095682172,20.0,0,21.628632002486913,18.0,0,20.340203350218253,17.0,0,17.655751894083902
Viluppuram,19.934722222222224,56,5,weekend,34.90452850109481,5,37.76507001412985,35.84218079539566,16,38.321367548749755,28.0,0,31.322120540127447,42.84054514959321,47,48.251444965461374,33.81871210393652,3,36.762558242793574,20.0,0,21.62163168143811,18.0,0,20.387103383177926,17.0,0,19.797220414372866
Karur,1.7558333333333334,45,21,weekend,28.9237264257748,7,25.087665394220767,32.608115607663365,14,28.09848877470415,28.0,0,24.971350495857575,44.75094055807841,51,41.09969465045982,44.679762548690945,0,39.138562617897904,20.0,0,18.107695404637298,18.0,0,16.011383859347728,17.0,0,15.45864403917795
Ooty,12.24111111111111,14,28,normal,33.753341488930886,13,33.304192574593074,46.373995039336926,37,44.978279381517304,28.0,0,27.771919185195955,46.91917691378848,0,46.01665275899539,36.06306576188319,4,35.408837376739974,20.0,0,20.150471102915695,18.0,0,17.387130919753247,17.0,0,17.334972261315407
Kanyakumari,6.303888888888888,18,14,normal,40.91867763801298,14,42.25889196363232,41.22047902430772,46,44.6215153089943,28.0,0,28.697690695318542,46.56479008021971,0,48.44708644998865,40.049794546320875,8,41.60601919725873,20.0,0,20.33749175985011,18.0,0,19.518557336328307,17.0,0,18.949442183706665
Vellore,6.723333333333334,43,24,normal,46.98525613981706,17,48.12503027066004,44.916077602585744,39,45.74870447472333,28.0,0,28.476375923306005,48.19899329625811,0,48.73396642707705,35.09685323626527,7,36.20774820043452,20.0,0,20.767232685047315,18.0,0,19.218850305221633,17.0,0,17.65982657828681
Salem,1.2241666666666668,13,27,rain,30.46411548521254,0,26.609364529235044,41.07025287760748,0,38.67696985651025,28.0,0,25.072751556817344,42.795009738268384,0,37.725708547124235,42.90399215480497,33,39.68542700613458,20.0,0,18.635668644553196,18.0,0,16.298521156540126,17.0,0,15.949918040783986
Coimbatore,8.243333333333332,14,36,rain,41.177517902712644,0,42.855289161152854,39.925990881755276,0,43.65543334340248,28.0,0,28.749705756827037,43.85765828683595,0,44.98331985778963,48.59837205358705,26,53.284446903896374,20.0,0,21.50110227421152,18.0,0,18.77621926075609,17.0,0,17.937522684601063
Virudhunagar,14.583333333333334,35,0,rain,44.350793481000736,0,44.56012256385382,39.17951110800057,0,41.757240871513716,28.0,0,27.08680246508513,40.43468399020969,0,39.91845012695633,36.442483195672004,35,38.13776577314096,20.0,0,21.50617595320511,18.0,0,18.863698376730483,17.0,0,17.793408397925905
Dindigul,11.288611111111111,17,19,weekend,40.589860157463335,10,39.47651012632781,40.43167877293759,10,40.456692630451286,28.0,0,29.751756791880847,39.642402141494664,38,41.150001708117024,46.122076154386654,1,46.17251187595504,20.0,0,19.781833952436727,18.0,0,17.732160939667438,17.0,0,16.623326275327173
Perambalur,19.116388888888892,6,59,rain,39.947734156669284,0,43.484423082932146,40.604214214748886,0,46.37540871580004,28.0,0,31.031284882039674,42.830884456520046,0,46.78729931104991,47.42780520358114,28,55.23032039826445,20.0,0,23.24743573306409,18.0,0,19.48634797650576,17.0,0,19.614870167976818
Viluppuram,4.35,21,0,weekend,34.90452850109481,5,30.853067834706263,35.84218079539566,16,30.7889995112997,28.0,0,26.510736010920812,42.84054514959321,47,39.91050836551593,33.81871210393652,3,29.513310883194023,20.0,0,18.06175055680279,18.0,0,16.505228305776203,17.0,0,15.58983817826517
Madurai,18.285555555555558,17,8,rain,41.34622390114707,0,44.99303969895888,38.9700071667711,0,45.29306474258209,28.0,0,30.36086590402082,49.76319964741091,0,53.657190394916576,41.92929403966443,21,48.261157962674076,20.0,0,22.781896578050628,18.0,0,19.510922651455264,17.0,0,20.433625753364797
Tirunelveli,7.474166666666667,28,27,rain,39.232489486645534,0,41.19399168780459,41.38586655928871,0,45.05272405436376,28.0,0,28.0796967753333,42.33256633042416,0,43.878201514080644,40.88264477008581,27,44.76109301896914,20.0,0,21.699650828973603,18.0,0,18.570500050362956,17.0,0,18.062590883705905
Kanyakumari,3.000277777777778,0,1,weekend,49.216612829768266,1,43.80412154153794,39.23145357341949,16,34.798878345161725,28.0,0,25.69815393613946,46.56479008021971,54,43.13901737790117,41.863832915295156,0,36.99608529361474,20.0,0,17.57980731634516,18.0,0,16.78360279537981,17.0,0,15.95192804634232
Theni,9.959722222222222,57,35,normal,27.774389228803496,7,28.678917826075384,42.97994616938519,36,44.358366115609684,28.0,0,29.71721431031717,44.20381477073529,0,45.03568361784349,31.262434629525817,6,32.39478916089644,20.0,0,20.41649815918565,18.0,0,18.099695320567246,17.0,0,18.041112935394743
Coimbatore,8.284444444444444,17,4,weekend,43.767768157330956,5,46.36342204864321,39.566282936927436,19,42.06851566190753,28.0,0,30.471321121424168,43.85765828683595,66,48.1527886454527,40.68923477348823,3,42.684800658553435,20.0,0,20.636314767685988,18.0,0,19.607864587702114,17.0,0,18.17203015654277
Ramanadhapuram,0.5894444444444444,35,22,normal,45.10496819414156,16,39.3075351606039,46.28714749547341,32,40.902194045104295,28.0,0,24.254024261822654,47.605870671869134,0,41.96969174688225,37.96343974512072,5,32.35685369167268,20.0,0,17.237548788118158,18.0,0,16.16960548630556,17.0,0,15.532028116854718
Tenkasi,17.006944444444443,0,25,rain,37.54459048558374,0,36.5284264841013,38.936052625740416,0,39.866340266872875,28.0,0,27.820281296778564,46.84848003316055,0,46.51609494292926,43.719207655035106,20,45.92755221749426,20.0,0,20.899888405105738,18.0,0,18.168308476895675,17.0,0,17.196730807952108
Krishnagiri,8.123333333333333,7,24,weekend,22.021440552288443,5,22.55196234389212,33.98704088769471,17,35.44924309004665,28.0,0,29.93470759199911,43.91159023305815,59,47.430822452076626,48.179345098962024,2,51.16600789811924,20.0,0,20.88060117527903,18.0,0,18.9695488478234,17.0,0,18.501534721037636
Chennai,22.051111111111112,3,4,normal,39.304323934908425,15,34.89139584891154,39.433081213781136,32,35.48468050627292,28.0,0,25.064506940888407,46.755116111988286,0,41.3249561683924,26.618243730497205,4,24.08379884349499,20.0,0,18.21474343268733,18.0,0,16.058865975213944,17.0,0,15.52167808369739
Nagercoil,7.005833333333333,0,21,weekend,36.76187015471747,8,38.012697475066595,42.983592760115535,16,44.730219108834426,28.0,0,29.43966367251917,43.54560165478784,44,47.24987782434719,22.49218157320404,4,23.65287494436879,20.0,0,20.747783688848674,18.0,0,19.00970852527884,17.0,0,17.88163354816911
Perambalur,4.643888888888888,38,38,weekend,40.759418109477394,5,34.78499531202543,39.31380979747918,23,34.4669786212066,28.0,0,25.61627707209859,42.830884456520046,43,39.311652825424886,19.036711661493786,3,17.514249711551894,20.0,0,16.637419123138017,18.0,0,16.110716283437352,17.0,0,15.04675915407985
Coimbatore,17.954166666666666,57,15,normal,38.58726764809433,20,38.48126704241001,40.285698826583115,40,40.82496663064627,28.0,0,26.917090924605663,43.85765828683595,0,43.87770763030545,42.11676363644483,7,42.941811738500206,20.0,0,20.068716922843468,18.0,0,18.191968064224408,17.0,0,16.63108602455225
Ooty,21.21861111111111,13,7,rain,28.58909578998705,0,32.02780957192339,44.26338884162844,0,51.36362073778591,28.0,0,31.09312111720942,46.91917691378848,0,50.42268341620952,41.97774609884506,23,48.24421231385825,20.0,0,23.18870843224402,18.0,0,19.818306876298827,17.0,0,19.985886913170653
Cumbum,0.125,7,30,normal,40.76674865603148,18,35.31899060039612,49.15408934487722,37,43.9960381134564,28.0,0,24.24047863774839,41.388345997514556,0,35.975685964217874,47.691512153415324,4,41.97826433450387,20.0,0,17.57087379877902,18.0,0,15.444186418419475,17.0,0,14.83250337865812
Dharmapuri,19.590277777777775,35,25,rain,39.52700671836661,0,42.62029216629474,38.715080833617264,0,43.01999144118574,28.0,0,29.85308933126347,47.03003548747523,0,49.96457412528189,40.070630429811445,20,45.65387450525363,20.0,0,22.786596163670705,18.0,0,19.535485142207854,17.0,0,19.361660021631526
Vellore,9.7725,46,21,normal,46.98525613981706,17,48.9184991699499,44.916077602585744,39,45.962681991920945,28.0,0,28.976596827487583,48.19899329625811,0,49.84857271138464,35.09685323626527,7,36.28189258717354,20.0,0,21.24250200398273,18.0,0,19.009440269542,17.0,0,18.063609506536853
Dindigul,5.064722222222222,3,53,weekend,40.589860157463335,10,37.366935794543146,40.43167877293759,10,38.0020328049074,28.0,0,26.855219972007095,39.642402141494664,38,38.71372966872188,46.122076154386654,1,42.94625230766752,20.0,0,18.38487574928418,18.0,0,17.568510607904503,17.0,0,16.53281604652547
Chennai,7.60861111111111,36,31,normal,39.304323934908425,15,40.89085479076497,39.433081213781136,32,40.34052368502206,28.0,0,28.138516479802814,46.755116111988286,0,48.25077581495633,26.618243730497205,4,27.56455646774223,20.0,0,19.865532006714055,18.0,0,18.60218525719024,17.0,0,17.802213183200408
Salem,13.1975,11,51,normal,30.991852204279624,15,30.54861813542116,46.51115891623186,37,46.5413789805818,28.0,0,27.636554749001956,42.795009738268384,0,43.029400952053905,39.490013090154434,3,39.173778871593456,20.0,0,19.908094667531092,18.0,0,17.74032533843058,17.0,0,16.63635850935867
Coimbatore,8.53888888888889,32,20,normal,38.58726764809433,20,41.238589942125856,40.285698826583115,40,40.88494371399322,28.0,0,29.118083383172458,43.85765828683595,0,45.03849507554338,42.11676363644483,7,43.83906594173778,20.0,0,20.715434968202516,18.0,0,18.967870343003586,17.0,0,18.11928944885318
Trichy,14.573888888888888,34,26,rain,31.886725557283217,0,31.883926519280788,41.163907526226495,0,42.80869894160256,28.0,0,27.83242156947135,43.72134429055531,0,43.192939586883156,40.05433803692343,23,41.38808850814973,20.0,0,21.529290859479925,18.0,0,17.333588291807754,17.0,0,17.988831261410187
Namakkal,20.400555555555552,24,2,weekend,32.076010226182866,4,35.311187873691566,43.244467826232395,17,46.80726329450984,28.0,0,31.197259572622375,43.77988940216618,40,49.57336301142785,49.65261377539575,3,54.13588455480536,20.0,0,21.079596595445935,18.0,0,20.824491702148926,17.0,0,18.83051135435318
Cumbum,21.8925,53,33,weekend,29.471411633262974,8,31.24202744877778,47.57729861243491,11,51.10685510034695,28.0,0,30.954774444734998,41.388345997514556,43,45.774817297984875,40.83514733104723,2,44.03956195607809,20.0,0,22.309829977801094,18.0,0,19.364561041394918,17.0,0,19.204839084934676
Tirunelveli,16.059444444444445,3,34,normal,39.624756883282366,19,39.29333445361324,38.380917836502896,36,38.37339928462449,28.0,0,27.887982713649215,42.33256633042416,0,42.25694352109719,44.56365019926856,7,44.05799958138105,20.0,0,20.210999433232953,18.0,0,18.144739188537095,17.0,0,17.53741393288603
Viluppuram,13.965277777777777,57,55,normal,32.311841906357756,18,31.524752298675782,42.33646153154534,37,41.061370150140526,28.0,0,27.241133033644246,42.84054514959321,0,42.053443879209105,27.330810800132806,3,27.18733155294168,20.0,0,18.876534145760388,18.0,0,17.578064134838144,17.0,0,16.707679954875974
Viluppuram,13.710833333333333,42,39,weekend,34.90452850109481,5,33.948173215086925,35.84218079539566,16,33.945445188091604,28.0,0,28.11997666548533,42.84054514959321,47,42.56553046695906,33.81871210393652,3,33.02188854151855,20.0,0,18.496702194332777,18.0,0,17.413664146361278,17.0,0,17.636157198489883
Salem,19.125833333333333,7,33,rain,30.46411548521254,0,32.82712211859434,41.07025287760748,0,46.27095920026505,28.0,0,29.721858464134172,42.795009738268384,0,45.894579296989605,42.90399215480497,33,48.18170252620745,20.0,0,22.51240335275033,18.0,0,19.65301919045055,17.0,0,19.350571763344934
Tirunelveli,1.5458333333333332,32,45,normal,39.624756883282366,19,35.27325661225131,38.380917836502896,36,33.74273304725439,28.0,0,23.832065048318956,42.33256633042416,0,37.33365616890185,44.56365019926856,7,38.88281103242986,20.0,0,17.169882563787123,18.0,0,15.291874061639236,17.0,0,15.378864673147074
Dindigul,5.190277777777778,11,25,weekend,40.589860157463335,10,36.7810087990905,40.43167877293759,10,37.68872399514537,28.0,0,27.465094363538498,39.642402141494664,38,37.69173762833057,46.122076154386654,1,42.59342928347392,20.0,0,17.695200308179462,18.0,0,16.722963796755668,17.0,0,16.800516307785074
Vellore,15.700833333333332,42,3,rain,42.35626754079851,0,41.563544687239926,39.03979270045541,0,41.50821718904777,28.0,0,27.86614711705842,48.19899329625811,0,46.992028361785685,43.74006843805889,32,46.28760934886321,20.0,0,20.945374722003077,18.0,0,17.679964880329376,17.0,0,17.449149243480743
Namakkal,5.015833333333333,0,57,normal,46.000408795715074,17,42.97605703303763,47.500537005433976,36,43.4376450898363,28.0,0,26.08682910393061,43.77988940216618,0,40.51381067493572,29.12477557085127,4,27.10407289256251,20.0,0,18.27109926155987,18.0,0,17.276907788397043,17.0,0,15.68266825169576
Cumbum,12.365,21,54,rain,35.11908014464723,0,34.56818230512502,48.36569397865607,0,50.159930489857395,28.0,0,28.29090460399666,41.388345997514556,0,41.370157408715336,32.75549403283424,21,34.91249367339115,20.0,0,21.867641194754775,18.0,0,17.405207023916255,17.0,0,17.751809714847372
Krishnagiri,11.355833333333333,21,21,normal,34.05454940382103,17,33.643345972280564,39.82084190746941,37,39.23802250425688,28.0,0,27.142969371670226,43.91159023305815,0,43.233879845947946,32.33806041486693,7,31.84089119314664,20.0,0,19.073683316180908,18.0,0,17.477208746200006,17.0,0,16.590074710064506
Bodi,3.120277777777778,7,13,rain,35.24301855846298,0,31.252766754350787,43.08852707983893,0,39.94698544971174,28.0,0,25.231546209585574,46.312237496988104,0,41.42865854718442,45.086517299376204,27,42.02073249885804,20.0,0,19.134121383808587,18.0,0,16.176261638875967,17.0,0,15.44615180627457
Chennai,1.0591666666666668,3,33,weekend,38.07906527215725,6,33.117112036017375,41.16424113198611,15,35.74108084325948,28.0,0,25.77360121756808,46.755116111988286,55,41.98654217276383,25.222384006616462,2,22.31260010383382,20.0,0,17.599794004952834,18.0,0,16.363862667187174,17.0,0,16.232146492109166
Madurai,15.603055555555555,36,11,normal,48.966707744846985,17,48.549273764086834,42.86713061014949,38,43.003828651817564,28.0,0,27.64940928441767,49.76319964741091,0,49.94383961569147,26.79408785599537,2,26.617270987913038,20.0,0,19.484324694776426,18.0,0,17.967465266169594,17.0,0,17.017972236290692
Viluppuram,22.238333333333333,14,18,normal,32.311841906357756,18,28.659856091240144,42.33646153154534,37,37.32113202202054,28.0,0,24.887041894262182,42.84054514959321,0,38.30459724676215,27.330810800132806,3,24.09019152012549,20.0,0,18.14797070748769,18.0,0,15.395855163732222,17.0,0,15.607853890412134
Perambalur,10.755555555555556,45,20,rain,39.947734156669284,0,39.47253417391645,40.604214214748886,0,41.23204795621776,28.0,0,27.047479857983,42.830884456520046,0,41.24756320013783,47.42780520358114,28,49.18292082238546,20.0,0,20.28001284533608,18.0,0,16.715968263534776,17.0,0,16.960710842146806
Trichy,17.060833333333335,3,39,normal,32.479306100110314,13,31.894416910047926,42.755118180850474,24,42.0142903733938,28.0,0,28.08177807456349,43.72134429055531,0,43.734463259096984,40.05433803692343,0,39.786975415565124,20.0,0,19.780695798620062,18.0,0,18.16676520501697,17.0,0,17.618139339125477
Tirunelveli,1.2913888888888887,17,29,weekend,38.840222090008695,8,34.192643366299116,44.39081528207452,12,39.03471694602042,28.0,0,25.663789217181353,42.33256633042416,60,38.447860183471654,26.651075201973363,2,23.46228069682714,20.0,0,17.163271580474127,18.0,0,16.996727985870393,17.0,0,15.861496322921237
Tirunelveli,22.171111111111113,10,16,weekend,38.840222090008695,8,34.14896289845903,44.39081528207452,12,39.123912529551795,28.0,0,25.776841954767065,42.33256633042416,60,39.70344281675508,26.651075201973363,2,24.403440920764602,20.0,0,18.098500492107945,18.0,0,16.75480320085343,17.0,0,16.284219631729588
Tenkasi,2.5922222222222224,35,32,normal,35.11028017839375,17,30.222373456708315,44.652961826854906,45,38.7924734399213,28.0,0,24.746921501275907,46.84848003316055,0,41.02299320702805,38.219946675145756,3,33.15405690533884,20.0,0,17.786173715390788,18.0,0,15.731238929107874,17.0,0,14.540003304508627
Vellore,21.379166666666666,22,45,normal,46.98525613981706,17,51.319062238743435,44.916077602585744,39,48.38262749091371,28.0,0,30.815753246483027,48.19899329625811,0,52.58257975196165,35.09685323626527,7,37.64533773831922,20.0,0,21.65971274671839,18.0,0,20.003615763266072,17.0,0,17.929876746663698
Kanyakumari,9.057500000000001,3,27,rain,45.06764523389062,0,46.05374431644358,40.22596629886361,0,43.760587036356505,28.0,0,29.74583760496791,46.56479008021971,0,48.21579235357351,43.677871284269436,33,48.15876276721313,20.0,0,21.94084659564727,18.0,0,18.882757919269686,17.0,0,17.914031857274985
Ramanadhapuram,15.31638888888889,18,59,normal,45.10496819414156,16,45.03868220475583,46.28714749547341,32,46.299077938639876,28.0,0,27.891815299309698,47.605870671869134,0,48.42806513791512,37.96343974512072,5,39.037458945067776,20.0,0,19.506689909435263,18.0,0,18.032535491277454,17.0,0,16.648984785349853
Tenkasi,17.11916666666667,7,9,weekend,39.97890079277373,6,40.04859797792216,33.21914342462593,16,33.96120844180724,28.0,0,29.372164188504986,46.84848003316055,60,49.135486793908285,27.704370543179156,1,27.45675254980699,20.0,0,20.199971242424596,18.0,0,19.36337116927075,17.0,0,17.870057331261133
Viluppuram,16.576666666666668,34,36,rain,33.60818520372628,0,33.45672339083896,39.0893211634705,0,41.20276813673611,28.0,0,27.618768715410244,42.84054514959321,0,42.92468362223972,34.04026235129214,24,35.47942364028606,20.0,0,21.04149881633002,18.0,0,18.02140207801792,17.0,0,18.249432855395995
Tirunelveli,10.777777777777779,46,40,weekend,38.840222090008695,8,37.59605145498703,44.39081528207452,12,43.2247101088339,28.0,0,28.808582952293317,42.33256633042416,60,42.49096694109935,26.651075201973363,2,25.896124344500244,20.0,0,19.147658858659973,18.0,0,18.257152385669496,17.0,0,16.968919994681812
Madurai,6.75,45,0,rain,41.34622390114707,0,43.50595716254762,38.9700071667711,0,43.4061546050035,28.0,0,29.06235154634517,49.76319964741091,0,51.403567839211895,41.92929403966443,21,46.66484959732917,20.0,0,22.28972407283322,18.0,0,18.201891933599583,17.0,0,18.023494110516488
Vellore,15.941944444444445,56,31,normal,46.98525613981706,17,46.81947080408494,44.916077602585744,39,44.02547748302463,28.0,0,27.292669108605185,48.19899329625811,0,47.60344568458005,35.09685323626527,7,35.76688577691659,20.0,0,20.071256640620838,18.0,0,17.695901294373947,17.0,0,17.524688236559673
Tenkasi,20.239444444444445,14,22,weekend,39.97890079277373,6,43.05794690276774,33.21914342462593,16,35.52661441077823,28.0,0,31.270536539612056,46.84848003316055,60,53.106722715257185,27.704370543179156,1,30.251589428762905,20.0,0,21.367006764856995,18.0,0,19.341850182785123,17.0,0,19.395881448403017
Vellore,9.334722222222222,20,5,rain,42.35626754079851,0,44.415933970564616,39.03979270045541,0,43.597250698266805,28.0,0,30.37431816636119,48.19899329625811,0,50.65697110548179,43.74006843805889,32,48.66834298680364,20.0,0,22.154605005848822,18.0,0,18.991060295319947,17.0,0,18.747723405204486
Dharmapuri,19.77361111111111,46,25,weekend,48.232025320958336,7,50.91515202265554,39.34489323207067,15,41.1214197709149,28.0,0,31.251533199065452,47.03003548747523,42,52.31109303466614,23.21228698834546,2,25.154000664352964,20.0,0,21.670280991054405,18.0,0,19.768279422167716,17.0,0,19.160638554258675
Madurai,9.0125,0,45,rain,41.34622390114707,0,42.51532031367931,38.9700071667711,0,42.658284297163014,28.0,0,29.397428484110513,49.76319964741091,0,51.753020231296205,41.92929403966443,21,45.83637035131517,20.0,0,21.36983599756204,18.0,0,18.767918787571205,17.0,0,18.794129548278466
Tirunelveli,1.4747222222222223,28,29,normal,39.624756883282366,19,34.61369974504682,38.380917836502896,36,33.56806149557773,28.0,0,24.773058544513486,42.33256633042416,0,37.00056419419447,44.56365019926856,7,39.24312205843485,20.0,0,17.657629288059685,18.0,0,15.83338218860792,17.0,0,16.146559442405223
Trichy,17.948611111111113,56,55,weekend,31.29414501445612,6,31.641718531430854,39.572696871602524,8,39.571253428962784,28.0,0,29.004191893343275,43.72134429055531,38,45.471479460771135,40.05433803692343,0,39.77517656346939,20.0,0,20.30885146858532,18.0,0,18.12675911484102,17.0,0,17.57095540632027
Madurai,0.8927777777777778,53,34,normal,48.966707744846985,17,42.58047318892808,42.86713061014949,38,37.12850079434289,28.0,0,24.193307101833827,49.76319964741091,0,43.031510489510175,26.79408785599537,2,22.78496328728904,20.0,0,17.7325750000105,18.0,0,15.751963384710846,17.0,0,15.160798520641004
Tirunelveli,13.643611111111111,38,37,rain,39.232489486645534,0,38.05073316787748,41.38586655928871,0,42.42459522117604,28.0,0,26.46013125317203,42.33256633042416,0,41.18745569391224,40.88264477008581,27,41.08556185443693,20.0,0,20.307836569650387,18.0,0,18.794266595912486,17.0,0,17.422181732864715
Tenkasi,23.543055555555558,32,35,normal,35.11028017839375,17,30.598490005066207,44.652961826854906,45,39.90887184786159,28.0,0,24.8219789938171,46.84848003316055,0,40.589875283580696,38.219946675145756,3,32.759177248769895,20.0,0,17.727222500658737,18.0,0,15.699789751341909,17.0,0,14.208301414673256
Perambalur,1.5947222222222224,35,41,weekend,40.759418109477394,5,36.75008545588119,39.31380979747918,23,33.853798122976336,28.0,0,25.40613242629352,42.830884456520046,43,39.063657713438445,19.036711661493786,3,16.74829436229537,20.0,0,17.38387870063586,18.0,0,16.268088345185824,17.0,0,15.337109476986267
Krishnagiri,17.721944444444443,43,19,normal,34.05454940382103,17,33.218877956586,39.82084190746941,37,39.10540790204518,28.0,0,27.122697749939025,43.91159023305815,0,43.773491037812576,32.33806041486693,7,31.913497927194907,20.0,0,20.44569046055583,18.0,0,17.600152536868503,17.0,0,16.323125993094717
Krishnagiri,8.306666666666667,18,24,normal,34.05454940382103,17,35.457270142373595,39.82084190746941,37,41.42919248701145,28.0,0,29.28704258314174,43.91159023305815,0,45.89408055029372,32.33806041486693,7,33.314842009490455,20.0,0,21.256702356683,18.0,0,18.366931434010205,17.0,0,17.663305017597402
Theni,0.17777777777777776,10,40,rain,38.19004885214979,0,34.119125234408195,44.333205526315936,0,41.62505923126476,28.0,0,24.770386511773374,44.20381477073529,0,38.75122795384615,45.05616956083969,11,41.988091984858414,20.0,0,18.47915067633185,18.0,0,15.820790928984119,17.0,0,15.565923066244354
Tirunelveli,19.121944444444445,7,19,weekend,38.840222090008695,8,41.93515047035691,44.39081528207452,12,47.95194610496518,28.0,0,31.128204158358344,42.33256633042416,60,47.23008025632456,26.651075201973363,2,28.932331747609197,20.0,0,21.829436652156662,18.0,0,19.660542081994073,17.0,0,19.51722995463507
Tirunelveli,19.050833333333333,3,3,weekend,38.840222090008695,8,42.2569857367398,44.39081528207452,12,48.97897620981084,28.0,0,30.959611948722436,42.33256633042416,60,47.24072406775993,26.651075201973363,2,28.00935515047938,20.0,0,22.14407871895033,18.0,0,20.698950931416285,17.0,0,19.666273172698734
Tenkasi,17.190277777777776,11,25,weekend,39.97890079277373,6,40.564023676726904,33.21914342462593,16,33.75986363802418,28.0,0,29.591011867404017,46.84848003316055,60,49.0483286820713,27.704370543179156,1,28.13799281386296,20.0,0,20.695726318458558,18.0,0,18.984115279921415,17.0,0,16.922066550300254
Virudhunagar,8.542777777777777,32,34,weekend,48.47349620631729,2,50.01579302441089,33.93939787277466,11,35.347119381035185,28.0,0,29.79631648383617,40.43468399020969,49,43.46253215993181,39.087567533570414,2,40.26514051739404,20.0,0,19.985515493563003,18.0,0,19.379185133552948,17.0,0,18.049960046403363
Tenkasi,11.895277777777777,53,43,weekend,39.97890079277373,6,39.1165559678886,33.21914342462593,16,33.23605865513522,28.0,0,27.97474811690576,46.84848003316055,60,46.64056827234457,27.704370543179156,1,26.731570588660386,20.0,0,19.32236590131359,18.0,0,17.76166440018752,17.0,0,17.23114159634614
Trichy,20.30666666666667,18,24,normal,32.479306100110314,13,35.24825669887013,42.755118180850474,24,46.46004613702134,28.0,0,30.48383209387212,43.72134429055531,0,47.58812405090293,40.05433803692343,0,43.64931884490149,20.0,0,22.192086173670212,18.0,0,19.555010879936077,17.0,0,18.077083600621645
Tirunelveli,4.353888888888888,21,14,rain,39.232489486645534,0,34.529817093509955,41.38586655928871,0,39.641149863548094,28.0,0,24.543431472833717,42.33256633042416,0,36.51757359410928,40.88264477008581,27,38.568632376876536,20.0,0,19.316416623703827,18.0,0,16.724810107147025,17.0,0,16.312268291101606
Vellore,0.9905555555555555,59,26,rain,42.35626754079851,0,37.52188844450195,39.03979270045541,0,35.419887817966504,28.0,0,24.2461919828712,48.19899329625811,0,41.916866961011266,43.74006843805889,32,40.91809687756523,20.0,0,18.608568000313504,18.0,0,15.778465524436793,17.0,0,15.846889011569123
Theni,0.5444444444444444,32,40,normal,27.774389228803496,7,23.90155719090079,42.97994616938519,36,37.43844044454438,28.0,0,23.420897396644584,44.20381477073529,0,38.59702569180356,31.262434629525817,6,27.142794369541505,20.0,0,17.86622231416415,18.0,0,15.949986920070515,17.0,0,14.565672877825818
Virudhunagar,5.239166666666667,14,21,rain,44.350793481000736,0,40.97140191289154,39.17951110800057,0,37.573534130523385,28.0,0,25.297020631719793,40.43468399020969,0,37.68443291931799,36.442483195672004,35,35.55696416717885,20.0,0,19.49081983638223,18.0,0,16.787538995652177,17.0,0,16.248315128907702
Viluppuram,1.0630555555555556,3,47,rain,33.60818520372628,0,29.554360054677954,39.0893211634705,0,35.86773301235824,28.0,0,24.69273742388509,42.84054514959321,0,37.91187581842126,34.04026235129214,24,31.431633956478255,20.0,0,17.74172969936741,18.0,0,15.647373588746602,17.0,0,16.092779646798622
Namakkal,20.359444444444446,21,34,rain,39.038209510948974,0,42.753426994599096,45.37250241583318,0,52.41526811289556,28.0,0,30.201140235102095,43.77988940216618,0,47.41915618811492,36.16769493281081,25,40.88379805784867,20.0,0,22.5822677433374,18.0,0,20.259995165365932,17.0,0,18.875533911539
Krishnagiri,23.82027777777778,49,13,normal,34.05454940382103,17,29.707316449551225,39.82084190746941,37,34.27326003245534,28.0,0,25.1726860501744,43.91159023305815,0,38.416504400280225,32.33806041486693,7,28.107694784969244,20.0,0,17.32119602317434,18.0,0,14.864644896145055,17.0,0,14.347067416598852
Pudukottai,2.4672222222222224,28,2,rain,39.01988715770722,0,34.51466462492869,40.46523697096036,0,37.63537749023177,28.0,0,24.828904416099462,47.052339145013335,0,42.53576637958916,38.27290797059502,23,36.20689808261443,20.0,0,18.555629858816697,18.0,0,15.422363665952428,17.0,0,16.43485433334938
Karur,19.840833333333332,50,27,normal,35.06662939339528,11,37.95990494017902,42.8568280809084,38,45.62572907328877,28.0,0,29.461159372135807,44.75094055807841,0,47.52795356660542,46.32712388343816,6,49.20522158673157,20.0,0,21.686418279411843,18.0,0,19.427106732935886,17.0,0,19.208274887378337
Madurai,12.245,14,42,weekend,33.72574005744715,6,33.90121584973672,35.07288372339271,19,34.72131944939619,28.0,0,28.678123432863988,49.76319964741091,57,50.73643225414746,34.3616909478299,0,34.73729507252861,20.0,0,19.29490331203521,18.0,0,18.167270697097717,17.0,0,17.722785828322102
Krishnagiri,11.131388888888889,7,53,rain,28.037994978054734,0,26.518874712866644,36.90394139758206,0,37.947475058660046,28.0,0,28.975859411997533,43.91159023305815,0,43.78036876800625,39.092342191470394,32,40.17805422205129,20.0,0,20.79122152767815,18.0,0,17.867569943007794,17.0,0,18.069328287365803
Ramanadhapuram,6.772222222222222,46,20,weekend,32.22203584783519,4,32.233498751172405,46.049332929064576,13,47.520172786913655,28.0,0,29.839113537806792,47.605870671869134,51,50.360494626205686,40.10648814684355,0,41.70154349533915,20.0,0,20.129355071756496,18.0,0,19.007448076080095,17.0,0,17.790409084498197
Tenkasi,23.288611111111113,17,19,weekend,39.97890079277373,6,35.99373888138911,33.21914342462593,16,30.06799235037371,28.0,0,26.051517946077652,46.84848003316055,60,43.15215828586685,27.704370543179156,1,24.915819543428736,20.0,0,17.213757182390115,18.0,0,15.76404463287208,17.0,0,15.868730604806117
Salem,13.014166666666666,0,51,weekend,29.93637876614546,8,28.795928972837196,35.6293468389831,15,35.867130763824484,28.0,0,28.554474669140575,42.795009738268384,52,43.13773031224995,32.0154388677313,4,31.147286743672588,20.0,0,18.926260277443987,18.0,0,18.704445174260282,17.0,0,16.920273386715994
Karur,19.34861111111111,20,55,rain,31.99517790958504,0,35.29448248935573,37.73247184428588,0,42.931952286960566,28.0,0,31.235267117650192,44.75094055807841,0,48.6234752019444,43.03240121394373,28,49.60459319666184,20.0,0,22.257558441066248,18.0,0,18.791856858801733,17.0,0,19.68922235494041
Pudukottai,23.730277777777776,43,49,normal,40.17823385325815,17,35.23046619976457,42.63016247598119,46,37.91431106831501,28.0,0,24.55084330660024,47.052339145013335,0,40.36618927630152,26.472202597790183,3,23.4466481814244,20.0,0,18.564861693677305,18.0,0,15.144013689512308,17.0,0,14.863196789047702
Karur,19.586388888888887,35,11,weekend,28.9237264257748,7,30.835152322097727,32.608115607663365,14,35.34689029147554,28.0,0,30.695671364344648,44.75094055807841,51,50.18739849955882,44.679762548690945,0,47.71009290534066,20.0,0,21.34533667931541,18.0,0,20.635883834964655,17.0,0,19.25769766695069
Salem,22.287222222222223,17,14,weekend,29.93637876614546,8,27.834266025626977,35.6293468389831,15,31.629217314301517,28.0,0,25.70540710188868,42.795009738268384,52,39.83875467567678,32.0154388677313,4,28.160010422846444,20.0,0,17.71986731572391,18.0,0,16.458401794624788,17.0,0,14.54069307074398
Nagercoil,22.661666666666665,39,42,weekend,36.76187015471747,8,30.913788930972075,42.983592760115535,16,37.70572143137453,28.0,0,25.298547732777024,43.54560165478784,44,39.240575999764104,22.49218157320404,4,19.67802049697238,20.0,0,17.202123450168603,18.0,0,15.354285432313679,17.0,0,15.818927989442841
Viluppuram,10.407222222222222,24,26,rain,33.60818520372628,0,33.07320763647158,39.0893211634705,0,39.377057969193714,28.0,0,27.973356670443902,42.84054514959321,0,41.90728972114578,34.04026235129214,24,35.94555902547497,20.0,0,21.249414566677263,18.0,0,17.419057017086832,17.0,0,17.824230031334423
Tirunelveli,13.010277777777778,0,37,normal,39.624756883282366,19,38.87147328137073,38.380917836502896,36,36.41405108792635,28.0,0,26.87549641508942,42.33256633042416,0,41.92378237635165,44.56365019926856,7,42.91247215356349,20.0,0,19.909713686053472,18.0,0,17.879249247222322,17.0,0,16.259126680533367
Kanyakumari,18.839444444444442,50,22,normal,40.91867763801298,14,43.41300866884067,41.22047902430772,46,43.41003701011188,28.0,0,29.282338791135736,46.56479008021971,0,49.83508152860341,40.049794546320875,8,42.62867903087778,20.0,0,21.684039202598143,18.0,0,18.608452939337504,17.0,0,18.261297027009704
Chennai,22.684444444444445,41,4,rain,38.69169460353284,0,34.48491556097388,40.29866117288363,0,37.569438565281224,28.0,0,24.881733544687474,46.755116111988286,0,41.27870024734237,41.59902003798844,29,38.83141946072748,20.0,0,17.79303579892914,18.0,0,15.818954073774371,17.0,0,15.399527169216352
Pudukottai,2.412777777777778,24,46,rain,39.01988715770722,0,34.302483395676994,40.46523697096036,0,38.34630891519865,28.0,0,24.280105253703894,47.052339145013335,0,41.99343529094867,38.27290797059502,23,36.57836073450859,20.0,0,19.08505151229589,18.0,0,15.928905510018904,17.0,0,15.299907924539376
Karur,16.66611111111111,39,58,normal,35.06662939339528,11,34.67160309444597,42.8568280809084,38,43.48030314563167,28.0,0,28.2737723331213,44.75094055807841,0,44.19578966547853,46.32712388343816,6,45.80933139527174,20.0,0,20.22711104992561,18.0,0,17.84109207799763,17.0,0,16.885226873278857
Tenkasi,17.064722222222223,3,53,weekend,39.97890079277373,6,40.21361107345436,33.21914342462593,16,33.14468234217809,28.0,0,28.948787602178392,46.84848003316055,60,48.76916000372542,27.704370543179156,1,28.28472355723283,20.0,0,19.931631212285033,18.0,0,19.873766658934507,17.0,0,18.000901279603443
Nagercoil,4.576666666666666,34,36,rain,38.0797699655937,0,32.70719427916809,42.3424347694493,0,39.119983692014685,28.0,0,24.531071223211942,43.54560165478784,0,38.25399174241405,35.29953219912303,24,31.498577510130556,20.0,0,17.647891113542546,18.0,0,15.997443624343223,17.0,0,14.317770365176179
Namakkal,8.065000000000001,3,54,normal,46.000408795715074,17,47.84486446060278,47.500537005433976,36,50.1355411487379,28.0,0,28.89003709760009,43.77988940216618,0,45.91113183144481,29.12477557085127,4,30.554634171535902,20.0,0,22.01306525711995,18.0,0,19.152688949746256,17.0,0,17.553913120920612
Trichy,8.516666666666667,31,0,weekend,31.29414501445612,6,33.448360645074274,39.572696871602524,8,42.47387047426898,28.0,0,30.827934840923767,43.72134429055531,38,48.21659645873111,40.05433803692343,0,41.169999942513,20.0,0,20.263307643644428,18.0,0,19.420438004934564,17.0,0,18.496741957622962
Ooty,21.54416666666667,32,39,weekend,23.42485009104321,7,24.810322573119734,42.15278264391995,13,45.02795709923891,28.0,0,31.282000834402275,46.91917691378848,45,52.471162211226584,49.23476274080344,2,52.790027944262725,20.0,0,21.28857868986146,18.0,0,19.946280377145197,17.0,0,20.115976231906465
Pudukottai,8.89111111111111,53,28,weekend,37.86154046215629,6,38.25433721096844,38.300311465939544,20,39.5672127844631,28.0,0,29.269525462518395,47.052339145013335,50,50.5372390010737,28.41956323712548,3,29.249899583050006,20.0,0,20.748725752274776,18.0,0,18.64260671282416,17.0,0,18.212047364102848
Coimbatore,20.003333333333334,0,12,normal,38.58726764809433,20,41.671122541009645,40.285698826583115,40,43.49480779722076,28.0,0,30.068096830272353,43.85765828683595,0,48.026890091824335,42.11676363644483,7,45.81177423970386,20.0,0,21.466515110785572,18.0,0,19.369642853239863,17.0,0,17.688811621336892
Dindigul,5.119166666666667,7,9,weekend,40.589860157463335,10,38.29471935716837,40.43167877293759,10,38.245552182045635,28.0,0,27.306622220567085,39.642402141494664,38,39.2058015053538,46.122076154386654,1,42.781724919284045,20.0,0,19.95273881905582,18.0,0,17.2963969684782,17.0,0,16.547023035604543
Namakkal,17.239166666666666,14,21,rain,39.038209510948974,0,40.219086700179545,45.37250241583318,0,47.68441252170119,28.0,0,28.87894348573613,43.77988940216618,0,43.9743644335669,36.16769493281081,25,38.58169116154606,20.0,0,21.464452678518242,18.0,0,18.63098509320879,17.0,0,17.585663620139144
Ooty,6.705,42,18,rain,28.58909578998705,0,28.335455686356234,44.26338884162844,0,48.56254515788113,28.0,0,28.69036082023022,46.91917691378848,0,48.447265972523596,41.97774609884506,23,46.42875369343757,20.0,0,21.94323464151204,18.0,0,19.157538197481085,17.0,0,17.7945716533081
Dindigul,20.703888888888887,42,14,weekend,40.589860157463335,10,43.83575508160267,40.43167877293759,10,43.57414259044666,28.0,0,31.452232531112106,39.642402141494664,38,44.30154588871435,46.122076154386654,1,49.41856254136237,20.0,0,20.94795184225221,18.0,0,19.7174541180323,17.0,0,19.17887579756441
Nagercoil,4.76,45,36,weekend,36.76187015471747,8,32.450178054260746,42.983592760115535,16,37.1706595998558,28.0,0,25.182398001616953,43.54560165478784,44,39.33941006968323,22.49218157320404,4,20.096426167537707,20.0,0,16.8512193186696,18.0,0,16.56092437137257,17.0,0,15.318826157590845
Viluppuram,4.237777777777778,14,16,rain,33.60818520372628,0,30.266799561748154,39.0893211634705,0,36.08618475153365,28.0,0,24.88041990012568,42.84054514959321,0,38.00460399749334,34.04026235129214,24,31.29499272115444,20.0,0,18.07589640818942,18.0,0,15.726313970603487,17.0,0,15.912738932460968
Tenkasi,20.985,59,6,rain,37.54459048558374,0,40.70260625624556,38.936052625740416,0,44.60068711761736,28.0,0,29.66300014758145,46.84848003316055,0,51.07895823736379,43.719207655035106,20,50.14663822760962,20.0,0,23.20308207761272,18.0,0,19.619745936907112,17.0,0,19.43275002506044
Pudukottai,2.341666666666667,20,30,rain,39.01988715770722,0,34.834767637198084,40.46523697096036,0,37.29802252184447,28.0,0,24.9635559377401,47.052339145013335,0,40.903773776210166,38.27290797059502,23,35.153716288739204,20.0,0,18.575389715325496,18.0,0,16.08481919053136,17.0,0,15.70511445232285
Krishnagiri,14.476111111111111,28,34,normal,34.05454940382103,17,34.1243682219034,39.82084190746941,37,39.89251894155513,28.0,0,27.642827225869034,43.91159023305815,0,43.97268705558372,32.33806041486693,7,32.145737244415045,20.0,0,18.640399947924823,18.0,0,17.7204401488204,17.0,0,17.42751450330719
Viluppuram,10.519444444444446,31,10,weekend,34.90452850109481,5,34.223929044067674,35.84218079539566,16,34.84277413802353,28.0,0,28.150339600726134,42.84054514959321,47,44.264706805058516,33.81871210393652,3,33.02289952708271,20.0,0,19.02455724493965,18.0,0,18.76557363332899,17.0,0,17.173205597781276
Krishnagiri,20.587777777777777,35,16,weekend,22.021440552288443,5,23.92598831926543,33.98704088769471,17,37.064389596855655,28.0,0,31.411405141126746,43.91159023305815,59,48.84355652136443,48.179345098962024,2,50.80404484214851,20.0,0,21.510286154542513,18.0,0,20.115492098648758,17.0,0,19.069330366607094
Perambalur,13.184722222222222,11,5,weekend,40.759418109477394,5,40.38939730742814,39.31380979747918,23,39.516436272043315,28.0,0,28.894172965654167,42.830884456520046,43,43.44196272718628,19.036711661493786,3,18.5884788953391,20.0,0,19.198100185134614,18.0,0,18.71921988227533,17.0,0,17.80203043993106
Vellore,3.548611111111111,32,55,normal,46.98525613981706,17,41.28388032909343,44.916077602585744,39,40.03347406237781,28.0,0,25.207169298891063,48.19899329625811,0,42.57719991119546,35.09685323626527,7,30.443346812229255,20.0,0,17.521653292620638,18.0,0,15.240603706034083,17.0,0,15.040310316733922
Nagercoil,1.5986111111111112,35,55,rain,38.0797699655937,0,33.304396132132794,42.3424347694493,0,38.50371546305508,28.0,0,24.95965924180946,43.54560165478784,0,38.829675936524374,35.29953219912303,24,32.482410199088555,20.0,0,18.313388718944438,18.0,0,15.40999109309897,17.0,0,15.643202036234191
Madurai,18.468888888888888,28,8,weekend,33.72574005744715,6,36.20720996887937,35.07288372339271,19,38.51917890928745,28.0,0,32.00456417461258,49.76319964741091,57,56.89966892150488,34.3616909478299,0,37.50437989731197,20.0,0,22.147867461886744,18.0,0,20.20725767237454,17.0,0,18.995694047350632
Chennai,7.425277777777778,25,31,weekend,38.07906527215725,6,39.56789621515756,41.16424113198611,15,42.880084099843316,28.0,0,30.27450262306489,46.755116111988286,55,50.42860533833346,25.222384006616462,2,25.718035407397267,20.0,0,20.71128974087221,18.0,0,19.1136460328108,17.0,0,17.806226575327656
Namakkal,23.40861111111111,24,31,rain,39.038209510948974,0,34.2581061913232,45.37250241583318,0,42.61128823421444,28.0,0,24.790215860630447,43.77988940216618,0,38.614058335946844,36.16769493281081,25,33.820085566268844,20.0,0,18.96949418899877,18.0,0,16.190652544596972,17.0,0,16.344805229495222
Dindigul,23.753055555555555,45,11,weekend,40.589860157463335,10,35.84074092440454,40.43167877293759,10,35.57021584808739,28.0,0,25.94847542932459,39.642402141494664,38,35.98544415834268,46.122076154386654,1,40.05008476871084,20.0,0,18.075945450821703,18.0,0,16.181997701226944,17.0,0,15.594306893881987
Kanyakumari,0.9377777777777778,56,16,normal,40.91867763801298,14,36.51840906287051,41.22047902430772,46,36.53922201730341,28.0,0,24.379948529962327,46.56479008021971,0,40.78708557916832,40.049794546320875,8,35.517161653743415,20.0,0,17.855411077012498,18.0,0,15.155209004449897,17.0,0,14.195689811785549
Pudukottai,11.123611111111112,7,25,normal,40.17823385325815,17,38.99707709519928,42.63016247598119,46,41.51638226423222,28.0,0,27.000802986797698,47.052339145013335,0,46.38340951872989,26.472202597790183,3,25.09520731224656,20.0,0,19.17341378475341,18.0,0,16.82743748772541,17.0,0,16.872889279083267
Pudukottai,14.369444444444445,22,10,normal,40.17823385325815,17,40.0007870432168,42.63016247598119,46,44.195599744625994,28.0,0,28.772250393053085,47.052339145013335,0,47.31492629476873,26.472202597790183,3,26.285604907229473,20.0,0,20.4362408956726,18.0,0,18.062950349526275,17.0,0,17.32621153349168
Ooty,15.361388888888888,21,41,normal,33.753341488930886,13,34.59338691149808,46.373995039336926,37,46.97383393771803,28.0,0,27.71636082202402,46.91917691378848,0,46.199500232415154,36.06306576188319,4,36.751576774221064,20.0,0,20.1627234110771,18.0,0,17.766001258260644,17.0,0,17.623813168146416
Nagercoil,19.65361111111111,39,13,normal,39.39766977646993,14,42.212970179295944,41.701276778783054,39,45.76612545728626,28.0,0,29.96232920860813,43.54560165478784,0,46.60001048109687,30.462175083948065,3,32.5967336087827,20.0,0,20.859491048946698,18.0,0,18.84025464161711,17.0,0,17.995382637683786
Coimbatore,2.315,18,54,normal,38.58726764809433,20,34.421420529157814,40.285698826583115,40,36.47200978543595,28.0,0,25.564125824100973,43.85765828683595,0,38.51112796899056,42.11676363644483,7,37.45629715802456,20.0,0,18.46478514306802,18.0,0,16.29690318227456,17.0,0,15.263454416604489
Chennai,19.001944444444444,0,7,normal,39.304323934908425,15,42.53476121168579,39.433081213781136,32,42.274751494910774,28.0,0,29.964041103111146,46.755116111988286,0,50.82273205216532,26.618243730497205,4,29.46944140931428,20.0,0,22.960456456935148,18.0,0,19.26271712416178,17.0,0,19.08774990446504
Pudukottai,23.404722222222222,24,17,weekend,37.86154046215629,6,33.92614419638439,38.300311465939544,20,33.820633316976924,28.0,0,26.09935066315942,47.052339145013335,50,43.5719908668461,28.41956323712548,3,24.776851084931277,20.0,0,17.269707746482762,18.0,0,16.844668071019754,17.0,0,15.493865196834763
Bodi,0.05777777777777778,3,28,weekend,26.71685653185835,12,23.797135091146743,41.07058006834765,11,35.95523336788907,28.0,0,26.080990193889008,46.312237496988104,54,42.60430636328134,29.595738987812993,2,26.790699179293643,20.0,0,17.87962402435629,18.0,0,15.720107671845932,17.0,0,15.484756537591817
Pudukottai,17.051944444444445,3,7,rain,39.01988715770722,0,38.84267877352997,40.46523697096036,0,43.3281356132619,28.0,0,28.416195379247096,47.052339145013335,0,48.087636216271434,38.27290797059502,23,40.74658833943835,20.0,0,21.63518064292861,18.0,0,18.35081563198843,17.0,0,18.425964392799653
Cumbum,21.638055555555557,38,17,rain,35.11908014464723,0,37.335484549180265,48.36569397865607,0,54.37613890221664,28.0,0,30.37335916027636,41.388345997514556,0,43.63806757330815,32.75549403283424,21,36.23306496375401,20.0,0,21.5663945573776,18.0,0,19.2861748963853,17.0,0,18.607628910236546
Vellore,0.13277777777777777,7,58,rain,42.35626754079851,0,37.75733678924383,39.03979270045541,0,36.777053849339936,28.0,0,24.41635183446423,48.19899329625811,0,42.95400839995458,43.74006843805889,32,41.546821201668735,20.0,0,19.64771298540669,18.0,0,16.615633651933937,17.0,0,15.37623017434663
Dindigul,11.105277777777777,6,19,rain,39.546621018905,0,38.811668394508224,42.5310672795623,0,43.92023436980517,28.0,0,27.865009553334207,39.642402141494664,0,38.37132102260471,39.436185183781845,30,40.340315796008994,20.0,0,20.773277245594624,18.0,0,17.655457715267993,17.0,0,17.810216714706705
Dharmapuri,4.0055555555555555,0,20,rain,39.52700671836661,0,34.84562574129109,38.715080833617264,0,35.443466655713905,28.0,0,25.4370015325881,47.03003548747523,0,41.268291051013406,40.070630429811445,20,37.4951498044272,20.0,0,18.542199185728485,18.0,0,16.164363289451966,17.0,0,15.786534699270103
Dindigul,11.543055555555556,32,35,normal,38.50338188034666,17,36.79848317533845,44.630455786187014,44,43.31554931608153,28.0,0,27.356148526572607,39.642402141494664,0,38.64724883942536,26.31908254034386,12,25.848017741699362,20.0,0,19.044944442011175,18.0,0,17.5410792105245,17.0,0,16.728119271129998
Dindigul,2.0155555555555558,0,56,weekend,40.589860157463335,10,35.58809796028936,40.43167877293759,10,35.9412679985787,28.0,0,26.0668488612549,39.642402141494664,38,36.17823435429826,46.122076154386654,1,40.833222217933475,20.0,0,17.415849270993846,18.0,0,16.326968281273874,17.0,0,15.13746162409315
Krishnagiri,8.86888888888889,52,8,rain,28.037994978054734,0,28.707502379995535,36.90394139758206,0,40.76593582330495,28.0,0,29.38560386746005,43.91159023305815,0,45.48916930400348,39.092342191470394,32,42.84532449828982,20.0,0,21.931995142963196,18.0,0,18.608327520738907,17.0,0,18.464751306266493
Vellore,3.1819444444444445,10,55,rain,42.35626754079851,0,37.54630656329039,39.03979270045541,0,36.02666926486837,28.0,0,25.578458091619478,48.19899329625811,0,43.41878412334105,43.74006843805889,32,40.10812234265687,20.0,0,18.073405333790056,18.0,0,16.327253960428536,17.0,0,15.798170067815477
Salem,22.175,10,30,rain,30.46411548521254,0,26.876879587605842,41.07025287760748,0,38.51993619580584,28.0,0,24.29027289405967,42.795009738268384,0,38.016436372990825,42.90399215480497,33,39.695448295726415,20.0,0,18.103830908018228,18.0,0,16.05470380523651,17.0,0,15.719265722593544
Ramanadhapuram,9.709166666666667,42,33,rain,38.663502020988375,0,39.43261594519145,46.168240212269,0,49.917740457766875,28.0,0,28.252201650070862,47.605870671869134,0,48.62531275483423,42.24953654856638,22,45.818844456466124,20.0,0,21.52228219622435,18.0,0,18.801292417939187,17.0,0,18.571115491857864
Trichy,17.18638888888889,11,11,normal,32.479306100110314,13,32.587630151702605,42.755118180850474,24,42.84701847277029,28.0,0,28.91218151438748,43.72134429055531,0,44.07091709712444,40.05433803692343,0,40.162786579648696,20.0,0,20.38329802189698,18.0,0,18.501140512166156,17.0,0,17.482447689198256
Krishnagiri,5.060833333333333,3,39,normal,34.05454940382103,17,32.2682005060158,39.82084190746941,37,37.245866302393765,28.0,0,24.965115559018024,43.91159023305815,0,40.080908470342074,32.33806041486693,7,29.43663349007701,20.0,0,18.355836245526593,18.0,0,16.525448984535572,17.0,0,16.98130963589721
Salem,16.005555555555556,0,20,rain,30.46411548521254,0,29.73225666779782,41.07025287760748,0,43.574278031677515,28.0,0,27.983422464341064,42.795009738268384,0,42.43995921535236,42.90399215480497,33,44.72982906890346,20.0,0,20.92191924420286,18.0,0,18.039788037838704,17.0,0,17.382380541882814
Theni,15.058055555555557,3,29,normal,27.774389228803496,7,27.548323790084122,42.97994616938519,36,42.626366571939165,28.0,0,28.140215461893398,44.20381477073529,0,44.96799567258492,31.262434629525817,6,30.29685156807956,20.0,0,20.965475246073744,18.0,0,17.842998962583856,17.0,0,17.107292092043554
Karur,7.867500000000001,52,3,rain,31.99517790958504,0,32.61693083145704,37.73247184428588,0,40.73911631588377,28.0,0,29.308493357582467,44.75094055807841,0,45.853254285047825,43.03240121394373,28,47.275902210181776,20.0,0,22.156279136421265,18.0,0,18.174994811538678,17.0,0,18.07026979141164
Bodi,0.2411111111111111,14,28,normal,43.7691805850676,17,38.71640328750435,45.10647409133021,38,39.814439832694646,28.0,0,25.094865436924895,46.312237496988104,0,41.07361062519985,35.005235627037244,7,31.22912592482966,20.0,0,17.36094867454213,18.0,0,16.30766151517612,17.0,0,15.753130397744872
Bodi,18.633888888888887,38,2,rain,35.24301855846298,0,37.7339575163316,43.08852707983893,0,48.377101569328346,28.0,0,30.22388748689683,46.312237496988104,0,49.69860827642519,45.086517299376204,27,51.150694118806086,20.0,0,22.65340537180474,18.0,0,20.129576420796575,17.0,0,19.139326088008453
Salem,4.653333333333333,39,12,weekend,29.93637876614546,8,26.134474807731372,35.6293468389831,15,30.668749330652506,28.0,0,24.951193825497114,42.795009738268384,52,38.34587915534331,32.0154388677313,4,28.585554251727423,20.0,0,17.728734609005247,18.0,0,15.982893177549974,17.0,0,15.207176144257323
Pudukottai,14.315000000000001,18,54,normal,40.17823385325815,17,40.61280679641029,42.63016247598119,46,42.967011888885,28.0,0,28.820504880852415,47.052339145013335,0,46.87409681468333,26.472202597790183,3,25.960079526396193,20.0,0,20.289695250647267,18.0,0,18.302652218107195,17.0,0,17.426880961706935
Kanyakumari,18.76833333333333,46,6,normal,40.91867763801298,14,44.50492935157744,41.22047902430772,46,44.72214519521972,28.0,0,30.115230216615007,46.56479008021971,0,50.69771726077364,40.049794546320875,8,43.513626182025135,20.0,0,21.566925749857447,18.0,0,18.963069751236652,17.0,0,18.582002217718884
Dindigul,14.225555555555555,13,32,rain,39.546621018905,0,39.14580219224979,42.5310672795623,0,44.99049189419641,28.0,0,28.59915778181763,39.642402141494664,0,40.01429924372352,39.436185183781845,30,41.63023016513573,20.0,0,21.03781124366864,18.0,0,17.693710293958535,17.0,0,17.886415668501925
Coimbatore,11.404722222222222,24,17,weekend,43.767768157330956,5,43.23596541909835,39.566282936927436,19,38.43667736944716,28.0,0,28.989920410099113,43.85765828683595,66,44.3747088075252,40.68923477348823,3,39.804963562797795,20.0,0,19.409540244979773,18.0,0,19.02672865283498,17.0,0,17.555131287877586
Nagercoil,19.41583333333333,24,57,weekend,36.76187015471747,8,40.302411357139626,42.983592760115535,16,47.04017715199811,28.0,0,31.696961958104595,43.54560165478784,44,50.579338334120955,22.49218157320404,4,25.161023623218405,20.0,0,21.526465073372286,18.0,0,20.329355896812633,17.0,0,19.219823589611156
Cumbum,3.004166666666667,0,15,rain,35.11908014464723,0,30.937764418853124,48.36569397865607,0,44.93023619701242,28.0,0,24.599108081668316,41.388345997514556,0,36.407869846474924,32.75549403283424,21,30.169607686971542,20.0,0,17.831109568961995,18.0,0,15.607570166027624,17.0,0,16.119580824294083
Nagercoil,7.063611111111111,3,49,normal,39.39766977646993,14,41.6573929277534,41.701276778783054,39,43.71732551377192,28.0,0,29.928971475093572,43.54560165478784,0,45.61234285137019,30.462175083948065,3,31.7443233041464,20.0,0,20.112516927534916,18.0,0,18.094793202244436,17.0,0,16.951849747408648
Pudukottai,2.7083333333333335,42,30,normal,40.17823385325815,17,34.655044636744464,42.63016247598119,46,36.507226423870584,28.0,0,25.243792864929784,47.052339145013335,0,40.53968233703989,26.472202597790183,3,22.93951752987361,20.0,0,17.334461619528433,18.0,0,15.638237795484212,17.0,0,14.581016812984242
Ooty,6.6338888888888885,38,2,rain,28.58909578998705,0,29.70373822254602,44.26338884162844,0,49.170479912067016,28.0,0,29.65412928031978,46.91917691378848,0,48.806209755937395,41.97774609884506,23,45.64804489205131,20.0,0,22.03289375432979,18.0,0,18.608729854913378,17.0,0,19.29032112841818
Dharmapuri,7.4925,29,33,normal,30.821988115774875,13,32.12813978296757,38.085268435163854,35,39.489358347298996,28.0,0,29.161049800141328,47.03003548747523,0,48.2950751646744,43.79800442850418,5,45.72308689142942,20.0,0,20.202506085894186,18.0,0,19.008553047576246,17.0,0,18.131251226255927
Madurai,6.062222222222222,3,44,normal,48.966707744846985,17,51.553404131799425,42.86713061014949,38,45.20835729162776,28.0,0,28.79909280049545,49.76319964741091,0,51.988455968680654,26.79408785599537,2,27.552906736581868,20.0,0,20.76647890361779,18.0,0,18.91087717986103,17.0,0,16.189591125833104
Dharmapuri,1.8308333333333333,49,51,rain,39.52700671836661,0,35.294051357363635,38.715080833617264,0,35.121831465750546,28.0,0,24.34248745090806,47.03003548747523,0,41.36912241036928,40.070630429811445,20,38.32392559824524,20.0,0,19.225557229522618,18.0,0,16.254375897879207,17.0,0,15.44488720185792
Pudukottai,14.948333333333334,56,54,rain,39.01988715770722,0,39.43685538526028,40.46523697096036,0,42.21157378081318,28.0,0,27.654040052948456,47.052339145013335,0,46.99390282070897,38.27290797059502,23,40.03678204587013,20.0,0,20.7935056035131,18.0,0,18.303936289412917,17.0,0,18.1558979108161
Tenkasi,2.717777777777778,43,4,normal,35.11028017839375,17,30.247544717958515,44.652961826854906,45,39.78570040391972,28.0,0,24.283421493920724,46.84848003316055,0,39.96104348817061,38.219946675145756,3,34.6164001560544,20.0,0,17.337663632310438,18.0,0,15.660167650035907,17.0,0,15.63327480721038
Trichy,11.636944444444444,38,13,weekend,31.29414501445612,6,30.38913260401503,39.572696871602524,8,37.99480549783788,28.0,0,28.879075816036135,43.72134429055531,38,45.25420722938631,40.05433803692343,0,39.58659058752772,20.0,0,19.96709779800782,18.0,0,18.33373496043798,17.0,0,16.839744480288445
Kanyakumari,3.691388888888889,41,29,rain,45.06764523389062,0,38.36260058153282,40.22596629886361,0,37.35862336005417,28.0,0,24.228571914566132,46.56479008021971,0,40.06905554079253,43.677871284269436,33,40.025251685574474,20.0,0,17.719142228461763,18.0,0,16.24203133318226,17.0,0,15.294751039689135
Virudhunagar,11.704166666666666,42,15,normal,40.22809075568417,9,39.28795314763147,44.41962434322648,37,43.661408908246855,28.0,0,27.427058563645964,40.43468399020969,0,39.95684729649354,29.218368644243697,9,29.09397304287451,20.0,0,20.813651540421223,18.0,0,18.867524869100357,17.0,0,15.710407819945107
Namakkal,8.698333333333334,41,54,rain,39.038209510948974,0,40.903491442703164,45.37250241583318,0,49.67120913076076,28.0,0,29.47639203252986,43.77988940216618,0,45.607909584973044,36.16769493281081,25,39.81187740901934,20.0,0,22.45769032848205,18.0,0,19.052758707727968,17.0,0,18.652940675582176
Cumbum,18.955555555555556,57,20,normal,40.76674865603148,18,43.37932332798504,49.15408934487722,37,52.27959580370525,28.0,0,30.157047389350033,41.388345997514556,0,44.69803271610381,47.691512153415324,4,51.85520104671849,20.0,0,21.319084919855843,18.0,0,19.62665549394576,17.0,0,17.913617269200223
Perambalur,22.657777777777778,39,28,normal,39.13605020386118,20,32.97397043578588,41.89461863201859,28,35.66063506760669,28.0,0,25.22062761613352,42.830884456520046,0,36.67519346494436,31.96351280649583,5,28.378760249444923,20.0,0,16.934817243476395,18.0,0,15.537535488405341,17.0,0,15.033226550837123
Coimbatore,5.418611111111112,25,7,normal,38.58726764809433,20,35.738912135119605,40.285698826583115,40,37.42860257882348,28.0,0,26.13393334493756,43.85765828683595,0,40.61803315810962,42.11676363644483,7,39.09563280657562,20.0,0,18.609822822428136,18.0,0,16.411875876386656,17.0,0,16.02774361222156
Coimbatore,5.9975000000000005,59,51,rain,41.177517902712644,0,38.87876073129545,39.925990881755276,0,39.034959771578436,28.0,0,25.900194539659935,43.85765828683595,0,40.251445827357024,48.59837205358705,26,47.35541316688827,20.0,0,18.603409595076837,18.0,0,16.71696957149388,17.0,0,16.843156852712195
Vellore,6.597777777777777,35,52,normal,46.98525613981706,17,48.416261940782846,44.916077602585744,39,47.61905369264592,28.0,0,29.264292065731162,48.19899329625811,0,49.88160839209727,35.09685323626527,7,36.06205331620711,20.0,0,20.678610778691496,18.0,0,17.82130571697597,17.0,0,17.47536645677248
Nagercoil,13.063055555555556,3,47,rain,38.0797699655937,0,37.571234415202376,42.3424347694493,0,43.3944425498219,28.0,0,27.48041217544286,43.54560165478784,0,41.96956202250275,35.29953219912303,24,36.89778524089835,20.0,0,20.32254229990597,18.0,0,17.700988613371397,17.0,0,16.926933732160677
Dindigul,8.168333333333333,10,6,weekend,40.589860157463335,10,43.245114045259655,40.43167877293759,10,42.58531738992297,28.0,0,30.713895403802074,39.642402141494664,38,43.430800607314154,46.122076154386654,1,48.93408485070457,20.0,0,20.620642352713265,18.0,0,20.190366390546544,17.0,0,18.846312070825114
Madurai,3.0675000000000003,4,3,normal,48.966707744846985,17,43.464613755164045,42.86713061014949,38,38.236886654498655,28.0,0,24.895604348033842,49.76319964741091,0,44.43334583101838,26.79408785599537,2,24.950543529189446,20.0,0,17.857816161814064,18.0,0,16.293352306053148,17.0,0,14.347647335111677
Trichy,8.771111111111113,46,16,normal,32.479306100110314,13,33.282165390970306,42.755118180850474,24,44.02260180831851,28.0,0,28.25397346777585,43.72134429055531,0,44.36526391782207,40.05433803692343,0,41.71056013669585,20.0,0,20.44502501545536,18.0,0,17.868571354745285,17.0,0,17.927594007417596
Ramanadhapuram,18.491111111111113,29,28,normal,45.10496819414156,16,49.12068386815026,46.28714749547341,32,50.27844063469384,28.0,0,30.437877581186083,47.605870671869134,0,51.95953502235394,37.96343974512072,5,40.15585709318488,20.0,0,22.112305113538316,18.0,0,18.900049998998515,17.0,0,18.01737345029614
Karur,22.89,53,24,normal,35.06662939339528,11,30.028050397387627,42.8568280809084,38,37.423071705781624,28.0,0,24.294274475267287,44.75094055807841,0,38.961156252602855,46.32712388343816,6,41.169160726196615,20.0,0,17.037050797274986,18.0,0,15.551354088468281,17.0,0,14.872686534426192
Tirunelveli,10.635555555555555,38,8,weekend,38.840222090008695,8,37.37216974916767,44.39081528207452,12,43.77902329558731,28.0,0,28.27287249243928,42.33256633042416,60,42.745172252748105,26.651075201973363,2,25.531585774520863,20.0,0,19.9588638999763,18.0,0,18.48765857141925,17.0,0,17.492220607970204
Pudukottai,5.533055555555555,31,59,rain,39.01988715770722,0,35.461830207397306,40.46523697096036,0,39.09636896583329,28.0,0,25.577475767594454,47.052339145013335,0,43.177143550842416,38.27290797059502,23,37.00652613175425,20.0,0,19.36895838159322,18.0,0,16.859747867919054,17.0,0,15.945715838624922
Pudukottai,17.997500000000002,59,51,rain,39.01988715770722,0,39.28220732986941,40.46523697096036,0,41.82769851206563,28.0,0,28.29315604858472,47.052339145013335,0,46.80017959015681,38.27290797059502,23,41.26484607774235,20.0,0,21.10416888226467,18.0,0,17.538969307049634,17.0,0,17.928339718359233
Tirunelveli,4.411666666666667,24,42,weekend,38.840222090008695,8,34.95985538776399,44.39081528207452,12,38.487497922532356,28.0,0,26.58419537705698,42.33256633042416,60,38.190619766455285,26.651075201973363,2,23.00782075574538,20.0,0,17.3912565064817,18.0,0,17.128180436992043,17.0,0,15.722341636824819
Viluppuram,1.1175,7,3,rain,33.60818520372628,0,30.55096640480326,39.0893211634705,0,36.58200246207097,28.0,0,25.133687003254323,42.84054514959321,0,38.1809843710227,34.04026235129214,24,32.42766531438375,20.0,0,17.996688743664887,18.0,0,16.36816695755585,17.0,0,15.813837468197427
Ramanadhapuram,15.1875,11,15,weekend,32.22203584783519,4,31.992872795840203,46.049332929064576,13,47.34642555158482,28.0,0,28.86531996289697,47.605870671869134,51,49.21981736721732,40.10648814684355,0,40.53288761124735,20.0,0,19.996542750519147,18.0,0,18.213943356771924,17.0,0,18.07813167653089
Coimbatore,17.899722222222223,53,59,normal,38.58726764809433,20,37.895781161326966,40.285698826583115,40,40.481288320389815,28.0,0,26.892256594412096,43.85765828683595,0,44.11592384144226,42.11676363644483,7,41.83398030322974,20.0,0,20.208621188284884,18.0,0,17.932620176515616,17.0,0,17.513302422189142
Bodi,6.352777777777778,21,10,weekend,26.71685653185835,12,28.05057245131802,41.07058006834765,11,44.346005281568075,28.0,0,31.32940831236246,46.312237496988104,54,50.8216839751692,29.595738987812993,2,30.77829048476902,20.0,0,20.530595199041937,18.0,0,20.22119914719266,17.0,0,18.70980059082429
Nagercoil,7.189166666666667,11,21,normal,39.39766977646993,14,41.87276546588668,41.701276778783054,39,43.23706342428824,28.0,0,29.347713457717795,43.54560165478784,0,45.453049875803714,30.462175083948065,3,31.82897783273653,20.0,0,20.182195788944295,18.0,0,19.459235831501363,17.0,0,17.430134605713363
Karur,19.474166666666665,28,27,rain,31.99517790958504,0,34.51068839951147,37.73247184428588,0,42.81978743849722,28.0,0,29.75910610453977,44.75094055807841,0,48.121491909990716,43.03240121394373,28,48.57886068944394,20.0,0,21.60058946988487,18.0,0,19.27043886646764,17.0,0,19.137052668838656
Trichy,5.284166666666667,17,3,rain,31.886725557283217,0,30.051726217256938,41.163907526226495,0,40.88176589921714,28.0,0,25.578266342872446,43.72134429055531,0,40.71537384155807,40.05433803692343,23,40.12913930602041,20.0,0,19.17895965709006,18.0,0,17.009389556046607,17.0,0,16.724742387189796
Trichy,14.828333333333333,49,42,weekend,31.29414501445612,6,30.825757512942076,39.572696871602524,8,38.591690420167865,28.0,0,29.364188118577527,43.72134429055531,38,44.744409360837956,40.05433803692343,0,40.16155871919131,20.0,0,20.356990478697128,18.0,0,18.72790803084311,17.0,0,16.49751810757762
Virudhunagar,8.400555555555556,24,2,weekend,48.47349620631729,2,50.65304762630419,33.93939787277466,11,36.785179499384526,28.0,0,30.522178814845546,40.43468399020969,49,44.30050977535514,39.087567533570414,2,40.949189236958865,20.0,0,21.243036882052824,18.0,0,20.25389740149022,17.0,0,19.352472579940518
Tirunelveli,13.5725,34,21,rain,39.232489486645534,0,37.751559358181346,41.38586655928871,0,42.45852259716026,28.0,0,27.093669381395035,42.33256633042416,0,40.8459237011478,40.88264477008581,27,41.773317853182306,20.0,0,20.600535232541215,18.0,0,17.124455489347636,17.0,0,17.251232150679705
Chennai,10.22,13,12,rain,38.69169460353284,0,37.84667219553722,40.29866117288363,0,41.65653236412195,28.0,0,27.961294079951426,46.755116111988286,0,46.38021056694665,41.59902003798844,29,43.55116587178129,20.0,0,20.735381484651853,18.0,0,17.97073618882143,17.0,0,17.768012004191505
Theni,3.593611111111111,35,37,normal,27.774389228803496,7,24.52974893497847,42.97994616938519,36,37.09442945465524,28.0,0,24.900419008333145,44.20381477073529,0,38.565077879596075,31.262434629525817,6,27.17702825928515,20.0,0,16.53024977428734,18.0,0,15.522399059301632,17.0,0,14.98604543112821
Ooty,15.249166666666666,14,57,weekend,23.42485009104321,7,23.99279190248905,42.15278264391995,13,42.76655650279731,28.0,0,29.856029046770324,46.91917691378848,45,49.595654390632234,49.23476274080344,2,49.922557286512514,20.0,0,20.46631384154195,18.0,0,18.815538555419344,17.0,0,18.07124181914941
Karur,19.76972222222222,46,11,normal,35.06662939339528,11,38.15932661166526,42.8568280809084,38,45.82966297196939,28.0,0,30.05340313262197,44.75094055807841,0,48.3967107278063,46.32712388343816,6,50.51725840876617,20.0,0,21.579920117111733,18.0,0,19.16362724049396,17.0,0,17.439299323916693
Tirunelveli,22.13,7,48,rain,39.232489486645534,0,35.34843549342532,41.38586655928871,0,39.07759897776084,28.0,0,24.56237162442412,42.33256633042416,0,38.28926094323614,40.88264477008581,27,38.119222764840714,20.0,0,18.66053377284765,18.0,0,16.020097330165335,17.0,0,15.873618236417665
Nagercoil,10.309444444444445,18,34,normal,39.39766977646993,14,39.225005880371874,41.701276778783054,39,40.75016746525409,28.0,0,27.267656243327416,43.54560165478784,0,43.390319256056806,30.462175083948065,3,30.418909611314785,20.0,0,19.771852037877018,18.0,0,18.052674892421745,17.0,0,16.596410774726362
Cumbum,6.307777777777778,18,28,weekend,29.471411633262974,8,31.14997710557264,47.57729861243491,11,49.98741297995541,28.0,0,29.619774637765154,41.388345997514556,43,44.74454201815501,40.83514733104723,2,42.23240609583221,20.0,0,21.456665439109855,18.0,0,18.931067849134852,17.0,0,19.175037079828236
Bodi,15.530277777777778,31,49,rain,35.24301855846298,0,34.871969476519915,43.08852707983893,0,45.21351115908433,28.0,0,27.611482435477523,46.312237496988104,0,46.22416630731719,45.086517299376204,27,47.78490794078063,20.0,0,20.251950079703906,18.0,0,18.22055715685889,17.0,0,17.98183865066892
Dharmapuri,13.549722222222222,32,59,weekend,48.232025320958336,7,47.35371466854725,39.34489323207067,15,39.50946325332382,28.0,0,28.55199196589072,47.03003548747523,42,47.308566327787815,23.21228698834546,2,23.688075739947706,20.0,0,19.98303854818169,18.0,0,18.385194569499152,17.0,0,17.226412354952156
Krishnagiri,8.194444444444445,11,40,weekend,22.021440552288443,5,23.053554789804927,33.98704088769471,17,35.80662514287754,28.0,0,30.463330716481522,43.91159023305815,59,48.223174729702734,48.179345098962024,2,50.20470110097978,20.0,0,20.329269560365695,18.0,0,20.477355284694283,17.0,0,18.2274247226524
Dindigul,14.534444444444444,32,4,weekend,40.589860157463335,10,41.32530608156272,40.43167877293759,10,40.476197993444906,28.0,0,30.124699825107445,39.642402141494664,38,41.633987126262745,46.122076154386654,1,45.821257590067475,20.0,0,19.832807876822542,18.0,0,19.135006562639887,17.0,0,18.21363861820014
Theni,21.128611111111113,7,43,rain,38.19004885214979,0,41.59298154291223,44.333205526315936,0,50.10775001309093,28.0,0,30.814432039158245,44.20381477073529,0,47.38864886216571,45.05616956083969,11,50.66624008913947,20.0,0,22.551777678739892,18.0,0,20.42518681098548,17.0,0,20.236837756007812
Coimbatore,20.58222222222222,34,56,rain,41.177517902712644,0,44.4778925294491,39.925990881755276,0,45.67299339232608,28.0,0,29.43698740129822,43.85765828683595,0,46.94854171320862,48.59837205358705,26,55.58169103711554,20.0,0,22.83310470487594,18.0,0,19.652440148660318,17.0,0,20.141600158994578
Namakkal,11.381944444444445,22,55,normal,46.000408795715074,17,46.33361000012408,47.500537005433976,36,47.64500524909253,28.0,0,27.52422812204776,43.77988940216618,0,42.81913381335324,29.12477557085127,4,29.110726370729452,20.0,0,18.80541511346717,18.0,0,18.363001395601696,17.0,0,16.774904796104003
Bodi,12.33888888888889,20,20,rain,35.24301855846298,0,34.29845306595678,43.08852707983893,0,44.26155557629159,28.0,0,28.552415838281878,46.312237496988104,0,45.272085827424576,45.086517299376204,27,47.03274306528107,20.0,0,20.28963611387538,18.0,0,18.1585964363773,17.0,0,17.764788277159997
Krishnagiri,2.9405555555555556,56,26,normal,34.05454940382103,17,30.139863381477458,39.82084190746941,37,35.71281922112016,28.0,0,24.732149294282763,43.91159023305815,0,38.23266134611773,32.33806041486693,7,28.27387952581949,20.0,0,17.17623657815969,18.0,0,16.61599735256639,17.0,0,14.732548965476568
Trichy,8.7,42,0,normal,32.479306100110314,13,33.237208356915794,42.755118180850474,24,45.03417816080942,28.0,0,28.320801749209345,43.72134429055531,0,45.05813274156737,40.05433803692343,0,41.66572178491229,20.0,0,21.897825131545314,18.0,0,18.344954647582696,17.0,0,16.647189977941483
Salem,22.246111111111112,14,46,rain,30.46411548521254,0,27.980473071587227,41.07025287760748,0,37.355657208576375,28.0,0,25.111860806146474,42.795009738268384,0,38.06088463220066,42.90399215480497,33,40.42971197318828,20.0,0,18.99790237045225,18.0,0,15.93331916544994,17.0,0,15.951862152421223
Vellore,21.87027777777778,52,13,rain,42.35626754079851,0,45.40604433464902,39.03979270045541,0,43.294142806533344,28.0,0,29.98998492444783,48.19899329625811,0,51.5523642772689,43.74006843805889,32,49.3669280994241,20.0,0,22.426488233968907,18.0,0,19.13499772114022,17.0,0,19.605212777312374
Namakkal,8.936111111111112,56,10,weekend,32.076010226182866,4,32.88858174891169,43.244467826232395,17,44.40287587679227,28.0,0,30.62083823737029,43.77988940216618,40,47.08772172592747,49.65261377539575,3,51.72213535513525,20.0,0,20.49308921073686,18.0,0,19.638148284830837,17.0,0,18.986058227684843
Tenkasi,2.408888888888889,24,32,weekend,39.97890079277373,6,34.7279792446395,33.21914342462593,16,29.202711883502495,28.0,0,25.678777947733227,46.84848003316055,60,42.98628813096233,27.704370543179156,1,24.801229864430955,20.0,0,17.97398451508187,18.0,0,16.560929467033617,17.0,0,15.359095925218691
Viluppuram,16.702222222222222,42,8,rain,33.60818520372628,0,32.57809585148919,39.0893211634705,0,40.51286853158975,28.0,0,28.61960872406108,42.84054514959321,0,42.913430646497055,34.04026235129214,24,35.929381398224734,20.0,0,21.933599543286583,18.0,0,18.781635463813508,17.0,0,17.735045914823672
Karur,13.545833333333333,32,45,normal,35.06662939339528,11,34.07850951324346,42.8568280809084,38,40.943804630229806,28.0,0,27.491138641397246,44.75094055807841,0,43.539643472048795,46.32712388343816,6,44.63656275455824,20.0,0,20.04777353993805,18.0,0,17.014874273466525,17.0,0,16.983986572822456
Virudhunagar,5.4225,25,21,weekend,48.47349620631729,2,44.414483213592526,33.93939787277466,11,31.529607563887268,28.0,0,26.870482677997572,40.43468399020969,49,38.28430979371875,39.087567533570414,2,36.67486186145894,20.0,0,18.917344352701722,18.0,0,17.96119486088702,17.0,0,16.395911199638533
Madurai,3.829722222222222,49,47,weekend,33.72574005744715,6,29.000564548745473,35.07288372339271,19,30.295375083400504,28.0,0,25.30864815748057,49.76319964741091,57,44.123968834132974,34.3616909478299,0,30.20607582341355,20.0,0,17.390523780419738,18.0,0,16.69616065844486,17.0,0,15.5940869968306
Perambalur,4.460555555555556,27,38,rain,39.947734156669284,0,34.62244780316824,40.604214214748886,0,37.297249666017095,28.0,0,24.63203645487782,42.830884456520046,0,37.75970868936538,47.42780520358114,28,43.42710458981138,20.0,0,18.868334884476617,18.0,0,15.545529055003362,17.0,0,15.301908475880644
Coimbatore,17.64527777777778,38,43,weekend,43.767768157330956,5,43.7913393779738,39.566282936927436,19,38.32439718375369,28.0,0,28.11049293664163,43.85765828683595,66,45.31115602649315,40.68923477348823,3,40.0147789822408,20.0,0,20.417018410201976,18.0,0,18.415875716053673,17.0,0,16.656181794236563
Perambalur,10.93888888888889,56,20,weekend,40.759418109477394,5,39.91545157245366,39.31380979747918,23,38.69228818371743,28.0,0,28.27050723223744,42.830884456520046,43,42.72569172393584,19.036711661493786,3,18.095730769717164,20.0,0,20.043229796052543,18.0,0,17.64890146878073,17.0,0,17.380571375704257
Madurai,18.723333333333333,43,24,normal,48.966707744846985,17,52.53317368721924,42.86713061014949,38,45.79803658514726,28.0,0,30.006371801915897,49.76319964741091,0,53.10436042566813,26.79408785599537,2,28.715924698310822,20.0,0,21.175447458958512,18.0,0,19.2863846391207,17.0,0,17.942256381733344
Trichy,5.650833333333334,39,3,normal,32.479306100110314,13,30.16369244560377,42.755118180850474,24,39.24741872740874,28.0,0,25.50758537775875,43.72134429055531,0,40.25308992252933,40.05433803692343,0,36.70243693537432,20.0,0,18.73215263758535,18.0,0,16.09971912258966,17.0,0,14.973170892332512
Karur,1.7147222222222223,42,53,rain,31.99517790958504,0,28.510783051240267,37.73247184428588,0,35.07447698146068,28.0,0,24.549516838501447,44.75094055807841,0,39.01344184131576,43.03240121394373,28,40.41676655122305,20.0,0,18.5608285573541,18.0,0,15.391087897717442,17.0,0,14.855669931902444
Ramanadhapuram,21.244722222222222,14,41,rain,38.663502020988375,0,41.56070088900242,46.168240212269,0,52.043389292888996,28.0,0,30.752202380342702,47.605870671869134,0,52.10697104941466,42.24953654856638,22,48.10371241972012,20.0,0,22.98180506933507,18.0,0,19.670076215588086,17.0,0,19.693298353755367
Kanyakumari,12.29,17,24,weekend,49.216612829768266,1,48.298993859409165,39.23145357341949,16,38.95943168993292,28.0,0,28.012146121841056,46.56479008021971,54,47.61337338301521,41.863832915295156,0,40.47994291558102,20.0,0,19.220700716249635,18.0,0,18.812765188766715,17.0,0,17.388493565239834
Viluppuram,22.01388888888889,0,50,rain,33.60818520372628,0,29.807310543729326,39.0893211634705,0,36.43580066146409,28.0,0,24.506074329788383,42.84054514959321,0,37.55282754770164,34.04026235129214,24,32.00906327990469,20.0,0,17.781311202334606,18.0,0,15.373230987244332,17.0,0,15.6438351724766
Namakkal,11.239722222222222,14,23,normal,46.000408795715074,17,43.94743775576918,47.500537005433976,36,47.37644446080562,28.0,0,28.142944938963396,43.77988940216618,0,43.98708043399897,29.12477557085127,4,28.68971959485102,20.0,0,19.12497764832776,18.0,0,17.54718424911118,17.0,0,16.755804844755378
Nagercoil,19.54138888888889,32,29,weekend,36.76187015471747,8,39.20610481735629,42.983592760115535,16,45.79530269601427,28.0,0,30.947744566031602,43.54560165478784,44,47.88653799985934,22.49218157320404,4,23.75873268870397,20.0,0,22.10075813864283,18.0,0,19.962205330410406,17.0,0,19.257983859756813
Cumbum,15.5975,35,51,weekend,29.471411633262974,8,29.414834672199817,47.57729861243491,11,47.20922951693862,28.0,0,29.338417047772328,41.388345997514556,43,43.19417610341006,40.83514733104723,2,40.78087137267936,20.0,0,19.6146876998833,18.0,0,18.75055837371454,17.0,0,17.62223104467241
Bodi,15.459166666666667,27,33,rain,35.24301855846298,0,35.07970834667294,43.08852707983893,0,45.105449283635565,28.0,0,27.63159906113225,46.312237496988104,0,46.39099269095566,45.086517299376204,27,47.011414157096446,20.0,0,20.393167549361344,18.0,0,17.377519642747547,17.0,0,17.88065118457307
Theni,21.169722222222223,10,11,weekend,48.60570847549609,10,53.31698388964507,45.686464883246686,15,50.19199483519273,28.0,0,32.137018445436915,44.20381477073529,45,51.02989162433221,27.297359059343346,1,29.5222604550167,20.0,0,21.40859065964899,18.0,0,19.984394731040716,17.0,0,19.7542568476012
Kanyakumari,15.535833333333333,32,9,weekend,49.216612829768266,1,49.54272447303113,39.23145357341949,16,38.61473187781875,28.0,0,28.54948281654197,46.56479008021971,54,49.38521445534305,41.863832915295156,0,41.45288386768258,20.0,0,20.30368370721229,18.0,0,18.437839777886296,17.0,0,17.74131656765989
Salem,16.11777777777778,7,4,weekend,29.93637876614546,8,30.37778011851671,35.6293468389831,15,36.75507408115512,28.0,0,29.17312590763433,42.795009738268384,52,44.929558490423375,32.0154388677313,4,31.819808572208817,20.0,0,20.06942441463205,18.0,0,20.106867897758857,17.0,0,18.245929564325216
Cumbum,15.780833333333334,46,51,normal,40.76674865603148,18,40.7785373392587,49.15408934487722,37,48.64147923523932,28.0,0,28.174976786607456,41.388345997514556,0,41.56205634286182,47.691512153415324,4,48.43882732018438,20.0,0,20.869882064589927,18.0,0,17.493948273157116,17.0,0,16.896543311111614
Perambalur,22.22,13,12,rain,39.947734156669284,0,35.404349820140816,40.604214214748886,0,38.53202724293215,28.0,0,24.32765853772829,42.830884456520046,0,37.7597573382628,47.42780520358114,28,44.53905657549953,20.0,0,19.246951033457567,18.0,0,15.033708958764736,17.0,0,16.509568583997833
Salem,13.12638888888889,7,35,normal,30.991852204279624,15,31.02120371419611,46.51115891623186,37,45.27768832930786,28.0,0,26.55800444469211,42.795009738268384,0,42.365003480540295,39.490013090154434,3,38.515041269147936,20.0,0,18.8372802691418,18.0,0,17.59443060849504,17.0,0,17.23808109651644
Dindigul,8.310555555555556,18,38,weekend,40.589860157463335,10,42.23395122926289,40.43167877293759,10,41.77947085620407,28.0,0,30.553339448007407,39.642402141494664,38,42.87614323242656,46.122076154386654,1,48.016873866983126,20.0,0,21.24621476375227,18.0,0,19.052272885337402,17.0,0,18.080135612436706
Namakkal,2.528888888888889,31,44,rain,39.038209510948974,0,34.57009907171127,45.37250241583318,0,41.92954653347815,28.0,0,25.156434279874514,43.77988940216618,0,38.42099114421152,36.16769493281081,25,33.378041254802014,20.0,0,19.223814751734785,18.0,0,16.543384548109433,17.0,0,15.678060254993003
Tirunelveli,10.818888888888889,49,8,normal,39.624756883282366,19,38.603588204376024,38.380917836502896,36,37.55379446626463,28.0,0,28.014614991318297,42.33256633042416,0,41.26276790993153,44.56365019926856,7,43.915673633545396,20.0,0,19.91180680120575,18.0,0,17.505011569419892,17.0,0,16.204925440220464
Vellore,6.3566666666666665,21,24,rain,42.35626754079851,0,44.3726653645588,39.03979270045541,0,42.86509539724192,28.0,0,29.39512810593908,48.19899329625811,0,50.52547903619965,43.74006843805889,32,47.793240420230866,20.0,0,21.94711880933271,18.0,0,19.564310317286115,17.0,0,18.68725931124031
Dharmapuri,1.1975,11,51,normal,30.821988115774875,13,27.9264436747884,38.085268435163854,35,34.46253075032594,28.0,0,25.423513139733945,47.03003548747523,0,41.70036712564187,43.79800442850418,5,38.95646486885883,20.0,0,18.16081566111929,18.0,0,16.21725226258247,17.0,0,14.972771125593495
Nagercoil,13.484166666666665,29,3,normal,39.39766977646993,14,38.33963769880872,41.701276778783054,39,41.257170639483064,28.0,0,28.418999767616057,43.54560165478784,0,43.905268095495394,30.462175083948065,3,29.307275314683338,20.0,0,19.572947135999375,18.0,0,17.293742864227667,17.0,0,17.21733340760558
Theni,6.585,35,6,weekend,48.60570847549609,10,50.78185438506247,45.686464883246686,15,48.61100006753346,28.0,0,30.505856590017117,44.20381477073529,45,47.93870621259753,27.297359059343346,1,28.49259743393601,20.0,0,20.217987491333375,18.0,0,19.895686395196776,17.0,0,17.28361136794858
Virudhunagar,14.766666666666667,46,0,weekend,48.47349620631729,2,48.19096254586669,33.93939787277466,11,34.23613392569005,28.0,0,29.14757818956635,40.43468399020969,49,41.40807176895751,39.087567533570414,2,39.9027085216892,20.0,0,20.544086754513092,18.0,0,18.239494911419815,17.0,0,18.160043441436084
Chennai,7.5375,32,15,normal,39.304323934908425,15,40.36185355876003,39.433081213781136,32,41.56801708988638,28.0,0,29.373810971051046,46.755116111988286,0,48.57008967923518,26.618243730497205,4,27.282371785374337,20.0,0,20.3701116599509,18.0,0,18.439130771872556,17.0,0,17.8874087215448
Virudhunagar,20.00722222222222,0,26,weekend,48.47349620631729,2,52.30165587616286,33.93939787277466,11,36.28549124302616,28.0,0,31.627292138992303,40.43468399020969,49,45.384052053423346,39.087567533570414,2,41.826734453122405,20.0,0,21.94194919467432,18.0,0,20.198960567959848,17.0,0,19.063377667001678
Ooty,9.825277777777778,49,31,rain,28.58909578998705,0,30.364059839835985,44.26338884162844,0,48.097462233128105,28.0,0,28.7759412215601,46.91917691378848,0,48.70294473879049,41.97774609884506,23,45.0755128816431,20.0,0,21.596586880259125,18.0,0,19.088212742628926,17.0,0,17.444470482309722
Ramanadhapuram,0.40611111111111114,24,22,weekend,32.22203584783519,4,28.57250191618705,46.049332929064576,13,41.175647502684384,28.0,0,25.377883533737624,47.605870671869134,51,42.64010561135444,40.10648814684355,0,34.91008447127349,20.0,0,17.13869541469313,18.0,0,16.835421697525195,17.0,0,14.364487754272748
Tirunelveli,7.657500000000001,39,27,weekend,38.840222090008695,8,39.8635885248993,44.39081528207452,12,45.39319420369907,28.0,0,30.359799249742007,42.33256633042416,60,44.9021235376602,26.651075201973363,2,27.483081592351915,20.0,0,20.88324257232208,18.0,0,18.533647762847895,17.0,0,17.79758322493931
Chennai,22.755555555555556,45,20,rain,38.69169460353284,0,32.56291952000825,40.29866117288363,0,36.319375184657545,28.0,0,23.908598947869333,46.755116111988286,0,40.52036089076043,41.59902003798844,29,38.81918446459998,20.0,0,18.312440250964183,18.0,0,15.17068902587798,17.0,0,15.47863769645391
Trichy,2.292777777777778,17,34,weekend,31.29414501445612,6,28.099488959966106,39.572696871602524,8,35.02460952443427,28.0,0,25.788855381062213,43.72134429055531,38,40.27601234042928,40.05433803692343,0,34.63560589697629,20.0,0,17.851066941964593,18.0,0,16.61552580693479,17.0,0,16.026273916916892
Dharmapuri,10.287222222222223,17,14,weekend,48.232025320958336,7,48.024552365040805,39.34489323207067,15,39.114808385050644,28.0,0,28.398583506921877,47.03003548747523,42,48.00164749367611,23.21228698834546,2,23.63613353965005,20.0,0,19.73374005066591,18.0,0,19.274824756692688,17.0,0,17.27571435187016
Tenkasi,11.640833333333333,38,27,rain,37.54459048558374,0,36.268214127827584,38.936052625740416,0,38.88875209978486,28.0,0,27.054396585296132,46.84848003316055,0,45.86520142845415,43.719207655035106,20,43.84258923882426,20.0,0,20.2003608310387,18.0,0,17.23462934988603,17.0,0,16.94995544357566
Kanyakumari,12.36111111111111,21,40,weekend,49.216612829768266,1,48.603560006900814,39.23145357341949,16,38.752745266799366,28.0,0,28.351080216072745,46.56479008021971,54,48.0148636075622,41.863832915295156,0,42.51477514281558,20.0,0,19.53063384524926,18.0,0,18.47048458659612,17.0,0,17.213381430995575
Chennai,4.488333333333333,29,18,normal,39.304323934908425,15,34.97572380379883,39.433081213781136,32,34.68855269807604,28.0,0,24.49276489988018,46.755116111988286,0,41.063362182535776,26.618243730497205,4,23.50546821250845,20.0,0,17.863297094857963,18.0,0,15.377287131596582,17.0,0,14.479156664568354
Viluppuram,16.06888888888889,4,8,normal,32.311841906357756,18,32.8199105511745,42.33646153154534,37,43.624779514000785,28.0,0,28.31030152157339,42.84054514959321,0,42.77818513901785,27.330810800132806,3,26.734013093007928,20.0,0,20.47112452445273,18.0,0,17.754683322207104,17.0,0,17.52775079402944
Pudukottai,2.5961111111111115,35,46,weekend,37.86154046215629,6,33.54954161886421,38.300311465939544,20,32.986362992826564,28.0,0,25.172671678929,47.052339145013335,50,41.79942266743923,28.41956323712548,3,23.916820187408838,20.0,0,18.33216959918279,18.0,0,17.339131311596994,17.0,0,15.532043777338915
Ramanadhapuram,12.758333333333333,45,30,rain,38.663502020988375,0,37.92439343215448,46.168240212269,0,46.77035671822182,28.0,0,27.49364869076377,47.605870671869134,0,45.601730429469235,42.24953654856638,22,43.84260647140941,20.0,0,20.57760662154057,18.0,0,17.5544728317966,17.0,0,17.273394770143128
Ramanadhapuram,21.61138888888889,36,41,normal,45.10496819414156,16,48.5614799707802,46.28714749547341,32,50.129954020584776,28.0,0,29.46977973443359,47.605870671869134,0,50.75675415283035,37.96343974512072,5,40.70393903537045,20.0,0,21.33677045409441,18.0,0,19.66288606814257,17.0,0,19.75370730996939
Tenkasi,11.936388888888889,56,11,normal,35.11028017839375,17,33.577139792617224,44.652961826854906,45,43.66530615357976,28.0,0,27.109924621508757,46.84848003316055,0,45.73553631875586,38.219946675145756,3,36.74569744740161,20.0,0,19.722339751168256,18.0,0,18.073603965197655,17.0,0,17.363008262896376
Namakkal,23.704166666666666,42,15,normal,46.000408795715074,17,39.3276250180021,47.500537005433976,36,41.50607843937581,28.0,0,24.763513272774546,43.77988940216618,0,37.9896436463027,29.12477557085127,4,25.53877979209632,20.0,0,17.6800229165426,18.0,0,15.632670453172697,17.0,0,14.353989969087824
Trichy,5.229722222222223,13,47,rain,31.886725557283217,0,30.474508540017144,41.163907526226495,0,40.836752852830436,28.0,0,25.982925731110477,43.72134429055531,0,40.645470488574325,40.05433803692343,23,39.14072372813476,20.0,0,19.599464718027857,18.0,0,16.36153476358894,17.0,0,17.024784946071687
Ramanadhapuram,9.750277777777777,45,1,weekend,32.22203584783519,4,32.233626265573726,46.049332929064576,13,47.17577685683203,28.0,0,30.8605460703415,47.605870671869134,51,50.816646421589084,40.10648814684355,0,41.78856952283619,20.0,0,21.21692060946934,18.0,0,20.056153568099493,17.0,0,18.2221355350637
